epoch,train_loss,val_dice,val_iou,val_precision,val_recall,val_f1,val_accuracy,val_hausdorff,val_hausdorff_95,val_fp_per_volume,val_fp_per_image,val_ap,val_mAP,lr
1,0.48840569160305536,1.6379859728192608e-10,1.6379859728192608e-10,1.3091655985782051e-09,2.396367623566867e-10,7.442040119524855e-13,0.9937949180603027,318.0535659790039,294.51787919264575,0.00037870040306678187,0.00037870040306678187,0.006277688700020707,0.0,0.0002
2,0.3360323223930139,2.1577396013101774e-10,2.1577396013101774e-10,9.375685732056109e-09,2.396367623566867e-10,4.482498815570677e-12,0.9941141238579383,316.61561291034405,292.8849839430589,5.9494605431189906e-05,5.9494605431189906e-05,0.0066774649139216095,0.0,0.0004
3,0.21479239157186106,2.396367623566867e-10,2.396367623566867e-10,1.0,2.396367623566867e-10,4.792730684810992e-10,0.9941736184633695,572.656982421875,572.656982421875,0.0,0.0,0.01195360113510665,0.0,0.0006
4,0.12914276896761015,2.396367623566867e-10,2.396367623566867e-10,1.0,2.396367623566867e-10,4.792730684810992e-10,0.9941736184633695,572.656982421875,572.656982421875,0.0,0.0,0.005807849428003045,0.0,0.0008
5,0.08226076355920388,2.396367623566867e-10,2.396367623566867e-10,1.0,2.396367623566867e-10,4.792730684810992e-10,0.9941736184633695,572.656982421875,572.656982421875,0.0,0.0,0.010793787953132307,0.0,0.001
6,0.06154290633276105,2.396367623566867e-10,2.396367623566867e-10,1.0,2.396367623566867e-10,4.792730684810992e-10,0.9941736184633695,572.656982421875,572.656982421875,0.0,0.0,0.06059353922634395,0.0,0.0009909954834128342
7,0.050991607220986716,2.396367623566867e-10,2.396367623566867e-10,1.0,2.396367623566867e-10,4.792730684810992e-10,0.9941736184633695,572.656982421875,572.656982421875,0.0,0.0,0.17065582584434827,0.0,0.000989193491307027
8,0.04236079080818364,2.396367623566867e-10,2.396367623566867e-10,1.0,2.396367623566867e-10,4.792730684810992e-10,0.9941736184633695,572.656982421875,572.656982421875,0.0,0.0,0.22850256940784255,0.00570009620143817,0.000987391134388305
9,0.03815999568010179,2.396367623566867e-10,2.396367623566867e-10,1.0,2.396367623566867e-10,4.792730684810992e-10,0.9941736184633695,572.656982421875,572.656982421875,0.0,0.0,0.26451640821322026,0.001853962787068807,0.0009855884118426005
10,0.03586397555549271,2.396367623566867e-10,2.396367623566867e-10,1.0,2.396367623566867e-10,4.792730684810992e-10,0.9941736184633695,572.656982421875,572.656982421875,0.0,0.0,0.15288258903373075,0.004191715843402422,0.0009837853228523705
11,0.03269291735397509,2.396367623566867e-10,2.396367623566867e-10,1.0,2.396367623566867e-10,4.792730684810992e-10,0.9941736184633695,572.656982421875,572.656982421875,0.0,0.0,0.1894779079946322,0.004166525143843431,0.0009819818665965754
12,0.03207677432622474,2.396367623566867e-10,2.396367623566867e-10,1.0,2.396367623566867e-10,4.792730684810992e-10,0.9941736184633695,572.656982421875,572.656982421875,0.0,0.0,0.29974195330760267,0.011538372876552435,0.0009801780422506556
13,0.030567120689039048,2.396367623566867e-10,2.396367623566867e-10,1.0,2.396367623566867e-10,4.792730684810992e-10,0.9941736184633695,572.656982421875,572.656982421875,0.0,0.0,0.33654384236209667,0.03502176716350592,0.0009783738489865113
14,0.029485882461393394,2.396367623566867e-10,2.396367623566867e-10,1.0,2.396367623566867e-10,4.792730684810992e-10,0.9941736184633695,572.656982421875,572.656982421875,0.0,0.0,0.23519625672354147,0.001935354075752772,0.000976569285972478
15,0.029334561720203895,2.396367623566867e-10,2.396367623566867e-10,1.0,2.396367623566867e-10,4.792730684810992e-10,0.9941736184633695,572.656982421875,572.656982421875,0.0,0.0,0.3507860927515699,0.035241267715509124,0.0009747643523733044
16,0.027559300078652225,2.396367623566867e-10,2.396367623566867e-10,1.0,2.396367623566867e-10,4.792730684810992e-10,0.9941736184633695,572.656982421875,572.656982421875,0.0,0.0,0.2665239405961564,0.024691027230941333,0.0009729590473501306
17,0.025060101246568732,2.396367623566867e-10,2.396367623566867e-10,1.0,2.396367623566867e-10,4.792730684810992e-10,0.9941736184633695,572.656982421875,572.656982421875,0.0,0.0,0.3370074409669122,0.028695551248697135,0.0009711533700604632
18,0.026724908388971996,2.396367623566867e-10,2.396367623566867e-10,1.0,2.396367623566867e-10,4.792730684810992e-10,0.9941736184633695,572.656982421875,572.656982421875,0.0,0.0,0.26464493061017097,0.021880080350316487,0.0009693473196581535
19,0.0256379244920726,2.396367623566867e-10,2.396367623566867e-10,1.0,2.396367623566867e-10,4.792730684810992e-10,0.9941736184633695,572.656982421875,572.656982421875,0.0,0.0,0.28436615564088297,0.04229792350759873,0.0009675408952933734
20,0.027079430261017896,2.396367623566867e-10,2.396367623566867e-10,1.0,2.396367623566867e-10,4.792730684810992e-10,0.9941736184633695,572.656982421875,572.656982421875,0.0,0.0,0.26095273434419564,0.017694608236734684,0.0009657340961125918
21,0.02939883969688358,2.396367623566867e-10,2.396367623566867e-10,1.0,2.396367623566867e-10,4.792730684810992e-10,0.9941736184633695,572.656982421875,572.656982421875,0.0,0.0,0.272999238918496,0.025750273981919654,0.0009639269212585509
22,0.025289925813782387,2.396367623566867e-10,2.396367623566867e-10,1.0,2.396367623566867e-10,4.792730684810992e-10,0.9941736184633695,572.656982421875,572.656982421875,0.0,0.0,0.39923131982616794,0.042986710054370075,0.0009621193698702417
23,0.024669891921803355,2.396367623566867e-10,2.396367623566867e-10,1.0,2.396367623566867e-10,4.792730684810992e-10,0.9941736184633695,572.656982421875,572.656982421875,0.0,0.0,0.3791369929229124,0.03570807796831314,0.0009603114410828803
24,0.023442328101597153,2.396367623566867e-10,2.396367623566867e-10,1.0,2.396367623566867e-10,4.792730684810992e-10,0.9941736184633695,572.656982421875,572.656982421875,0.0,0.0,0.41576249081449884,0.05824026365119677,0.0009585031340278833
25,0.02265308792881954,2.396367623566867e-10,2.396367623566867e-10,1.0,2.396367623566867e-10,4.792730684810992e-10,0.9941736184633695,572.656982421875,572.656982421875,0.0,0.0,0.41502682240948513,0.06079634465277195,0.0009566944478328421
26,0.02231519094381768,0.016059732531328644,0.008996492346844161,0.9025104162437547,0.009152367248410192,0.016059716988123376,0.9941837787628174,479.91934086726263,475.0735939832834,2.004550053523137e-05,2.004550053523137e-05,0.41599927534899994,0.07542385562108113,0.0009548853816214997
27,0.023237669146440636,0.4498611307840647,0.3263411399043089,0.5934510420934633,0.440867792367387,0.44986075854416185,0.9956185634319599,145.22179302802454,89.10943045982948,0.0012867450714111328,0.0012867450714111328,0.4646648160300034,0.0795462247557365,0.0009530759345137246
28,0.020823041384574026,0.44709337469612,0.3221837380241069,0.5585906269066985,0.4657779011248963,0.4470930033761171,0.9953851516430194,124.51866689095131,75.45151285941785,0.0020400377420278695,0.0020400377420278695,0.4938694594714504,0.07207532556584248,0.0009512661056254851
29,0.021436217093231298,0.37979826756006957,0.27267073238301515,0.5291241215115557,0.43326915939786514,0.3797979417579424,0.9950885772705078,174.90909792826727,115.6611077785492,0.0025509320772611178,0.0025509320772611178,0.4438953134774168,0.07303123147441791,0.0009494558940688246
30,0.020877214945637837,0.3166662009330956,0.22054335492574856,0.865043601164451,0.26377620107119504,0.3166659466431809,0.9956016907325158,284.2277782880343,237.22054597964654,0.00045805711012620194,0.00045805711012620194,0.43692602664053154,0.0550440029742626,0.0009476452989518352
31,0.021259958757302508,0.42851397899965904,0.31607003850057797,0.3943773444774464,0.5294000950392872,0.4285136147475105,0.9949672955733079,117.07951310964731,65.39261740904588,0.0028649660257192757,0.0028649660257192757,0.4513743383767388,0.09685162368875283,0.000945834319378632
32,0.019351872843869317,0.4269439598709726,0.3148727808741804,0.6865383767756749,0.3833732996109274,0.4269436432234128,0.9959329641782321,145.9399262391604,95.7830204138389,0.000701757577749399,0.000701757577749399,0.5318852745918915,0.09361909587795918,0.000944022954449327
33,0.01962619892303617,0.39534745209899336,0.29286728414612584,0.6902120584435709,0.3950311835568768,0.3953471736815739,0.995898045026339,207.7146703646733,162.0922075326626,0.001264333724975586,0.001264333724975586,0.47120221212613755,0.09124634586847745,0.0009422112032600019
34,0.020062397149069093,0.13486305470421417,0.08524241846462002,0.9311305032326624,0.08809431301980358,0.1348629409012941,0.9950623145470252,364.59412813186646,323.36651493952826,7.979686443622295e-05,7.979686443622295e-05,0.5012667592549965,0.076304930047347,0.0009403990649026824
35,0.01895023178971874,0.20127077226516296,0.14071024432695978,0.8635448047796909,0.15043032837162296,0.2012706164067063,0.9956775995401236,295.6868062752944,272.535113132917,0.00025435594411996694,0.00025435594411996694,0.40786718864936017,0.05232912631562123,0.0009385865384653104
36,0.019177205556143936,0.450830997407379,0.3385360534757948,0.4401436930951802,0.5588265922028423,0.45083063437941306,0.9952183136573205,122.07542652350206,65.18442431780008,0.0028622700617863582,0.0028622700617863582,0.4857312075865383,0.09950775438203262,0.0009367736230317175
37,0.018858900472808342,0.3949723504529175,0.2946714929646009,0.6762564315418675,0.40435464798145804,0.3949720409104703,0.995874074789194,182.0308131621434,136.49761309990515,0.0013158137981708234,0.0013158137981708234,0.4522416239702719,0.0868752899651344,0.0009349603176815974
38,0.018843013246973548,0.3940392239701836,0.29643950202665387,0.7033584170305544,0.3568394205630043,0.39403893193288,0.9963320218599759,154.19956955542932,98.12627194477962,0.0006680488586425781,0.0006680488586425781,0.4993014791174434,0.1150953583419323,0.0009331466214904777
39,0.018762190306845766,0.39656553315329796,0.2959882865585538,0.5903047826731871,0.4517840276373094,0.3965652332089978,0.9956785165346586,174.7432557802934,113.177597623605,0.0021217786348783053,0.0021217786348783053,0.47193846819349206,0.08530098257156518,0.0009313325335296929
40,0.019023931784501586,0.2300381137343049,0.1614563197330175,0.9066240397783426,0.1726819084601868,0.2300379316955007,0.9956507316002479,295.71942494465753,258.71570708201483,0.00016170281630295975,0.00016170281630295975,0.5117207448929548,0.08943080615538818,0.0009295180528663554
41,0.01738087619574239,0.35206735489127156,0.25999488048146346,0.691767288218222,0.33279437432857467,0.35206706057374176,0.995656838783851,217.2012499662546,164.35021718648764,0.0012274338648869442,0.0012274338648869442,0.45432727784366134,0.08758189070683259,0.0009277031785633282
42,0.015737282779390134,0.37043679240766636,0.2787990933667239,0.8333715601609304,0.34296989251320187,0.37043651695359203,0.9964415660271277,214.2393459906945,176.412658232909,0.0008209118476280799,0.0008209118476280799,0.5435754725387176,0.10277722217142582,0.0009258879096791951
43,0.016480804703090914,0.41534834118072056,0.30974509856533944,0.5506914145674778,0.5056144179804865,0.41534802191831005,0.9951861821688138,115.93315150187566,69.17852199994601,0.002761363983154297,0.002761363983154297,0.49459522292734337,0.09512038958760408,0.0009240722452682321
44,0.014866852510469751,0.46207911289420295,0.34519345894650805,0.6311583100603178,0.5216174220700107,0.46207874757555867,0.9958820159618671,138.7605826487908,86.80700319546919,0.0020979917966402494,0.0020979917966402494,0.5603474303542708,0.1046820323054607,0.0009222561843803788
45,0.0183870601937927,0.3454877133223674,0.2487706714410422,0.7673963769644291,0.2845862887975646,0.34548744394626885,0.9962906287266657,209.21654323431162,162.257283274944,0.0004977996532733624,0.0004977996532733624,0.4598738967190282,0.06832539433470139,0.0009204397260612089
46,0.016705528100898776,0.25028122384139323,0.17429003095507392,0.9470824003219604,0.18394340550780067,0.25028103635221216,0.9955663130833552,295.7958248578585,271.2985548056089,0.00010607792780949519,0.00010607792780949519,0.5023568513301703,0.08003984936154805,0.0009186228693518994
47,0.01707316091275201,0.430389758221294,0.3144181152137545,0.5637065982015543,0.541451423777472,0.43038941479738985,0.9944072870107797,170.95939959012546,127.04707380441519,0.003778659380399264,0.003778659380399264,0.49876766661719346,0.09942514105485036,0.0009168056132892021
48,0.015348131992281057,0.465315516739805,0.3381037247840823,0.4643519734627017,0.6091139791997009,0.4653151342504171,0.9944627651801476,106.5140984241779,67.8100094978626,0.004005028651310847,0.004005028651310847,0.5291568905477806,0.08763820849932157,0.0009149879569054125
49,0.016335197110982753,0.5032113101080636,0.37428712154575294,0.6947590542527345,0.5008195843294839,0.5032109243719629,0.9963607971484845,145.45658111572266,87.68344123546893,0.0013586741227370042,0.0013586741227370042,0.5793164478471646,0.10755427196048774,0.0009131698992283396
50,0.014512605730068082,0.3786595609886317,0.28501423799236836,0.7638197589964778,0.3394923500682481,0.37865929137813104,0.9963066211113563,164.07008519539465,115.4326386818519,0.000642996567946214,0.000642996567946214,0.5365675802705272,0.1030405775572245,0.0009113514392812751
51,0.01582745295420934,0.37728304432361137,0.28225406698395394,0.8002300812716256,0.34697760250391974,0.377282766801752,0.9960775925562932,216.92033558625442,171.11203908920288,0.0009041382716252253,0.0009041382716252253,0.5471424428637874,0.1063128997786687,0.0009095325760829623
52,0.014305976568721235,0.38552168142796983,0.2865184014164627,0.7172841899744286,0.3777576216764863,0.3855213858519059,0.9956363898057204,216.846284866333,173.26778553082391,0.0016101690439077525,0.0016101690439077525,0.506826024215955,0.09723309928981158,0.0009077133086475646
53,0.014874738616456922,0.4222507096388016,0.31801275388568323,0.7622069838398602,0.39145411299718513,0.4222503840846756,0.9961484395540677,199.12688323167654,148.6028514275184,0.001187746341411884,0.001187746341411884,0.5443686293007816,0.10552095349591512,0.0009058936359846345
54,0.01488482500336921,0.3507508094143615,0.2608096253779278,0.8640780930605043,0.29797789464208935,0.35075056125858795,0.9962533804086539,241.18954851077154,193.6835559423153,0.0004027990194467398,0.0004027990194467398,0.5597394457839143,0.10805455838831571,0.0009040735570990808
55,0.013960953790676566,0.4981929037664232,0.3754045157306258,0.7001030190149322,0.4953841163273331,0.49819252516747714,0.9962892532348633,136.034573665032,83.2990624812933,0.0016807042635404146,0.0016807042635404146,0.595971659793017,0.14165885402606085,0.0009022530709911372
56,0.013502288517954115,0.3984197753310061,0.30278007604006973,0.7820093345270003,0.3724122000145782,0.39841949410894595,0.9964983096489539,220.78803845552298,172.2296253992961,0.0010645756354698767,0.0010645756354698767,0.5976828449907211,0.13493127203904665,0.0009004321766563289
57,0.013820101023436738,0.49438707428491757,0.37184186256571183,0.707029581731279,0.46624353290348053,0.4943867167489965,0.9966154648707464,120.7653288107652,67.18799313215109,0.0011917994572566105,0.0011917994572566105,0.6258015432395041,0.1372979009667268,0.0008986108730854411
58,0.013857308934138227,0.5372734055868696,0.4096536783229262,0.6213446629162018,0.6002635078053337,0.5372730005704415,0.9958921212416428,133.76789210392877,71.65426220343663,0.0024466147789588342,0.0024466147789588342,0.5945766974383822,0.14104315022436473,0.0008967891592644846
59,0.013593521266907023,0.37096325998017776,0.2789230325540692,0.9013118354173807,0.313844975549214,0.3709629999749975,0.9961964533879206,222.27119240394006,181.1526665183214,0.00032791724571814906,0.00032791724571814906,0.5771627648948476,0.12482976526595078,0.0008949670341746629
60,0.013016604876611382,0.53110426761366,0.4030051157983006,0.590746845389302,0.6367823666138721,0.5311038878539065,0.9954430690178504,118.21136927604675,67.51544492061322,0.0028733290158785307,0.0028733290158785307,0.605251665871877,0.15697926225570533,0.0008931444967923387
61,0.013385628681414975,0.38120443462724973,0.28490773476632847,0.8849094670552474,0.31374894085384436,0.38120416414224373,0.9964548807877761,235.89043138577387,189.1546244254479,0.00033818758451021637,0.00033818758451021637,0.6105573500793141,0.12168240604492334,0.0008913215460889999
62,0.01375063576359445,0.48136822090963727,0.3647397207781769,0.6958459093409495,0.4933626297917941,0.48136788861890906,0.9962634490086482,176.49064940672653,125.5118998655906,0.0013855237227219802,0.0013855237227219802,0.5773939044671491,0.12016371351021987,0.0008894981810312246
63,0.01325006529469437,0.46160071177519935,0.3492572096158973,0.6305583698203503,0.461910549424175,0.46160037878685334,0.996232637992272,146.93227258095374,98.53088701688327,0.0016526258908785307,0.0016526258908785307,0.5678175030849301,0.10849135970840088,0.0008876744005806469
64,0.01306211593775795,0.5059396318942159,0.38340053652855866,0.6073363997933201,0.5567563914075258,0.5059392591949086,0.995986113181481,122.84687761160043,66.48957267174355,0.002269341395451472,0.002269341395451472,0.5873402683064342,0.11902604424036466,0.000885850203693922
65,0.014485568282767557,0.028935959936883436,0.015808852047277035,0.9770653557318908,0.01594130316775449,0.02893593036550439,0.9943974751692551,465.89702078012317,447.6658168939444,2.7198057908278246e-05,2.7198057908278246e-05,0.2504799858255025,0.03811184488810026,0.0008840255893226908
66,0.01590314720166274,0.5462641663362189,0.4175481070563759,0.6235935439427311,0.6081777297762713,0.5462637694867734,0.9959930640000564,121.50208795987643,70.73508127836081,0.0024950320904071513,0.0024950320904071513,0.6242220037831709,0.13637976706601107,0.0008822005564135439
67,0.01408536920700079,0.3862991406287085,0.28555378864361164,0.8483488697381316,0.317447903951011,0.38629886568292143,0.9964304153735821,215.87158817511337,168.4001977810493,0.00050049561720628,0.00050049561720628,0.5957512620908136,0.12065210995765832,0.0008803751039079861
68,0.017260579683352262,0.4129420672111576,0.31145628082475024,0.7084945934925723,0.41093340347946844,0.41294177321241904,0.996188603914701,158.05078156177814,114.8596174808649,0.0014943893139178937,0.0014943893139178937,0.5693247183964838,0.10615009327347462,0.0008785492307423999
69,0.013979190836275497,0.5038731996387273,0.3807284727250184,0.6676666754147357,0.5485844260958406,0.5038728378225117,0.9957519677969126,167.09947439340445,95.46275509320773,0.002472180586594802,0.002472180586594802,0.5835733933087724,0.12964742014614436,0.0008767229358480086
70,0.013212926372384222,0.5727455259959847,0.4368081613314828,0.6089166230522096,0.664365404179462,0.5727451044664909,0.9960976013770471,115.89569972111629,70.20200600073888,0.002371971423809345,0.002371971423809345,0.6296023075253918,0.13435175011937434,0.0008748962181508392
71,0.012837235681497706,0.5572038221617146,0.4297545708443672,0.6690413342215694,0.5715539704377823,0.557203424595867,0.9963285006009616,119.22916214282697,69.2369608420592,0.0018986188448392428,0.0018986188448392428,0.6242863100308639,0.1412078388608419,0.000873069076571686
72,0.012749677788143834,0.4415350095045308,0.33325505514903414,0.8091097336683978,0.3946692788919738,0.441534702015682,0.9965426555046668,171.00130495658289,127.53568400786473,0.0007561536935659555,0.0007561536935659555,0.6128757853383342,0.12730338567724594,0.0008712415100260713
73,0.011949152259218793,0.5316666114492535,0.4075712539783228,0.7179722845590172,0.5543007821837921,0.5316662323856682,0.9961910064403827,153.98486992029044,104.36719196576338,0.0020174063169039213,0.0020174063169039213,0.6106340140104294,0.11999729705544618,0.0008694135174242088
74,0.011930682646030059,0.5923864206379892,0.4602649270279372,0.5927738346746014,0.6653057991345919,0.592386025100774,0.9963933871342585,108.54299842394315,51.6470987705084,0.001913272417508639,0.001913272417508639,0.6357678770705556,0.16695660983140653,0.0008675850976709641
75,0.011467016827037487,0.5915417820634453,0.46189794342572194,0.6434915554111138,0.6058389536979095,0.5915413594357672,0.9964682689079871,101.9464618242704,47.54967098969679,0.001537451377281776,0.001537451377281776,0.630668058730617,0.16355009018801725,0.0008657562496658164
76,0.011979569112344716,0.46934103587274745,0.3612203812862419,0.7266455795563427,0.4443978913777738,0.4693406840016926,0.9964726888216459,165.98478243901178,112.66333768000969,0.0010977708376370943,0.0010977708376370943,0.5963441138200534,0.16327269891133675,0.0008639269723028191
77,0.01234815661267091,0.5699563347123566,0.44451129792166477,0.7015098882839084,0.5944928075292366,0.5699559224693826,0.9964994834019587,127.00714965967032,82.3813753586549,0.0017316158001239484,0.0017316158001239484,0.6217809151947642,0.14389907683317477,0.0008620972644705603
78,0.011728568748087408,0.5021835239540142,0.3850576055369198,0.7680527776630673,0.4500477186699174,0.5021831743905788,0.9967419734367957,128.74198310191815,72.30158733404599,0.0007218397580660307,0.0007218397580660307,0.626110064653823,0.16644607555980867,0.0008602671250521225
79,0.011323464710865384,0.523972508902103,0.40303795749946314,0.6617727354168892,0.5767781626037111,0.5239721283240966,0.9962854752173791,151.39593997368445,88.15335953235626,0.0017730272733248197,0.0017730272733248197,0.5931054019512465,0.139001346551455,0.000858436552925043
80,0.011994317826555254,0.52596891827181,0.4059346848197742,0.7726712972086864,0.48840136681409607,0.5259685639073173,0.996747402044443,135.55312943458557,83.20379189344553,0.0008403154519888071,0.0008403154519888071,0.6215537549354709,0.14721737343531388,0.0008566055469612726
81,0.011735246652208913,0.5778024934174911,0.45600544308598684,0.6493868857908708,0.6235766148997031,0.5778020996843941,0.996456714776846,119.54661978208102,61.971954446572525,0.0018798021169809194,0.0018798021169809194,0.6313217728971862,0.17710006179717871,0.0008547741060271343
82,0.011646699909201393,0.5387977669479185,0.4170209603274674,0.7415760812851099,0.5360940362145697,0.5387973724717136,0.9966810849996713,142.89458219821637,94.46762923093942,0.0012810597052940955,0.0012810597052940955,0.6128231009038595,0.14879976212978363,0.0008529422289832824
83,0.011321162641532002,0.5603840398132065,0.43441686490147824,0.7269029781070925,0.523163206133648,0.5603836456057344,0.9968310502859262,121.61240322773273,67.91771335785205,0.0009386356060321515,0.0009386356060321515,0.6365940851660875,0.15918517069747815,0.0008511099146846599
84,0.011496183151253857,0.553884962526015,0.42883441090978647,0.6848035449556913,0.5550144949245341,0.5538845661562829,0.9963732866140512,111.125020302259,63.52382539785825,0.0014097140385554386,0.0014097140385554386,0.6314109632243904,0.15937660390940997,0.0008492771619804566
85,0.010989951182497092,0.5924793385576174,0.46477062868722385,0.6739122613261526,0.6618479640471825,0.5924789387800378,0.9963735250326303,134.0555386543274,79.41776362749246,0.0020813208359938403,0.0020813208359938403,0.6479675244772807,0.17026323767808768,0.0008474439697140658
86,0.011544812246798895,0.5206299183191111,0.4031732241855313,0.7191187405042678,0.46178462554394084,0.5206295489830672,0.9965585011702317,105.00063404670128,53.3713418337015,0.0006545690389779898,0.0006545690389779898,0.6312994286417961,0.16718697404632202,0.0008456103367230419
87,0.010769741001870269,0.5854347360855688,0.4600624401729271,0.7039294022207077,0.61260393961456,0.5854343353050264,0.9965853507702167,137.46995007074796,79.67685664617099,0.0015185062701885516,0.0015185062701885516,0.6316405170621763,0.17805288531459296,0.0008437762618390562
88,0.010833559359665602,0.5748454419499983,0.4509638678029756,0.7143168403552129,0.6020114466008661,0.5748450500528405,0.9966732905461237,134.66406937745901,79.7090361393415,0.0015773773193359375,0.0015773773193359375,0.6409318993011346,0.16517583896907476,0.0008419417438878526
89,0.010764317813132388,0.5396450246369541,0.4185481719357967,0.6518449565933465,0.5671360419380553,0.5396446261506546,0.9961590216710017,132.96835978214557,67.60528353544382,0.0019046343289888822,0.0019046343289888822,0.5946475557888894,0.1431580433765283,0.000840106781689204
90,0.011357106919883965,0.5653877050379423,0.43838309668720804,0.7329494063384258,0.5527333578538998,0.5653872982663293,0.9966243230379545,119.90990746938266,60.24302401909461,0.0011172294616699219,0.0011172294616699219,0.6375470658620963,0.17058563676591104,0.0008382713740568662
91,0.011265423774602823,0.5547328985115086,0.43304100314923233,0.701618057460739,0.5690714150701008,0.5547325126321275,0.9964559628413274,135.35322420413678,79.40384955589587,0.001445623544546274,0.001445623544546274,0.623838328774302,0.15839646914257452,0.0008364355197985339
92,0.010829794425472546,0.5871307995060892,0.464685154910214,0.719516181673568,0.6009907279483977,0.5871303965047007,0.9966490818903997,133.5046511246608,78.40295597681633,0.0014539131751427283,0.0014539131751427283,0.6338033103831828,0.17545274659418142,0.0008345992177157936
93,0.010271841887375698,0.5990168006397988,0.46952206481198605,0.7030199506977499,0.5953985797704988,0.5990163753439149,0.9967883550203763,120.23916813043448,66.13768822413225,0.0011100402245154749,0.0011100402245154749,0.6419987918701596,0.18087818287312984,0.000832762466604078
94,0.010408580745346487,0.5199261341134519,0.4046853102777443,0.8178905959312732,0.46998578137339914,0.5199257856481642,0.9967383237985464,137.36481879307672,90.19756576648125,0.0005638232597937951,0.0005638232597937951,0.6255146112234797,0.19366669927078944,0.0008309252652526187
95,0.011238433764307186,0.5545058292983917,0.4332611806836366,0.6788425661845031,0.5333630260400477,0.5545054379371984,0.9965405280773456,105.4535744373615,49.39390545624953,0.0012420874375563401,0.0012420874375563401,0.6320202193646065,0.17369218772420517,0.0008290876124443998
96,0.010468977961304167,0.5829477038628365,0.4645982760756792,0.6948157029699435,0.6044390976481971,0.58294730780983,0.9965573274172269,132.54684116290167,83.29077968689111,0.0014976171346811147,0.0014976171346811147,0.6297925071468433,0.18507515954283568,0.0008272495069561094
97,0.010775691928127063,0.5780850548375759,0.4553706662928868,0.755534463776992,0.5750650150041207,0.5780846645970977,0.996881209886991,133.01577855990485,83.06591915167294,0.0011347257173978365,0.0011347257173978365,0.6382133056266377,0.1651625997171952,0.0008254109475580918
98,0.011294308064792018,0.5970182342631641,0.47062473082534245,0.6984626156268702,0.6159658272712853,0.5970178371901832,0.9966601958641639,113.5035226895259,62.37349403821505,0.0014420472658597506,0.0014420472658597506,0.6581034515984356,0.17505782140562168,0.0008235719330142989
99,0.010349660877881642,0.591125496709519,0.46715269550446165,0.7343947202540361,0.6103593728323972,0.5911250924902471,0.9966745926783636,135.36123519677383,78.87052524089813,0.0013279914855957031,0.0013279914855957031,0.6542097782590784,0.18527874551140344,0.0008217324620822401
100,0.010155294971459975,0.5728099295760006,0.4454373460583392,0.778391597362665,0.5402020085350255,0.572809521058317,0.9967823028564453,141.54672244878915,83.79042289807246,0.0008229659153864934,0.0008229659153864934,0.6552224009691809,0.1878266505037363,0.0008198925335129345
101,0.01081391771395619,0.5702135685031368,0.4406379579841081,0.5280981305071133,0.6737411544906983,0.570213160980177,0.9957616145794208,101.19518048946674,60.68934142589569,0.0026895816509540263,0.0026895816509540263,0.6237395739405586,0.16229761506502444,0.0008180521460508585
102,0.010731684836523177,0.5019082850542864,0.38635477030891346,0.7708979907514263,0.45267366015595606,0.5019079278785158,0.9966595723078802,133.43620816560892,86.15498704176683,0.0007706422072190505,0.0007706422072190505,0.6343743908577241,0.16522249579429626,0.0008162112984338965
103,0.010395430254552944,0.6023647900983129,0.47171199720324347,0.6611988789233931,0.6045138602107193,0.6023643855565489,0.9968507289886475,94.22930277310886,43.80840091521923,0.0012433712299053485,0.0012433712299053485,0.6515287457105632,0.16172161827293727,0.0008143699893932899
104,0.011581233582826546,0.581342271940997,0.45851160849150785,0.6852427457895371,0.5784867149284674,0.5813418793370525,0.9967013872586764,110.86771216759315,61.6707824743711,0.0012154945960411658,0.0012154945960411658,0.6408046966132063,0.16516112364255464,0.0008125282176535839
105,0.010220733357038205,0.577738348801079,0.45614567855182775,0.7411843758786666,0.5604092588844466,0.5777379594666139,0.9968535349919245,130.43058177141043,81.54837525807895,0.001056377704326923,0.001056377704326923,0.6480961047972624,0.19177472648712304,0.0008106859819325769
106,0.01510195235739677,0.4483080553249217,0.3321883115226907,0.5792619354046818,0.4398171500520819,0.448307695615351,0.9956099253434402,132.13962861207816,87.7936017696674,0.0019167019770695614,0.0019167019770695614,0.49914756717019443,0.09469447714778093,0.0008088432809412661
107,0.013131536948584164,0.5924822087439593,0.4622748515322045,0.572469665364969,0.6502663889790388,0.5924817971407863,0.996502894621629,76.3370404610267,27.658976197242737,0.0018841303311861479,0.0018841303311861479,0.638454519570447,0.17738707521213934,0.0008070001133837954
108,0.010783417920510355,0.6137937858723844,0.48437397881427013,0.6678374804543158,0.6290454688014323,0.6137933767488324,0.9968551672421969,97.22548398604759,41.865734036152176,0.001327202870295598,0.001327202870295598,0.6707543457786624,0.18866339411873084,0.0008051564779574008
109,0.010123295416213715,0.6146518165135748,0.4869738620667639,0.6377801901832367,0.6616112820264816,0.6146514142661131,0.9967340322641226,87.39961772698622,38.53378241337263,0.0015953137324406551,0.0015953137324406551,0.6583246413188485,0.19123235889352286,0.0008033123733523561
110,0.010121500210236544,0.6019555136594914,0.4756952447993531,0.6753193868423911,0.6349036454041994,0.6019551194518502,0.9966560143690842,108.38696162517255,60.20315880958851,0.0016621809739332933,0.0016621809739332933,0.6554821660527244,0.1744948449329688,0.0008014677982519177
111,0.0108654911130613,0.6102183278969955,0.48280994262020105,0.6796009583725637,0.6351157118528512,0.6102179061790098,0.996771867458637,110.44576375301068,63.052650607549225,0.0013976647303654598,0.0013976647303654598,0.6556087697573852,0.18755408405111387,0.0007996227513322692
112,0.009851928145508282,0.6049158075671695,0.4756288430715747,0.6787840692821548,0.5942932821270941,0.6049153958651888,0.9966158133286697,95.5424000299894,46.999025170619674,0.0013802968538724459,0.0013802968538724459,0.657288355466265,0.1836546309865438,0.0007977772312624649
113,0.009916767964918667,0.6094998287122725,0.4755009506986433,0.6553619628404685,0.6373264929652204,0.6094993998219294,0.996701533977802,100.01729693779579,45.96533306745383,0.0015311424548809344,0.0015311424548809344,0.6649231136991427,0.16306500795942086,0.000795931236704373
114,0.009975893905972883,0.5805709386134681,0.4552935105137258,0.775010125052932,0.5242873872735756,0.5805705432597065,0.9968144526848426,113.1299924667065,62.645034377391525,0.0006675353417029748,0.0006675353417029748,0.6763332974738799,0.20402432347719485,0.0007940847663126185
115,0.009446126112239793,0.6186993503599127,0.4914733655764994,0.6087177141467044,0.7038560553754741,0.618698923765145,0.9965798121232253,93.11956689907954,40.41121320541088,0.0020037064185509314,0.0020037064185509314,0.664859070138146,0.19548442329351717,0.0007922378187345249
116,0.009600643244294379,0.6315504955499933,0.49805217705662713,0.6690906664199439,0.6591962313365467,0.6315500703842675,0.9968050626608042,110.70693157269405,66.45731153854958,0.0014753525073711688,0.0014753525073711688,0.6828586450921228,0.18298930674791336,0.0007903903926100556
117,0.009357946387563761,0.6182288517206138,0.4888729620471975,0.6744938644013766,0.66900437050479,0.618228441466226,0.9968444384061373,118.20077553162209,59.72157535186181,0.0015975328592153697,0.0015975328592153697,0.6787066716329159,0.19038773256425673,0.0007885424865717544
118,0.009541664290456818,0.6154156772596611,0.49264994218134467,0.687688352736375,0.6806857413717764,0.6154152621330821,0.9967983686006986,113.84883902623103,60.09151997474524,0.0016525708712064303,0.0016525708712064303,0.6816866423289937,0.2030432317405939,0.0007866940992446861
119,0.009088227463787636,0.6022149268284548,0.47945868006452846,0.7454370876528008,0.5782749344556953,0.6022145331934268,0.9970193826235257,109.23426336508531,59.95151108044844,0.0008566562946026141,0.0008566562946026141,0.681290365003336,0.21388296295817083,0.0007848452292463757
120,0.008897171840474654,0.5907830817801629,0.4727131135401139,0.7648555373883611,0.5547539736428803,0.5907826928377328,0.9970760162060077,109.88827320245596,66.4560690659743,0.0007854975186861479,0.0007854975186861479,0.6630962245309582,0.21282679874163407,0.0007829958751867468
121,0.008728682306425001,0.6236075805870039,0.49301526949929464,0.652229293387485,0.6683767873163396,0.6236071571399566,0.9968229807340182,91.13046570924612,37.57559952369103,0.0014298879183255709,0.0014298879183255709,0.6899829678004608,0.19744567042933062,0.0007811460356680608
122,0.009084264600040535,0.6290133648136204,0.501881591797993,0.6565845672332353,0.6792429940287873,0.629012940651385,0.9968572579897367,92.36714245722844,40.511945761167084,0.0015698946439302885,0.0015698946439302885,0.6896843615552195,0.21096491269194162,0.000779295709284853
123,0.009029743534763558,0.5965396264457966,0.4746548116240398,0.777567355134397,0.549932680568959,0.5965392385418644,0.9969803186563345,107.38639299686139,58.840056084669556,0.0007037199460543119,0.0007037199460543119,0.6946988625165361,0.21768838697328016,0.0007774448946238706
124,0.008778987512834227,0.6130513332243714,0.4868944036305516,0.631632727797355,0.6767134925527645,0.6130509235243027,0.9968429712148813,88.8090183368096,45.09179071279672,0.0015644476963923527,0.0015644476963923527,0.674916004582953,0.18991048963597187,0.0007755935902640081
125,0.00920367613098978,0.6118474972018793,0.4846389223119351,0.7193126146087295,0.5757958370705052,0.6118470860862713,0.9968808797689584,110.30423364272484,42.08766666742471,0.0009493644420917218,0.0009493644420917218,0.6892551487992302,0.2096958260696668,0.000773741794776243
126,0.008867085004637305,0.6375296830589584,0.5173957227259505,0.6913067147098981,0.6626232314888678,0.6375292839701804,0.9971851202157828,101.63018446702223,46.73707357736734,0.0012608858255239634,0.0012608858255239634,0.6964411612850829,0.2257602967035312,0.0007718895067235705
127,0.010687066941710118,0.613939796141947,0.49457317712239285,0.5930114839391595,0.6702492450234971,0.613939364444748,0.9968167451711801,77.09136198117183,27.174930398280804,0.0016682698176457332,0.0016682698176457332,0.6709702101965936,0.21354118935190713,0.0007700367246609375
128,0.009123247270158922,0.5963346923495035,0.481069381034421,0.6738510422170537,0.6013301100615702,0.5963342897966915,0.9970425092256986,82.05488540576054,42.176032607371994,0.0012297813708965594,0.0012297813708965594,0.6624432315136521,0.21859891512073004,0.0007681834471351756
129,0.00938356206125508,0.6105251571339195,0.4920438891022536,0.7126043093984525,0.606165204888296,0.6105247584665476,0.9971011051764855,91.60829325822684,43.52984064358931,0.0010398167830247146,0.0010398167830247146,0.7063488743912715,0.22017930505367425,0.0007663296726849344
130,0.012060311179643927,0.6292221398120686,0.500199049234026,0.6454809800171453,0.6376712953848911,0.6292217293727708,0.9969896169809195,82.63002122365512,19.355080045186558,0.0010607242584228516,0.0010607242584228516,0.6981624194843159,0.2104717530310154,0.0007644753998406124
131,0.009233713732101023,0.6382451471209394,0.5099786486744748,0.6468166527685112,0.695567724914448,0.638244742411878,0.9968936443328857,90.67186108002296,39.157766241293686,0.0016377889193021334,0.0016377889193021334,0.7011048893059174,0.20995890965255407,0.0007626206271242884
132,0.008763374819514306,0.606522846511817,0.48848179997493124,0.7443575694901684,0.5987869126899314,0.606522441700874,0.9970843608562763,111.03379207391005,60.41197265111483,0.0010267221010648287,0.0010267221010648287,0.6981280078538336,0.23283041454851627,0.0007607653530496521
133,0.008453378857946238,0.6437571176002912,0.5245866438550553,0.7451000990386452,0.6352251322257408,0.6437566907242113,0.9971626171698937,108.72202249673697,59.418166839159454,0.0010900497436523438,0.0010900497436523438,0.7099622073225104,0.25198197178542614,0.0007589095761219332
134,0.008289607471222272,0.6155144273640527,0.5034893710207778,0.6845173932190884,0.6040156552037729,0.6155140351953199,0.9970899912027212,59.55287139232342,20.20627315227802,0.001020504878117488,0.001020504878117488,0.7038310516912204,0.2484584919248636,0.0007570532948378305
135,0.01139978774321767,0.4607871536373722,0.36370693319813363,0.8375832775676358,0.4054860758593001,0.46078683810810006,0.99672532081604,184.1478543648353,140.24701375227707,0.0005019444685715896,0.0005019444685715896,0.5829947658527929,0.17310410308150145,0.0007551965076854392
136,0.009921984517579684,0.5976073735350267,0.47857400918877574,0.5669685285876966,0.6652974174105208,0.5976069584648722,0.9961811395791861,89.42167212412907,30.079419172727146,0.0022180630610539364,0.0022180630610539364,0.6479095648701332,0.20157261966512754,0.0007533392131441786
137,0.010391117807907553,0.5944808710912862,0.47914292340329234,0.7552316151559353,0.5895225889022723,0.594480487487589,0.9970902479611911,130.24493483396677,82.38872999411363,0.0009292639218843901,0.0009292639218843901,0.6636932922813755,0.21005179847662264,0.0007514814096847186
138,0.009391596149026345,0.6346561007293471,0.5124799378341648,0.7065973381101283,0.6330715023759114,0.6346556864596304,0.997212079855112,89.13787502508897,39.92634921807509,0.0010380011338454026,0.0010380011338454026,0.7120194706098678,0.2380449344905523,0.000749623095768904
139,0.008417948480480565,0.6717324154914605,0.5531489053631092,0.7459621699099372,0.6866509858266097,0.6717319823109231,0.9973751581632174,98.0534415611854,57.98436643527104,0.0011129379272460938,0.0011129379272460938,0.7355634650448337,0.2720600779239948,0.0007477642698496805
140,0.00847093069359499,0.647494121357624,0.533529849124468,0.7632419727158669,0.6294739860788565,0.6474937030778606,0.9973078507643479,107.69937902230483,58.983462186960075,0.0009228633000300481,0.0009228633000300481,0.7224774216525615,0.2795314066685163,0.0007459049303710179
141,0.007954400158129059,0.6543949430133904,0.5366527071694385,0.6438361168629462,0.6847445043267543,0.6543945314794996,0.9971393438485953,69.71907844910255,19.42838675242204,0.0012889458582951473,0.0012889458582951473,0.7184863140909539,0.2549360523430201,0.0007440450757678328
142,0.008210717590722756,0.6543646971663896,0.5393810809128852,0.6840001129236851,0.6841682586566191,0.6543642815705538,0.9971000231229342,91.30498081904192,39.332303588206955,0.0014210847707895131,0.0014210847707895131,0.7146366471962,0.27083688573195386,0.000742184704465911
143,0.008166911178425206,0.6277836875000722,0.5110775618648483,0.6769243994501424,0.6443993257587908,0.6277832718263099,0.9970666078420786,93.07338679753818,38.031565015132614,0.0011760454911452073,0.0011760454911452073,0.6899193126367978,0.23225959820243028,0.0007403238148818282
144,0.008817744124546433,0.6544661769123652,0.5357510253410548,0.7190815553969643,0.623188758234564,0.6544657469967727,0.9973510778867282,78.77539972158579,23.199323773384094,0.0007495329930232122,0.0007495329930232122,0.719725200942216,0.2840008850281055,0.000738462405422871
145,0.007851679676745195,0.6500989557562057,0.5339676783706976,0.6961233632819716,0.6627251066078295,0.6500985450393657,0.9972884104802058,88.04779168275687,38.86601569560858,0.0011649681971623348,0.0011649681971623348,0.7125662795196359,0.26718922804754514,0.0007366004744869555
146,0.00789877106637085,0.6546026730009153,0.5449299042430218,0.647286649791832,0.6809832176852674,0.6546022545296724,0.9970673414377066,82.20887763683612,23.64364297573383,0.001436325219961313,0.001436325219961313,0.7137511427897082,0.2913974400323171,0.0007347380204625457
147,0.007618248658568168,0.651756796874097,0.5372215518796764,0.7922401782841637,0.6127132196025834,0.6517563814596236,0.9973509311676025,107.65741203381465,58.14205758846723,0.0006765035482553336,0.0006765035482553336,0.7308232021840433,0.28804675804880947,0.0007328750417285716
148,0.007755786329373502,0.6661870308581965,0.5454252603897047,0.7640562423200163,0.6084981531707129,0.666186604365542,0.9973709583282471,61.327150051410385,17.8610426737712,0.0005203577188345102,0.0005203577188345102,0.754673053483622,0.2962565960792395,0.0007310115366543449
149,0.007530215691076592,0.6689386638253348,0.5589611809356276,0.7620716805170227,0.6566548768373626,0.6689382393757547,0.9974715893085186,91.27599103634174,36.87147977260443,0.0007224816542405349,0.0007224816542405349,0.7398165618964972,0.31545409846764344,0.0007291475035994755
150,0.007495737994479266,0.6706097654280293,0.5558508853354819,0.7559451796736608,0.6241182319280624,0.6706093607074837,0.9974243640899658,60.66099590521593,20.610997488865486,0.0005376155559833234,0.0005376155559833234,0.7566020385218928,0.31911868057571924,0.0007272829409137847
151,0.007402258538954461,0.6450252796948992,0.530183455440735,0.6875411623996028,0.634843555325442,0.6450248589886153,0.9971412145174466,75.90000275465158,39.355338344207176,0.0010649424332838792,0.0010649424332838792,0.7147946297146308,0.2646408763069373,0.0007254178469372199
152,0.007585620199768947,0.6370674515315286,0.5183451215799117,0.6244278628528531,0.6793541448340312,0.6370670135882216,0.9967800837296706,88.81632808538583,29.710317368690784,0.0016590631925142729,0.0016590631925142729,0.694248262201794,0.23757207708863112,0.0007235522199997669
153,0.008102868469834972,0.679709919482698,0.550097087920424,0.7523287533280941,0.66738365375714,0.6797094809781453,0.9973275844867413,74.34689237521245,33.0852823807643,0.001063695320716271,0.001063695320716271,0.748026901211303,0.24737267253490594,0.0007216860584213608
154,0.007803650613753304,0.6918309519230627,0.5737602836105208,0.732501871704559,0.6710629868685546,0.691830510516277,0.9974772379948542,65.85236127559955,15.94068964628073,0.0008663580967829778,0.0008663580967829778,0.7643468541164811,0.3134927268211658,0.0007198193605117973
155,0.007373350322058496,0.6962139819894317,0.5806850799191574,0.6798810603367319,0.7271627670590041,0.6962135586266943,0.9974884620079627,62.51161978794978,20.706976652145386,0.0012311935424804688,0.0012311935424804688,0.7577666638960812,0.313612787769391,0.0007179521245706413
156,0.007130007354694849,0.6905604742745439,0.5743476463106103,0.6750603385114918,0.7197568933843913,0.6905600479626292,0.9973070804889386,66.08317382519061,16.099741720236263,0.0013403892517089844,0.0013403892517089844,0.7424156448821753,0.30514061049773145,0.0007160843488871357
157,0.007536250832624949,0.6638134130148703,0.550205169247125,0.719933348245375,0.6405067315438825,0.663812990990827,0.9975357055664062,60.086661742283745,12.203718368823711,0.0007940805875338041,0.0007940805875338041,0.742826521396637,0.3059920702989285,0.0007142160317401089
158,0.007517333205704255,0.7061495076311535,0.5952098014569265,0.7107355137868757,0.714299013947064,0.7061490751805066,0.9975162102625921,62.42233317631941,15.619907131561867,0.0009940770956186147,0.0009940770956186147,0.7743461723349845,0.34729366706540954,0.0007123471713978799
159,0.006907311668888165,0.6984499703758674,0.5870474680543546,0.7340012794503799,0.7171965184126255,0.698449531723557,0.9975427847642165,90.22776616536655,35.98336464166641,0.0010344065152681791,0.0010344065152681791,0.7646634673269895,0.3249630333425907,0.0007104777661181647
160,0.006918254270903372,0.6964262667915094,0.5767272752379918,0.6944029128091741,0.710053591917963,0.6964258061780969,0.997474688750047,78.73155192228464,22.423163079298458,0.0010618980114276593,0.0010618980114276593,0.7653673594669761,0.30008810529342067,0.0007086078141479791
161,0.006848886546392281,0.6914103264284208,0.5848276841104563,0.7276601453869357,0.668291805573324,0.6914099162631859,0.9976989122537466,65.43055081367493,16.957196033917942,0.0006191363701453576,0.0006191363701453576,0.7694137590722396,0.3416437449363562,0.0007067373137235415
162,0.007116888543980447,0.6919596086461127,0.5830017256733024,0.7142919025681442,0.6984474494290974,0.6919592078687796,0.997610513980572,80.36788190328159,25.62425532707801,0.0008416726039006159,0.0008416726039006159,0.7646527392498683,0.3450476581660601,0.0007048662630701754
163,0.006901146343667419,0.6433089972184495,0.5337952060837253,0.6898507403209909,0.6724984951128115,0.643308596596701,0.9969809238727276,99.06723211361812,43.03089882777287,0.0015993668482853817,0.0015993668482853817,0.6980816274523162,0.2898547279720123,0.0007029946604022085
164,0.006982246275583748,0.7151337783925573,0.601653384496857,0.7297505481281038,0.7104391214229087,0.7151333352311234,0.9977166469280536,69.33155989646912,15.654388835796944,0.0008524931394136869,0.0008524931394136869,0.7789653439540416,0.343944471472731,0.0007011225039228726
165,0.0070310568340713735,0.6590287932498347,0.549600252983644,0.6751408683204141,0.7047214983307619,0.6590283808693396,0.9973789178408109,79.6028666129479,43.777224306876846,0.001287515346820538,0.001287515346820538,0.7239307030893962,0.2967936349316285,0.0006992497918242011
166,0.007656262157140121,0.6711369916287782,0.5594777817490182,0.7899754827336716,0.6182375463682805,0.6711365765217123,0.9975022719456599,90.61015422527606,38.200793931117424,0.0006517080160287711,0.0006517080160287711,0.7540080127521203,0.3278626481500956,0.0006973765222869263
167,0.0065976920198479025,0.6632965996019942,0.557327066447898,0.756552259308165,0.6307189844359506,0.6632961943273261,0.9974548083085281,94.75655346650343,32.03697235767658,0.0005974769592285156,0.0005974769592285156,0.7417893005678287,0.3228954291687562,0.0006955026934803739
168,0.007267398863265184,0.6513447861515836,0.5313890548285948,0.6381011228884632,0.7397818029239135,0.651344381810643,0.9970514040726882,90.85651663633493,37.327535014886124,0.0017246649815486027,0.0017246649815486027,0.7237274323437864,0.28436410140532714,0.000693628303562358
169,0.008921281748021452,0.6989082219821372,0.5866040505020063,0.7223648474178265,0.6986192821694043,0.6989078222500449,0.9974713142101581,75.3433999648461,23.469059815773598,0.0010622648092416616,0.0010622648092416616,0.7666993189201233,0.33512523426459384,0.0006917533506790733
170,0.00710830687939261,0.6135342480318126,0.502177381268678,0.8389606058884126,0.5630883649088949,0.6135338717424536,0.997488260269165,93.03318293278033,54.594715521885796,0.0005208345559927133,0.0005208345559927133,0.7410594901213279,0.29983798127907973,0.000689877832964987
171,0.0066387261299846265,0.6931580489272278,0.5850747755826441,0.7481329411164566,0.670894757066202,0.6931576309070283,0.9977428362919734,68.21232454593365,18.44805463002278,0.0007669192094069261,0.0007669192094069261,0.7681039312961869,0.3519371799551524,0.0006880017485427283
172,0.007172275860704338,0.6831874891145785,0.5696453368861715,0.7008054213577289,0.6928786195804514,0.6831870748890609,0.9974203476539025,64.64917618494768,22.007949219300198,0.0010397617633526141,0.0010397617633526141,0.7612728665475376,0.31815119488881183,0.0006861250955229781
173,0.00680554850707547,0.6982036317628731,0.5823501352916503,0.7597695483890864,0.6609750241047407,0.6982031919585905,0.997653392645029,68.56309689008273,18.617988765239716,0.0006636839646559495,0.0006636839646559495,0.769436170548523,0.3291849046945572,0.0006842478720043559
174,0.0067614292526671374,0.6824806100335198,0.5743716633493627,0.6802919792070217,0.7122641625696584,0.6824801900302977,0.9973829526167649,63.616136624262886,17.46808748978835,0.0012581531818096454,0.0012581531818096454,0.7495629421005455,0.3246943029360129,0.0006823700760733055
175,0.006580667384416581,0.696019544453817,0.5827952513485127,0.7360459273140271,0.6746656462790809,0.6960191188182006,0.997619445507343,66.96396317848793,16.756395592139317,0.0008511543273925781,0.0008511543273925781,0.763282840143522,0.3227929097528641,0.00068049170580398
176,0.0063231004768078075,0.7119776632560018,0.6009957014183902,0.7217460023162812,0.7230257718077853,0.7119772350418873,0.997731300500723,68.30768445821909,14.50847432246575,0.0009950124300443209,0.0009950124300443209,0.7741314592556312,0.3461776632242478,0.000678612759258125
177,0.006408911684747391,0.6965543349798315,0.5860259163646577,0.7847355021463909,0.6718933615268214,0.6965539140388828,0.9977513276613675,87.66067027128659,37.8262895666636,0.0007265164301945613,0.0007265164301945613,0.7636396804591641,0.3496885924385144,0.0006767332344849599
178,0.00631038820294914,0.6972628144891166,0.58453479966793,0.7954864204952815,0.6558862870584821,0.6972623916996041,0.9976770877838135,85.698951115975,35.990377568281616,0.0006100948040301984,0.0006100948040301984,0.7720492251503926,0.3476328735168164,0.0006748531295210577
179,0.006066482847157973,0.7058143292257454,0.5968187643393408,0.7268862266934837,0.7149158298545651,0.7058139077142792,0.9976583444155179,61.43319770006033,20.276677567225235,0.0009173429929293119,0.0009173429929293119,0.769930682109239,0.3438989504312093,0.0006729724423902248
180,0.006526968962974094,0.6816604018925538,0.5758691205434924,0.7330914609894388,0.6856645559989423,0.6816599805968873,0.9975183193500226,99.35685546581561,37.1322584931667,0.0009887218475341797,0.0009887218475341797,0.743401419174356,0.3438163987145974,0.0006710911711033769
181,0.006414729987087552,0.6874452782879055,0.5770795047680819,0.7627136769646925,0.6451390479573771,0.6874448589077502,0.9976880183586707,69.14855883671687,20.000877912227924,0.0004941316751333383,0.0004941316751333383,0.766571644335412,0.34599777167806256,0.0006692093136584148
182,0.005955664913926739,0.696885219655042,0.5910372747913284,0.7324999287740374,0.6880770523037266,0.6968848074860409,0.9976401695838342,68.50015466946822,15.063822567462921,0.0007693033951979417,0.0007693033951979417,0.7673990611846631,0.35121583895614517,0.0006673268680400988
183,0.006177092743410657,0.7142015458701756,0.6076964109884508,0.7585523301465285,0.7185652808455255,0.7142011126852199,0.9977750961597149,83.42628952173087,38.164526696388535,0.0009394242213322566,0.0009394242213322566,0.7879367671736802,0.38356467107167613,0.0006654438322199202
184,0.006508937431275486,0.6842618846573227,0.5740808118588367,0.6496468906434736,0.7527678209508059,0.6842614707111032,0.997004930789654,57.07404441099901,17.542988845935234,0.0019013514885535608,0.0019013514885535608,0.7535442701997593,0.35543128045705646,0.0006635602041559724
185,0.0066303574388327366,0.5883714473159766,0.47593894644041485,0.7062142303025761,0.5523975156970534,0.5883710833072546,0.9973190564375657,120.23728530223553,53.675109991660484,0.0007238388061523438,0.0007238388061523438,0.644685889253966,0.23071273129719955,0.00066167598179282
186,0.0070062037848401815,0.7013716540510655,0.5901123677099155,0.7158777503201598,0.7036373163937869,0.7013712309253083,0.9975295983828031,77.42150690005376,26.074387426559742,0.001205902833205003,0.001205902833205003,0.7595400319148141,0.3431986833994205,0.0006597911630613657
187,0.00627868728602502,0.7044220512935949,0.5885583425860192,0.706755664524157,0.7221612871469563,0.704421609425396,0.9976320816920354,82.68363855435298,11.272524058818817,0.0010210917546198918,0.0010210917546198918,0.7745796668056685,0.32171789155556607,0.0006579057458787157
188,0.006069379560358357,0.6685044784597678,0.5562335748652625,0.7482754465736117,0.6191586104514427,0.6685040681535797,0.9976516686953031,64.8299142580766,15.627582155741178,0.0005990175100473257,0.0005990175100473257,0.7449402527955289,0.3196890660776542,0.0006560197281480442
189,0.006175938418332057,0.7100148217681386,0.602316128827963,0.7799174926290148,0.6893963016163908,0.7100143977546391,0.9977832757509671,74.11687623537503,16.429950902095207,0.0007642232454740084,0.0007642232454740084,0.7711512319242152,0.3594341960090857,0.0006541331077584547
190,0.005878184288471507,0.6884469510547464,0.5853695148618898,0.8419636029463547,0.6577542218512862,0.6884465572314489,0.9978574789487399,100.757036282466,52.46367383003235,0.0005620809701772836,0.0005620809701772836,0.7764462758428775,0.35908251929168516,0.0006522458825848401
191,0.0057927379720450305,0.6926685449418196,0.5884368882023672,0.7426574997927934,0.6990503739983767,0.6926681529570153,0.9977474762843206,76.12094956177931,13.505989955021786,0.0007932736323429988,0.0007932736323429988,0.7716987992350298,0.3590897780198317,0.000650358050487742
192,0.005821926513118132,0.7140499514180115,0.6054299489104212,0.7295593871780343,0.7586230690366021,0.7140495214759089,0.9976477256188025,97.23954754609328,37.01667284965515,0.001304021248450646,0.001304021248450646,0.7761508273318983,0.3667849199129985,0.0006484696093132058
193,0.00568759046291234,0.6928374447157732,0.5882143829587401,0.7637788879901178,0.6787475174784308,0.6928370199482016,0.9976885685553918,86.81614419130179,37.38780445777453,0.0007547598618727464,0.0007547598618727464,0.7609823281661823,0.3582526273452319,0.0006465805568926364
194,0.0063100535934119345,0.6976784005253764,0.5912853123238142,0.712077608197704,0.7484959459137106,0.6976779974248462,0.9975503224592942,99.56904934002803,37.13923403391471,0.001199813989492563,0.001199813989492563,0.776547556098264,0.37894072784827304,0.0006446908910426501
195,0.0057602860022318335,0.7086113174030408,0.5984607476218097,0.7388724628557887,0.6872336190434537,0.7086109009736415,0.9976245256570669,78.91191482543945,15.620733426167416,0.0007810776050274188,0.0007810776050274188,0.7746060509055567,0.33443877502129626,0.0006428006095649255
196,0.006359454210234197,0.7130692025511597,0.6074416497703713,0.7569833445073103,0.7251693264750269,0.7130687755438347,0.9977448720198411,87.06785290057843,31.150132706532112,0.000903019538292518,0.000903019538292518,0.7761002701277343,0.3738670071157125,0.0006409097102460521
197,0.005756479963915458,0.7188918150051803,0.6151353698473909,0.7430597492816029,0.707103866950244,0.7188913893124247,0.997817589686467,72.96497939183162,18.656885041640354,0.000837252690241887,0.000837252690241887,0.78158959105181,0.3920461587034739,0.0006390181908573774
198,0.005927991880945718,0.6881427632868218,0.5833614693810876,0.7189654101661542,0.6836959837691349,0.6881423598871275,0.9977014064788818,65.88846269020668,17.23025934971296,0.0006913038400503305,0.0006913038400503305,0.7659563227341726,0.3432456386777071,0.0006371260491548504
199,0.005793114939688866,0.723830086025482,0.6177811247412878,0.7261821728256567,0.7366494118206409,0.7238296468726045,0.9978234767913818,85.99923860109769,16.910846710205078,0.0008122920989990234,0.0008122920989990234,0.7893137954121742,0.3850971683859825,0.0006352332828788649
200,0.005849582476982435,0.7091635249983829,0.6083135132882694,0.6967866853039705,0.7379194603112389,0.7091631074976609,0.9976115226745605,88.10889386213742,12.408471955702854,0.0013512831467848558,0.0013512831467848558,0.7579577603089022,0.3841209766956476,0.0006333398897540993
201,0.005569459663092857,0.6875117001615112,0.5766022014394695,0.8323673537144294,0.6475124509672641,0.6875112907833357,0.9976626726297232,116.50855766809903,57.40023451126539,0.0006183294149545523,0.0006183294149545523,0.7633965015411377,0.3534222680788774,0.0006314458674893553
202,0.00558731477128906,0.6986542407657753,0.5946009223592843,0.7839749822442376,0.6725341072403401,0.6986538311022994,0.997777351966271,97.62828571979816,39.18509803368495,0.000704801999605619,0.000704801999605619,0.7646732766252871,0.3764932407782628,0.0006295512137773931
203,0.005581303021664588,0.6993466807143124,0.5913380086787983,0.8408673239442018,0.6626796100314354,0.6993462753569429,0.9978441091684195,106.949383020401,57.81825527319541,0.0005919383122370794,0.0005919383122370794,0.7674324623882197,0.3466616553755907,0.0006276559262947659
204,0.005610566198951206,0.7154628072796398,0.6094722132953466,0.7904344496557442,0.7011240744039781,0.7154623860117417,0.9978742966285119,90.83640104073744,42.3445208806258,0.0007832600520207331,0.0007832600520207331,0.7843976723603331,0.3859147515434485,0.00062576000270165
205,0.005409621108041252,0.7141130741444704,0.6083083965395578,0.7747123883777522,0.7111988599384138,0.7141126460723661,0.9978002034700834,91.09485606046823,40.52207733117617,0.0008343366476205679,0.0008343366476205679,0.7679785839640177,0.37099496060265946,0.0006238634406416756
206,0.005376834413394905,0.6937836982283003,0.5875643097553811,0.7639089078552714,0.6836575333018936,0.6937832871746034,0.9977886126591609,91.6134863266578,38.87298393249512,0.0007527608137864333,0.0007527608137864333,0.7552637948224751,0.3423667154633082,0.0006219662377417515
207,0.005587517154568699,0.7147508995409335,0.6120363716948344,0.7102596740611014,0.7388327915559013,0.7147504797818756,0.9978216061225305,65.918866616029,16.62807586101385,0.0010034671196570764,0.0010034671196570764,0.7821655246572425,0.3773920710843343,0.0006200683916118909
208,0.005571329296799377,0.7118591516987312,0.6043109455675424,0.7096279374752275,0.7271657738430503,0.7118587394139998,0.9976366116450384,81.89689821463365,23.15200804747068,0.0009464483994704026,0.0009464483994704026,0.7695683918897814,0.35790538730529636,0.0006181698998450326
209,0.005698984151912065,0.7272675285625134,0.6235133532191776,0.8110117746087221,0.7333331726355985,0.7272671050264438,0.9978274382077731,84.93093140308673,56.684019868190475,0.0009018824650691106,0.0009018824650691106,0.7861704519018531,0.3852207013047658,0.0006162707600168605
210,0.0057261133137776945,0.7197612036971763,0.6166196654446237,0.7535095743295409,0.740510118955883,0.7197607764446163,0.9977848529815674,86.30167541137108,31.032468859965984,0.0009305843940147987,0.0009305843940147987,0.7730329249304935,0.3877315102861478,0.0006143709696856199
211,0.006124544102931395,0.6918136483073702,0.5868152457524164,0.6781832066635254,0.7275455801916745,0.6918132292653978,0.9974969350374662,77.77115687957176,20.49946959202106,0.001169443130493164,0.001169443130493164,0.761270369313514,0.3682110389837852,0.0006124705263919325
212,0.005678904431428796,0.7066990058124716,0.604772621520251,0.8332052061764094,0.6738807617855694,0.706698600575995,0.9978809906886175,108.3531160904811,56.98050873096172,0.0006182010357196515,0.0006182010357196515,0.7792179071917557,0.3855838609429506,0.000610569427658607
213,0.0052551248297207235,0.6992875448129314,0.5973661633941679,0.7626123295159923,0.6573311118327302,0.6992871345822139,0.9978756171006423,70.53637511913593,22.25316259952692,0.0003852660839374249,0.0003852660839374249,0.7766754375054286,0.3782700214248437,0.0006086676709904492
214,0.005265935104734336,0.7047042461616104,0.5955184801627427,0.6844888974917512,0.7459210773418377,0.704703834866661,0.9975253618680514,78.92227862431453,18.517641503077286,0.0011275548201340896,0.0011275548201340896,0.76318376011645,0.35192541477198785,0.0006067652538740668
215,0.0056433437021041755,0.7101028296408523,0.6024177708870581,0.7107152094586444,0.7280988949537928,0.7101024142184367,0.997426803295429,88.32306810525748,19.73923962849837,0.0011411446791428786,0.0011411446791428786,0.7671808850987313,0.36349300008553725,0.0006048621737776744
216,0.005688293247098604,0.711456369600308,0.6024598652691213,0.7864042721115626,0.6922850245616103,0.7114559403418185,0.9977657611553485,96.11654367813698,32.43752553371283,0.0008595173175518329,0.0008595173175518329,0.7789269318589225,0.3588680395713219,0.000602958428150892
217,0.005055299814837501,0.7138575110950449,0.6100278238845286,0.7817527671098787,0.7029446615272208,0.713857086219966,0.9978502163520226,88.81046027403612,35.532516704155846,0.0007260212531456581,0.0007260212531456581,0.7790426588796365,0.37237552209542346,0.0006010540144245451
218,0.005062199450689009,0.6853347258530094,0.5751082680756479,0.7667299288898243,0.6403920632221742,0.6853343159549297,0.9977841744056115,78.14302051984347,22.510550127579616,0.0006411625788762019,0.0006411625788762019,0.7475955509938873,0.3338208800325027,0.0005991489300104574
219,0.005123516326141096,0.7219060348465867,0.6181388413867526,0.7671758156506601,0.6919343774752053,0.721905610576499,0.9978949290055495,69.00199431639452,14.419976330720461,0.0006076372586763822,0.0006076372586763822,0.7822551132681278,0.3933225617958949,0.0005972431723012443
220,0.005323474920889846,0.7212184503943627,0.6182964192041164,0.7256828575821348,0.7306385059902522,0.7212180312938471,0.9977198747488168,78.1601389004634,26.97430661549935,0.001012435326209435,0.001012435326209435,0.7777026700980514,0.3914864676503035,0.0005953367386701004
221,0.005035794988473823,0.7097958475204277,0.6028124230068269,0.7004918313586322,0.7357174682779029,0.7097954222282972,0.9976789584526649,68.97896363185002,18.853911757469177,0.0011499478266789364,0.0011499478266789364,0.7621906792315153,0.3660043622725285,0.0005934296264705859
222,0.005281079111367804,0.6978793825319033,0.5906247392163106,0.7384158258572838,0.7117946868000057,0.6978789692427048,0.9976565471062293,100.32508723552411,36.87564690296467,0.0010001659393310547,0.0010001659393310547,0.7566765017377642,0.33418493087475115,0.0005915218330364093
223,0.005498893976507064,0.699158209660398,0.5906523748977462,0.7332861237736668,0.687373758759972,0.6991577860364581,0.9976671659029447,72.77211475372314,15.539006604598118,0.0007921915787916917,0.0007921915787916917,0.7685378816408607,0.35240091354801106,0.000589613355681206
224,0.005587257565191696,0.7235138162260166,0.6183854294875215,0.728511078329376,0.730761881739237,0.7235134018487319,0.9977794610537015,96.28245328022884,27.888718196978935,0.0009193603809063251,0.0009193603809063251,0.7771203976769286,0.38108549037804973,0.0005877041916983153
225,0.0052485682390397415,0.6654366088235999,0.5654295674482323,0.7805031165947948,0.6196207007347325,0.6654362144641923,0.9977237077859732,96.35415970362149,42.50455542252614,0.00045281190138596756,0.00045281190138596756,0.7367041657607143,0.3502258572440881,0.0005857943383605531
226,0.005369259752254807,0.7150810900647513,0.6076495260145263,0.7809588187208554,0.7082486243639792,0.715080666236553,0.9977297416100135,86.12431091528673,38.06064710250268,0.0008129523350642278,0.0008129523350642278,0.7740508886054158,0.36955369779696834,0.0005838837929199803
227,0.005105551340630672,0.7198028949699877,0.6178949962532876,0.7696037534008128,0.7210426591613193,0.7198024715232655,0.997805668757512,99.49625452665182,36.90532854887155,0.0007537511678842398,0.0007537511678842398,0.7770679166827065,0.38645789141838366,0.0005819725526076705
228,0.004850732313151149,0.7226082231834524,0.6176066068559305,0.7394758730115002,0.713300072597763,0.7226077941463711,0.9978083830613357,90.20640230178833,16.92848741549712,0.0008253134213961088,0.0008253134213961088,0.7744144385393995,0.36785990916765654,0.0005800606146334708
229,0.005106444173109664,0.7221455121358568,0.6170854834713756,0.7274229210733546,0.7314465106562287,0.7221450922666613,0.9978660253378061,57.84472968028142,12.811120817294487,0.0009204607743483323,0.0009204607743483323,0.7778918158303265,0.3802954669182117,0.000578147976185762
230,0.004984516063044653,0.7127554859559808,0.6101360306794221,0.7793176841212047,0.7027480714478679,0.7127550593083885,0.9978417616624099,86.07961396070627,36.448714572649735,0.0007422887361966646,0.0007422887361966646,0.7746425604877564,0.3814602025712912,0.0005762346344312134
231,0.004865779227167457,0.6977039764837906,0.5888735962482069,0.7343782040744015,0.6799393964383972,0.6977035520291649,0.9976435991433951,67.94091923420245,19.620021879673004,0.0007915496826171875,0.0007915496826171875,0.7554249592561834,0.34752638867268193,0.0005743205865145341
232,0.005516303712423765,0.7112835290475671,0.6071912722546744,0.7844106406261753,0.691098388938943,0.7112831045484105,0.9977597640110896,103.1852404154264,37.23580865218089,0.0007096253908597506,0.0007096253908597506,0.7728582094407381,0.3787046199521193,0.0005724058295582214
233,0.0048602267995123,0.7206770316216431,0.6188344817055729,0.7922031524877355,0.7036890409393171,0.7206766103394648,0.9978629442361685,72.1621507864732,32.34659414107983,0.0007286621974064753,0.0007286621974064753,0.7771832541061136,0.3956377554971438,0.0005704903606623043
234,0.005341704295110853,0.7114478641489712,0.6063086193444541,0.7161431286829304,0.7232108687040545,0.7114474421867898,0.9977743258843055,51.276693234076866,16.241291036972633,0.0009613403907189002,0.0009613403907189002,0.7648610502947122,0.35908849737965143,0.0005685741769040841
235,0.00498937844867424,0.6967407364155315,0.5913469249730721,0.8650083633569571,0.641901207936348,0.696740327386602,0.9978575339684119,87.8866191460536,52.163031523044296,0.000521696530855619,0.000521696530855619,0.7659340255822127,0.36987998623114365,0.0005666572753378695
236,0.004813487024736018,0.7152469978250198,0.6120831281764928,0.7352177452238758,0.7093329604884114,0.7152465836936013,0.9978268146514893,51.355987328749436,11.942265923206623,0.0007902658902681791,0.0007902658902681791,0.7692676367278182,0.37124878254074317,0.0005647396529947098
237,0.004650567221967951,0.7160008557047001,0.6159729246027934,0.7705432963563805,0.7132095513926896,0.7160004262394973,0.9978072459881122,61.57928309073815,31.522723399675808,0.0007790785569411058,0.0007790785569411058,0.7728869139503401,0.39169695944740224,0.000562821306882122
238,0.0044693342928300035,0.7219943064607359,0.620923857888096,0.7755976696668779,0.7188991511051406,0.7219938835296469,0.9979034937345065,74.24448585510254,38.15056467973269,0.000772402836726262,0.000772402836726262,0.7785327723249793,0.3843159538048964,0.0005609022339838143
239,0.004522082415440729,0.7094678462052737,0.6087375509391056,0.7847752312964533,0.6872165114178901,0.7094674325185125,0.9978402577913724,88.51439791459303,31.17881365922781,0.0006373845613919771,0.0006373845613919771,0.7629809979743396,0.376415635817326,0.0005589824312594061
240,0.004660362639417424,0.7316659896029378,0.6325328872677229,0.7694641240205916,0.7394169776869443,0.73166556020929,0.9979634651770959,88.49439446742718,37.91094324221978,0.0008539970104510968,0.0008539970104510968,0.779156143974083,0.4048479308302586,0.0005570618956441422
241,0.004783435672904419,0.678658825582902,0.577472089893047,0.8117600071738489,0.6400984276331171,0.678658428056525,0.9975922107696533,100.7752590913039,52.093460518580216,0.0005422188685490534,0.0005422188685490534,0.7324067114924009,0.3603380207832043,0.0005551406240486037
242,0.005521463399838047,0.7047461108512714,0.5995193310916964,0.7244975846385411,0.7025617354627332,0.704745687479525,0.9977157115936279,72.99316734534044,10.806606815411495,0.0008901449350210336,0.0008901449350210336,0.7622428287107211,0.35727361116844875,0.0005532186133584137
243,0.0055141294906206895,0.7072423351857904,0.6058209540471133,0.6853592494142858,0.7472335982787415,0.7072419028270486,0.9977594522329477,69.41315817832947,14.72416701225134,0.0010903615217942458,0.0010903615217942458,0.7705829879985406,0.38697798492816776,0.0005512958604339385
244,0.004937523940707951,0.7179589831248971,0.6177119611275497,0.7699753371094171,0.6838035734304935,0.7179585639214647,0.9978007536668044,77.58725171822768,16.175722731993748,0.0005225218259371244,0.0005225218259371244,0.777690777519288,0.396147010418085,0.0005493723621099843
245,0.004728946761483362,0.720839461354211,0.6225187646095013,0.7431895826880418,0.7087507820515312,0.720839037588693,0.9979540568131667,68.25437410061176,13.234063506126404,0.0006896532498873197,0.0006896532498873197,0.7778815891092213,0.40113168439039815,0.0005474481151954883
246,0.004638171260851847,0.7192340435269423,0.6168362464260516,0.8068730576107135,0.6891433412770589,0.7192336235995886,0.9978980834667499,88.77310971113351,29.92218511379682,0.0006812535799466646,0.0006812535799466646,0.7724491644722338,0.3874574595919022,0.0005455231164732059
247,0.004403737042314158,0.7296566139405267,0.6277059013579288,0.7506837461837718,0.7196856678577203,0.7296561881597032,0.9978959927192101,65.45983050419734,11.33634404035715,0.0008029387547419622,0.0008029387547419622,0.7781098824209318,0.3888864843891217,0.0005435973626993919
248,0.004359970216263229,0.6874969753821293,0.5874151772093584,0.7063373110278621,0.7008015241195167,0.6874965642795647,0.9975729722243089,83.36432475310106,23.424315764353825,0.0010637870201697717,0.0010637870201697717,0.7365531693570889,0.3744207081886438,0.0005416708506034778
249,0.004700536580248109,0.7035381699597684,0.599154552776933,0.7886478677392006,0.7088638265678736,0.7035377583697018,0.997681947854849,105.52626342039842,56.97575905231329,0.0010323707874004657,0.0010323707874004657,0.748788682373818,0.35671843874912995,0.000539743576887742
250,0.004925193707794488,0.717842998121189,0.6125565943918952,0.7104292300319222,0.7425897651306073,0.7178425924639483,0.9976307428800143,61.58295776293828,19.472255752636837,0.001108114535991962,0.001108114535991962,0.7772441115507368,0.3881448760915261,0.0005378155382269764
251,0.0045092340912490795,0.7262332415842464,0.6245559729840118,0.7567475232784561,0.7075232546605247,0.726232824990674,0.9978984319246732,71.05538291197557,12.304659916804386,0.0007130916302020734,0.0007130916302020734,0.7766386290555304,0.3862396407012756,0.0005358867312681466
252,0.004485743333834062,0.7069232257870215,0.6019967196759097,0.811395728986044,0.6603727086920655,0.7069228102930531,0.9977587553171011,84.26150461343619,36.301259911977326,0.0005650336925800031,0.0005650336925800031,0.7688609112877972,0.3797268128165832,0.0005339571526300471
253,0.004515958266823033,0.724322808906994,0.6231592577336957,0.7218751730922457,0.7355234607470944,0.7243223945536852,0.9978441458482009,75.40755862456102,21.08249833033635,0.0009654118464543269,0.0009654118464543269,0.7646038955393194,0.3863519420130895,0.0005320267989029498
254,0.004440965618414339,0.6923091951228183,0.5826808329625706,0.8422674857653104,0.6447732606641883,0.6923087766552926,0.9977368758274958,105.15372345997737,57.11897535965993,0.0005587614499605619,0.0005587614499605619,0.7487515350445532,0.3598758172816955,0.0005300956666482484
255,0.004621782761835045,0.7136626246618926,0.6123670745946282,0.8023809210101489,0.679239038477287,0.7136622083269799,0.9977844861837534,77.39760342011085,38.19749560722938,0.0005870232215294471,0.0005870232215294471,0.7725668990572628,0.39487098357998407,0.000528163752398095
256,0.0042268078247546395,0.7255461942836319,0.6270503252639184,0.7617267210269004,0.7419792613058214,0.7255457651699793,0.9978286669804499,62.58660411834717,31.04590099132978,0.0009975616748516376,0.0009975616748516376,0.7729811130199008,0.4059178757552917,0.0005262310526550319
257,0.0043614268288365565,0.7239202617060351,0.6263881562261442,0.7177149051230481,0.737059106307814,0.7239198399926854,0.9978102720700778,50.82247858781081,14.0616135597229,0.0008886043842022235,0.0008886043842022235,0.7711428878537845,0.3887126096166097,0.0005242975638916167
258,0.0044213947937980546,0.7263201425583408,0.6257909851746912,0.7342292966965676,0.7290872856062935,0.7263196921599839,0.9977802129892203,55.90895700454712,19.006843213851635,0.0009283469273493841,0.0009283469273493841,0.7738610525311043,0.3864843478569618,0.0005223632825500419
259,0.004540841990651993,0.7164090542259222,0.6124521102301731,0.7708448099607298,0.6801889060751957,0.7164086205539372,0.9978287403400128,44.92906339351948,10.184436958569746,0.0006122772510235126,0.0006122772510235126,0.7726885468985599,0.3877501653937193,0.0005204282050417462
260,0.004305235599671365,0.7264880356146812,0.6294009390216251,0.7434389622748427,0.7185592103058837,0.7264876143229814,0.997934103012085,56.19689499414884,20.224684398907883,0.0007398678706242488,0.0007398678706242488,0.7739552003915657,0.40425364673137665,0.000518492327747022
261,0.0043339409659473365,0.711334018744378,0.6104328072399116,0.7444559109597383,0.6946112280808896,0.7113336100195433,0.997741277401264,63.57030611771803,9.920091729897718,0.0006918356968806341,0.0006918356968806341,0.7575763033058208,0.37548793078615117,0.000516555647014613
262,0.004353703988621978,0.7322619835472225,0.6320176626226496,0.7310260060920035,0.7456328733405054,0.7322615409537091,0.9978742966285119,44.41285586357117,10.93503920848553,0.0009010021503155048,0.0009010021503155048,0.7766148379842679,0.396567695415937,0.0005146181591613082
263,0.00414455481362753,0.7175844426611563,0.6141449637634876,0.7254559858996811,0.7254801286087807,0.7175840179244132,0.997840037712684,76.63646965760451,25.63642039665809,0.0009388006650484526,0.0009388006650484526,0.7580482935747848,0.37332698702812195,0.0005126798604715261
264,0.004524059776415994,0.7211262350726481,0.6210887357820079,0.7463034306004761,0.7113012289813712,0.7211258053298957,0.9977462841914251,61.752469044465286,15.24046310553184,0.0007636363689716046,0.0007636363689716046,0.7728395146819261,0.3993175783409522,0.000510740747196894
265,0.00426909163070377,0.7281516523288174,0.626923643126873,0.7361364723724108,0.7341451229748738,0.7281512187891858,0.9978789549607497,50.0574511381296,19.014934471020332,0.0008658445798433744,0.0008658445798433744,0.7742592391844553,0.3895170510961459,0.000508800815555818
266,0.0043532824056455866,0.708339565134252,0.6088963290996735,0.7098401495084278,0.7270615710795146,0.708339150413386,0.997824448805589,68.64766885684087,28.71499740618926,0.0009659620431753305,0.0009659620431753305,0.7635483642896781,0.38790512543458205,0.0005068600617330473
267,0.005516780472065035,0.6822632255398081,0.5662357165521212,0.6360943660635215,0.7619920450877891,0.6822627964075368,0.9973616600036621,89.98344366367047,50.650675503107216,0.0016431625072772687,0.0016431625072772687,0.7541901070194749,0.33528785235606706,0.0005049184818792296
268,0.005030359477342035,0.6854411939801339,0.5722249019028884,0.7665783541111867,0.6321657388389331,0.6854407782674254,0.9973416328430176,74.50703752957858,20.10323443321081,0.000620108384352464,0.000620108384352464,0.7503007271398718,0.33758632036355823,0.0005029760721104597
269,0.004778024689025747,0.7286195824111622,0.6346652854225838,0.7342364170391666,0.7354213606591915,0.728619164036904,0.9979575413923997,55.7614623950078,16.399839804722713,0.0007729530334472656,0.0007729530334472656,0.7884417018638208,0.4269132659985469,0.0005010328285078191
270,0.004171261499253048,0.7264421118975654,0.6295006086133529,0.7853145141228093,0.7160517867357906,0.7264416963941649,0.9979638319749099,69.60964206548837,36.5058730840683,0.0006954303154578576,0.0006954303154578576,0.7779215417551593,0.40955467923329425,0.0004990887471169086
271,0.004078577386490696,0.7275234856648692,0.6322113233893,0.789676774044294,0.7162215506146381,0.7275230718172758,0.9979469776153564,63.1786752480727,37.612160017857185,0.0006847014793982873,0.0006847014793982873,0.7821680688514159,0.40908799033898574,0.0004971438239473716
272,0.003931797889470965,0.7185250154543168,0.6207184419043865,0.7937373542445285,0.6965785243717458,0.7185246003260529,0.9979288761432354,70.9515276321998,30.748953943069164,0.000687415783221905,0.000687415783221905,0.7683982322923839,0.39782370856175053,0.0004951980549724098
273,0.004042269786833248,0.7182115058392851,0.6199764171880016,0.7942391527608152,0.6966403095829593,0.7182110774776659,0.9979150478656476,76.85884882853581,37.803143253693214,0.0006012916564941406,0.0006012916564941406,0.7641394826798484,0.3873161988762709,0.0004932514361282894
274,0.004287715517700865,0.7203748980337618,0.6204074612583399,0.7514426251711335,0.7031387054870699,0.7203744700039731,0.9978560484372653,54.30164456367493,12.088736121471111,0.0007276535034179688,0.0007276535034179688,0.7758549964055419,0.39988171882354295,0.0004913039633138389
275,0.0038757752615940543,0.7285556311954362,0.6298450939073132,0.7484258014126657,0.7194994525687274,0.7285552078043371,0.9979086839235746,42.40883505344391,16.849766731262207,0.0008312005263108474,0.0008312005263108474,0.7738037672236084,0.403543872328905,0.0004893556323899376
276,0.004023585394092011,0.7162190411174097,0.6166651406241724,0.7327674080716449,0.7124455888996265,0.7162186217440046,0.9978221746591421,38.308078032273514,8.86138681265024,0.0008440201099102313,0.0008440201099102313,0.7620698314052649,0.382474789252648,0.00048740643917899543
277,0.0039622067583527844,0.7263125918735335,0.6298062187316411,0.7551318472714695,0.7154509079326437,0.7263121657670577,0.9979422826033372,51.09356315319355,14.878554330422329,0.0007187769963191106,0.0007187769963191106,0.7709094220235084,0.4026821037897697,0.00048545637946442196
278,0.004191189026851834,0.7143733244547177,0.6151740045068486,0.6807297256986042,0.7646191062707446,0.7143729028221076,0.9976448095761813,72.80692746089055,14.139700188086582,0.0012312118823711688,0.0012312118823711688,0.7636470042097454,0.39922408988842595,0.0004835054489900874
279,0.004171341824146042,0.714505352387165,0.6158270928723554,0.7353017302429349,0.7202419856605254,0.7145049310956693,0.9978238069094144,63.43868455520043,15.36376997599235,0.0008578850672795222,0.0008578850672795222,0.7639148919843137,0.38460905448748517,0.0004815536434597723
280,0.004017552592883406,0.7214743153320025,0.6180210219430065,0.779854199434663,0.6809280810151184,0.7214738994208667,0.9979268037355863,73.75267281899086,20.654244074454674,0.0005955329308143029,0.0005955329308143029,0.7724190936602938,0.3807293414496459,0.0004796009585366077
281,0.003995086062646946,0.7263133749000973,0.6308412667616945,0.7329967291137662,0.7292397168444318,0.7263129530656441,0.9978932784153864,61.94892929150508,14.291030099758736,0.0008065333733191857,0.0008065333733191857,0.7751070279045962,0.4036596377308552,0.0004776473898425048
282,0.003981188546906476,0.7133743071319507,0.6151697708042884,0.7068617934491959,0.7345181527159741,0.71337386337123,0.9977763616121732,57.681584064777084,9.478328017088083,0.0009255409240722656,0.0009255409240722656,0.7541683245575629,0.3705626165924164,0.00047569293295757415
283,0.003983686233718449,0.7162442930260317,0.6191957295104792,0.7831998743639504,0.7042304769685569,0.7162438798883701,0.9978801287137545,72.69369547183697,36.26036745768327,0.0006757149329552284,0.0006757149329552284,0.7701260059928665,0.40186225866469055,0.0004737375834195338
284,0.0038979619267383195,0.7175357985602756,0.6246916609786373,0.79484535940571,0.6960252226212784,0.7175353990986011,0.997970177577092,71.05983563569876,36.477257549762726,0.0005552952106182391,0.0005552952106182391,0.7632975932747985,0.409896207256959,0.0004717813367231056
285,0.0038787791366373245,0.7231885673091353,0.6279146530815866,0.740613953042616,0.7299890475389682,0.7231881403230702,0.9979309302109939,57.9141181065486,16.399496261890118,0.0007948875427246094,0.0007948875427246094,0.769926818804099,0.40121950323765093,0.00046982418831940226
286,0.003823177254861758,0.7163576454211646,0.6217885770370228,0.7847665086088929,0.7001792049096974,0.7163572247834066,0.9979344881497897,69.04083549059354,34.866557611868934,0.0006930461296668419,0.0006930461296668419,0.7640019753553833,0.40293990763334125,0.0004678661336153
287,0.004001246419088252,0.7188610146835704,0.6190364553191743,0.7589138489731059,0.7002865502779808,0.7188606093685525,0.9978080162635217,55.37222757706275,15.440975024149967,0.0007763092334453876,0.0007763092334453876,0.7665067241133119,0.40170312400620717,0.00046590716797280114
288,0.003988508177616705,0.7042244684583691,0.6015743057750707,0.7908062553111217,0.6772599389444112,0.7042240439599827,0.9978538659902719,77.25556423113896,39.83938244214425,0.0007253426771897536,0.0007253426771897536,0.7402347368725504,0.35431587581451124,0.00046394728670838385
289,0.003985075348352369,0.707755876255402,0.6133930118256441,0.773699096121378,0.6719195856293619,0.707755465136978,0.9978365164536697,59.49775589429415,10.14928918159925,0.00047916632432204025,0.00047916632432204025,0.7547121420144461,0.4087053366865103,0.0004619864850923394
290,0.003967042114919213,0.698389222041443,0.5977646605346181,0.7679060310353344,0.6601411098389319,0.6983888136734696,0.9978173879476694,34.69549931012667,9.04160108933082,0.0005606321188119742,0.0005606321188119742,0.7432071012802995,0.37137610393647963,0.0004600247583480966
291,0.0037937859157794332,0.720067088710536,0.6264906622628803,0.7897120480139045,0.7063122507855231,0.7200666556966641,0.9979715163891132,95.15357542037964,36.3337424489168,0.0006546423985407903,0.0006546423985407903,0.7650211129086808,0.40758414337268245,0.00045806210165153324
292,0.0037623626144173052,0.7008672965777106,0.6030817307255768,0.7365846640218121,0.6956374648575125,0.7008668991892258,0.9978435956514798,62.88299886996929,16.92619601579813,0.0007987755995530349,0.0007987755995530349,0.7430992320967982,0.3773061925402054,0.0004560985101302735
293,0.004958480970414642,0.6812784546055352,0.5690179249146833,0.6607802539155837,0.7460472093132761,0.6812780412058127,0.9971507512606107,123.26344380011925,80.74064889320961,0.0018052871410663312,0.0018052871410663312,0.735247845080896,0.31664866552903104,0.00045413397886297295
294,0.004285652403968225,0.7251099443174417,0.6274864196315499,0.7514154194325557,0.7092249579645914,0.7251095327107191,0.9978645581465501,47.439084401497475,12.556738454561968,0.0007110559023343599,0.0007110559023343599,0.7739190663784169,0.4005425719974133,0.0004521685028785876
295,0.003969283891470136,0.7257578190114867,0.63157573410593,0.7763768241521242,0.7251074277320094,0.7257573924828115,0.997894708926861,76.4774745794443,37.49026358127594,0.0007903759296123798,0.0007903759296123798,0.7818030856836301,0.41576151836376923,0.0004502020771556299
296,0.004369133196842785,0.7204845710649637,0.6233442932395244,0.7947791931065056,0.6991595629556755,0.7204841529747139,0.9978824762197641,68.8810601417835,36.000321026031784,0.0007132200094369742,0.0007132200094369742,0.7736166957765818,0.3979468996135088,0.0004482346966214095
297,0.003827944906963519,0.7183667743539827,0.618835584725894,0.7864093254917961,0.7034379017923248,0.7183663630511604,0.9978155906383808,70.66234102615944,35.93781710129518,0.0008001327514648438,0.0008001327514648438,0.7621747858177584,0.3758128990347569,0.0004462663561512584
298,0.003768385848021493,0.7241378991306764,0.6280868642280241,0.7403887809782242,0.7215314716592078,0.7241374822157309,0.9978714539454534,58.08396913455083,25.3398436491306,0.0008222506596491887,0.0008222506596491887,0.7679363380616101,0.397281156709561,0.0004442970505677413
299,0.003798824626685998,0.7056767643370478,0.6060450818688994,0.7585378782845505,0.7072476730242019,0.7056763322959244,0.9977752245389498,90.04064057423518,40.706793124859146,0.0008213886847862831,0.0008213886847862831,0.7454018222096448,0.3700667920594032,0.00044232677463984944
300,0.0035821817274644184,0.7234252794624604,0.6273248628906989,0.790124270385885,0.7075359806909804,0.7234248570178949,0.9978788082416241,66.96540335508493,37.30762818226447,0.0006974660433255709,0.0006974660433255709,0.7651091126642243,0.4061572193526305,0.0004403555230821779
301,0.0035286086125639626,0.7163911840046132,0.6183100233813195,0.7963162738364014,0.6968603927846932,0.7163907698948535,0.9978593312777005,89.4487335223418,37.751743550483994,0.000681913816011869,0.000681913816011869,0.7582590576046362,0.3846861179918051,0.00043838329055408696
302,0.003462353423226607,0.7281563029820788,0.6335607746579441,0.7483670286417105,0.7188760234104546,0.7281558731854518,0.9979060613192045,61.17874462787922,21.761194229125977,0.0007545764629657452,0.0007545764629657452,0.7684719895052974,0.40713821752713275,0.00043641007165884534
303,0.0035388374386597066,0.7324318056633738,0.6377427094825084,0.7827746196106975,0.728595653110822,0.7324313855625854,0.9979540201333853,56.5697778738462,33.34057126595424,0.0007984638214111328,0.0007984638214111328,0.7694951635964501,0.4169061927554699,0.0004344358609427563
304,0.003467756131263181,0.7032487825803359,0.6023130165815397,0.8197060445469174,0.652382532251849,0.7032483611165952,0.997825549199031,81.27859223805942,33.10097260658558,0.0004547375899094802,0.0004547375899094802,0.7485800904508394,0.3806564719058,0.0004324606528942658
305,0.004142285400191143,0.7171317104291952,0.6178615870587019,0.7786186333230549,0.7140572549550227,0.7171312910157255,0.9978543611673208,81.14592189055223,32.5475866657037,0.0008110266465407151,0.0008110266465407151,0.7552365236199245,0.38562084849064165,0.0004304844419430511
306,0.0034733359293918162,0.71894777777626,0.6193091309987915,0.7597192739194388,0.6950520207896749,0.7189473584308147,0.9978447694044846,70.09933491853567,11.040738000319553,0.0007205192859356219,0.0007205192859356219,0.755532075256969,0.3868109523676909,0.00042850722245909174
307,0.0036935888316433053,0.7220994294155856,0.6254942121521965,0.7873365561491928,0.7044656148743391,0.7220990017707055,0.9979139107924241,83.79199745104863,37.20384222727556,0.0007038299853985126,0.0007038299853985126,0.7629488498135358,0.39781547165833986,0.00042652898875171984
308,0.0035239523231911543,0.7170814310462864,0.6183713800697378,0.802219017560168,0.6865733916108933,0.7170810077826909,0.9978976616492639,79.38930010795593,36.395481646060944,0.0006458209111140325,0.0006458209111140325,0.7611059476442349,0.39267711312724995,0.00042454973506865094
309,0.00340648482373441,0.7237353399306357,0.6276016231948618,0.7857666211651839,0.7142150828962937,0.7237349216154834,0.9979006877312293,84.18550946162297,30.565667739281288,0.0007934753711407001,0.0007934753711407001,0.7565270065007588,0.39791109341268355,0.00042256945559499383
310,0.0034702923020141986,0.7096596921801918,0.6133302434624022,0.785608933011265,0.6875313486141589,0.7096592874021842,0.9978888585017278,72.93713433008928,36.176649034023285,0.0006677921001727765,0.0006677921001727765,0.7408374773624998,0.3760025988404567,0.0004205881444522394
311,0.0036577318561075325,0.7257238183005545,0.6285583770839043,0.7399229805629729,0.7258341956370502,0.7257233946231472,0.9978485107421875,38.84777281834529,17.007015054042522,0.0008024802574744591,0.0008024802574744591,0.7690278690917274,0.40446550871890324,0.0004186057956972281
312,0.003680559233544045,0.6941137186724369,0.5930428270812897,0.6828323196065829,0.7339714086496993,0.6941133081878322,0.9975464160625751,72.24686987583453,36.35858110281137,0.0012357051555926984,0.0012357051555926984,0.7281697203012615,0.3665748672703138,0.0004166224033210947
313,0.005708584355978439,0.7206618867249062,0.6170868913435784,0.7562694494394963,0.7050479487882002,0.720661478404024,0.9978438890897311,61.42067636893346,12.810448339352241,0.0007829115940974309,0.0007829115940974309,0.769514283335761,0.3825010462449147,0.0004146379612481899
314,0.003937563824785264,0.7321611383168405,0.6334381208136913,0.7755692186206395,0.7035770225077802,0.7321607139898734,0.9979809797727145,60.47424839093135,21.671589424976936,0.0006874708028940054,0.0006874708028940054,0.7748085539788008,0.415183879291782,0.00041265246333497955
315,0.0036826231922672237,0.722840208214839,0.6254419500422903,0.7311739057219265,0.7277896527405763,0.722839778092375,0.9977936928088849,80.24890123880826,21.711894085774055,0.0009494194617638221,0.0009494194617638221,0.7703052870168065,0.4022026944618959,0.00041066590336891814
316,0.00349408973026864,0.7174696467477044,0.6182994501074709,0.7349447122050287,0.716930294159435,0.7174692220201155,0.9978920863224909,56.16633409720201,19.92717519173255,0.0007871297689584586,0.0007871297689584586,0.7491477702815945,0.3858561234978529,0.0004086782750672989
317,0.003726476373300941,0.7104278265293866,0.6119352470753321,0.8056322940604551,0.6785659041496358,0.7104274073410186,0.9978534441727859,75.28413163698636,36.4798497741039,0.0005659506871150091,0.0005659506871150091,0.7458619077403384,0.38348270021378994,0.0004066895720760775
318,0.0033613830749415615,0.7157812823084131,0.6183431448047141,0.744236267422251,0.7042695326792153,0.7157808611786923,0.9979011095487155,47.324822664260864,9.894426698868092,0.000761105464054988,0.000761105464054988,0.7477154652588069,0.37577556532162887,0.00040469978796866976
319,0.003342099144971983,0.7213189007802107,0.6271908690309324,0.7522888742421382,0.7062009008913593,0.7213184926667656,0.9979231357574463,51.93413554705106,20.860620342768154,0.0006613547985370343,0.0006613547985370343,0.7563633220628477,0.4002265196580153,0.0004027089162447227
320,0.003353221979733252,0.7243378497288641,0.6290651908166857,0.7545857789743119,0.709711039744096,0.7243374266958083,0.997944868527926,48.4261295061845,9.407903643754812,0.0007138619056114784,0.0007138619056114784,0.7586303495157224,0.39981888263271403,0.00040071695032885756
321,0.0033065923127231565,0.7153625595929115,0.6212145916749953,0.8041811139231266,0.6839987120079527,0.7153621435244535,0.9979489950033334,88.2781830384181,36.46474445324678,0.0005479959341195914,0.0005479959341195914,0.7522543512884743,0.4012560569323026,0.0003987238835693844
322,0.0033688670254587824,0.7210232088853117,0.6271541048083468,0.7924192416606601,0.7048359412904763,0.7210227902268653,0.9978914811060979,68.58965292343727,30.86542504108869,0.0007279102618877704,0.0007279102618877704,0.7583845243072853,0.40778818268042344,0.00039672970923698735
323,0.0034690824669758934,0.7032296392161859,0.6059519416509012,0.7595325695805357,0.6674625773053335,0.7032292379391115,0.9978577540471003,64.9188865514902,15.765758835352385,0.0005251077505258414,0.0005251077505258414,0.7318851910503537,0.3623449057340622,0.0003947344205233804
324,0.0037197192493924657,0.7205744600625784,0.6269407938489049,0.7539246044967238,0.703223318766796,0.7205740468615291,0.9978957726405218,36.778526049393875,8.85159655717703,0.0006430149078369141,0.0006430149078369141,0.764710126659618,0.41076683453642404,0.00039273801053993075
325,0.0034596244331623893,0.7249752114006636,0.6289444936850426,0.7926370754442948,0.7127508833349545,0.7249747911260264,0.9979280325082632,82.6233797623561,39.462590451423935,0.000739904550405649,0.000739904550405649,0.7628105137712107,0.40199926123023033,0.000390740472316252
326,0.003267474067028021,0.7275197963644069,0.6334553808333888,0.7460412743764977,0.7237690587517954,0.7275193750050065,0.9979678850907546,64.36587009063133,9.402074809257801,0.0007086350367619441,0.0007086350367619441,0.7630498269931055,0.40663588505524856,0.0003887417987987635
327,0.00324505280989867,0.7233261871857167,0.6276834952419222,0.8073297242029184,0.6950371402072869,0.7233257636331873,0.9979356985825759,61.72459365771367,30.008992245564095,0.0006092511690579928,0.0006092511690579928,0.7602357858827767,0.4057921493569246,0.00038674198284921577
328,0.0032347624294813545,0.7165859956074322,0.6218651392492067,0.7660216408965815,0.7221422365856506,0.7165855716813178,0.9978474653684176,71.25184752390935,36.38327027284182,0.0007979869842529297,0.0007979869842529297,0.7481601901345829,0.38689967817985094,0.0003847410172431821
329,0.003265440993485614,0.7200976157834449,0.6227751797965495,0.7849963463151888,0.7101861711939588,0.7200972022712088,0.9978776711684006,61.16198246295635,30.160391142735115,0.0007087817558875451,0.0007087817558875451,0.7458117068207895,0.3847276854973573,0.00038273889466851373
330,0.0032462967456712457,0.705219771312885,0.6071677091112131,0.7896121352418676,0.6803726724965719,0.7052193685826241,0.9978163609137902,76.93948510976938,36.76980855373236,0.0006450139559232271,0.0006450139559232271,0.7371932136682937,0.36375564909898317,0.00038073560772375803
331,0.0033021372107144157,0.7131917193463537,0.6179837954753185,0.8025608912437707,0.6853791447632809,0.7131913123627248,0.9978765157552866,71.3887468117934,30.401251737888042,0.0006058216094970703,0.0006058216094970703,0.7447570461349992,0.3878574382800322,0.0003787311489165393
332,0.003578848316884922,0.7162184843509566,0.6185801501137742,0.779601158307783,0.6776845944300944,0.7162180633227808,0.9978620822613056,42.75760340690613,13.140013314210451,0.0005367719210111178,0.0005367719210111178,0.7572948750681602,0.4051226040778252,0.0003767255106619003
333,0.003270876311244837,0.7219575372947507,0.6258244201068391,0.7475628717252939,0.7134725306316285,0.7219571228180227,0.9978921596820538,54.67692927213815,13.54253377364232,0.0007463968717134916,0.0007463968717134916,0.7549892605568927,0.3879612202827747,0.0003747186852806031
334,0.0032717141741438983,0.7192989572844103,0.6219242517941124,0.7564163420328673,0.6958619141690368,0.7192985346692711,0.9978892252995417,63.757881311269905,25.092770654421585,0.0007107257843017578,0.0007107257843017578,0.7514637879525813,0.3904088338693747,0.00037271066499738924
335,0.0032919635839509563,0.7288727733565795,0.6329448489731478,0.7495425549479658,0.7248998528372144,0.7288723446165442,0.9978917011847863,52.352067745648895,7.6006192198166485,0.0008260836968055138,0.0008260836968055138,0.7659207421999711,0.4008821180233589,0.00037070144193919653
336,0.00315592057575906,0.7100871886249748,0.6119424266577169,0.7811685096359646,0.7023605026151346,0.7100867598790237,0.9978137383094201,64.9067205465757,34.664682961427246,0.0007515503810002253,0.0007515503810002253,0.7317534004553006,0.3747322822992618,0.00036869100813333194
337,0.0034399526160156643,0.7160514699026771,0.6223363104473628,0.7857816976859815,0.7041289341070696,0.7160510544207853,0.997862302339994,81.12860989570618,39.005322538889374,0.0007306245657113882,0.0007306245657113882,0.7515091057866812,0.40220759350519913,0.00036667935550559937
338,0.0031212178232985586,0.7216292137758848,0.6287862079481852,0.7455957307905118,0.7098137867161222,0.7216287952351483,0.9979060613192045,55.54702137066768,17.44938488648488,0.0007005838247445914,0.0007005838247445914,0.7592991648662764,0.40189337357878685,0.00036466647587838003
339,0.003156985325124249,0.7183539379594992,0.622040066650553,0.7501675264586838,0.7060438254049985,0.7183535198802485,0.9978415599236121,59.94261991060697,20.151391414495613,0.0007540262662447416,0.0007540262662447416,0.7417461957912355,0.385161193804099,0.0003626523609686652
340,0.0031520243372562197,0.7156537076946002,0.6196618018532687,0.7902153412060801,0.7004020494828651,0.7156532935707249,0.9978815592252291,58.26850019968473,36.26994253580387,0.0006922208345853365,0.0006922208345853365,0.751577146888639,0.3870343720683685,0.00036063700238603866
341,0.003211729447894658,0.7174823146498764,0.6233012249251758,0.8033383909452811,0.6902762794642142,0.7174819029274248,0.9979144976689265,82.95803143427922,36.377616501771485,0.0006214105165921724,0.0006214105165921724,0.7485667754719822,0.3875309837838778,0.0003586203916306077
342,0.003141988239244361,0.7296518361836198,0.635263834907583,0.7682576396277404,0.7071282408799051,0.7296514239960066,0.9978991288405198,56.8952271938324,9.693518175528599,0.0006659030914306641,0.0006659030914306641,0.7638440004800662,0.41545266658067703,0.0003566025200908819
343,0.0030071323979847455,0.7184034384755094,0.6220867424114641,0.7708197123312951,0.6926713826929067,0.7184030132449446,0.9978949473454402,58.9588224704449,15.049876121374277,0.0006672235635610727,0.0006672235635610727,0.7501228970403855,0.39666784268159133,0.0003545833790415959
344,0.0031250684023689246,0.7136925070313727,0.6173776025543553,0.7948845505042422,0.6922070982049942,0.7136920899552393,0.9978715639847976,50.23995702083294,36.21424731382957,0.0006684339963472807,0.0006684339963472807,0.740683963880516,0.3856035058314984,0.0003525629596414768
345,0.003306434245482356,0.7264783862973776,0.6311867850093885,0.7599076666195035,0.7111508161858231,0.7264779704948795,0.9979222187629113,64.2170577599452,13.486770460238823,0.0007031880892240084,0.0007031880892240084,0.7630888066593378,0.40720505439318144,0.0003505412529309526
346,0.003128113708953606,0.727124692241025,0.6310189729692642,0.754716999022262,0.7163922949970563,0.7271242673487888,0.9979507923126221,50.64477738967309,14.16005615546153,0.0007474605853740985,0.0007474605853740985,0.753663060519242,0.40323750545772225,0.0003485182498298004
347,0.003382601453407775,0.7297154494056018,0.6333495865930415,0.7688534059599282,0.7135866032113599,0.7297150268436364,0.9979528097005991,55.354753292523895,15.257481432878054,0.0006989148946908804,0.0006989148946908804,0.7625283512573403,0.39565700091994727,0.0003464939411347329
348,0.0031203720245684963,0.7148870827572193,0.6127404587876397,0.7286025046834056,0.7150361620775143,0.7148866498167242,0.9978439257695124,71.78149751516489,24.93024668785242,0.0009049819065974309,0.0009049819065974309,0.7365411130074511,0.3510876644689303,0.0003444683175169201
349,0.0031601594898977335,0.716533611830243,0.6229963328016542,0.7595500609013786,0.6930127619021291,0.7165331944755807,0.9979313336885892,58.099621332608734,14.200317845894741,0.0006040609799898588,0.0006040609799898588,0.7484585585664788,0.38965805233097994,0.00034244136951944463
350,0.003139008148886765,0.7156765678229853,0.6191257606989815,0.7859563983494181,0.7038903706802835,0.7156761478495746,0.9979005226722131,31.244739092313328,8.8597802565648,0.0007263880509596604,0.0007263880509596604,0.7426335922299097,0.38216111379174084,0.0003404130875546888
351,0.003143200767226517,0.7224802616151474,0.6271715945484254,0.7511626271325172,0.711485536420568,0.7224798471526643,0.9979126820197473,65.69540570332454,22.524648405038395,0.0007384923788217398,0.0007384923788217398,0.7504659455175547,0.39005955079427135,0.0003383834619016499
352,0.0029859630258915085,0.7248945149449167,0.6276569808761054,0.7533134666628792,0.7080768459985827,0.7248940846812748,0.9978380936842698,49.01985245484572,26.474910511420322,0.0007917881011962891,0.0007917881011962891,0.7523679944251154,0.3951085817355376,0.00033635248270318287
353,0.0029707506246967777,0.7188910537740896,0.6235648355332712,0.7460528137009879,0.7126380516683567,0.7188906234741205,0.9978789549607497,55.00781251833989,19.602968848668613,0.0007315415602463942,0.0007315415602463942,0.7480539596066452,0.3885651402748548,0.0003343201399631669
354,0.003251280270398218,0.7218057256342088,0.6235983263134918,0.7457921706469773,0.7181522118721937,0.721805284695733,0.997802000779372,65.35280908071078,14.510825170920445,0.0008338231306809646,0.0008338231306809646,0.7577652038397411,0.3911029560348162,0.0003322864235435932
355,0.0032568256126698824,0.7295899244433878,0.6337062408463635,0.7625969620636399,0.7153059330846747,0.7295895001246857,0.9978543428274301,72.42509067975558,17.768573898535507,0.0007410232837383563,0.0007410232837383563,0.7589669871824578,0.3996822375517625,0.00033025132316157177
356,0.0032293484199236934,0.7162183323264795,0.6191793913432282,0.7481329344114721,0.7060919383529064,0.7162179066264718,0.997833435352032,68.92473376714267,22.179668288964493,0.0007813893831693209,0.0007813893831693209,0.754214395965951,0.3892772150440858,0.00032821482838625376
357,0.0030085275601987424,0.7120196805616955,0.6154991389497799,0.7573823413967212,0.6838723717068185,0.7120192650384816,0.9978165076329157,54.79947777894827,23.142604300609,0.0006915055788480318,0.0006915055788480318,0.7375104455008673,0.3850570000134982,0.0003261769286356675
358,0.0031174525008212254,0.7118094157479172,0.616982765327212,0.7600977057769277,0.6872088279708295,0.7118089971193212,0.9978850804842435,50.341648431924675,10.099496855185581,0.000662987048809345,0.000662987048809345,0.7390256470714051,0.3858427313657907,0.0003241376131734635
359,0.002970981337337155,0.7174838769920027,0.6215999861488405,0.7512395330972956,0.7045828360497298,0.7174834571602889,0.9978925448197585,47.45061775354239,20.874020154659565,0.0006977228017953726,0.0006977228017953726,0.7469020556801786,0.3862819029734685,0.00032209687110556687
360,0.002951077596662799,0.71606987028492,0.6228838282506737,0.7585395207890547,0.690279097664235,0.7160694506253851,0.9978936268733098,73.83864230376024,9.741498575760769,0.0006257203909067007,0.0006257203909067007,0.7405142931160159,0.3977691737505106,0.00032005469137673224
361,0.0028263967883853745,0.7146246449759043,0.6210725384412003,0.750618781096898,0.7057387190518963,0.7146242218131094,0.9979080970470722,61.47219918324397,12.809529396203848,0.0006564763876108023,0.0006564763876108023,0.7450428260132097,0.3955718625623446,0.0003180110627669995
362,0.002870482781033318,0.7222152111450847,0.6283352426708955,0.744187724317691,0.7167498569388163,0.7222147930165443,0.9979050342853253,72.02900453714224,14.912206819424263,0.0007177866422213041,0.0007177866422213041,0.743783319483135,0.4019736942763512,0.00031596597388804456
363,0.0030731892608085987,0.6991810685766457,0.6015482949441754,0.7182086457310941,0.7002825068871339,0.699180646584819,0.9977889611170843,59.9817091868474,19.186225588505085,0.0007640581864577073,0.0007640581864577073,0.7162435653332907,0.35515085005989444,0.0003139194131794234
364,0.0030217440398701,0.7222740832129664,0.6264201620616046,0.7659680550073033,0.6986186961257191,0.7222736717139873,0.997878753221952,60.90578037041884,14.892430644768934,0.0006415477165809044,0.0006415477165809044,0.7449471559823275,0.3953346711798356,0.00031187136890470395
365,0.002943581978168088,0.7111225119643622,0.6181285341981647,0.7607626242934512,0.6843559747802458,0.7111221011615148,0.9979461339803842,44.594538541940544,8.107727500108572,0.0005119947286752554,0.0005119947286752554,0.7419241618794891,0.3969747759401798,0.00030982182914748223
366,0.0027820884410735183,0.7255116894074842,0.6297528075398359,0.7938960985978073,0.7111758301311035,0.7255112708623521,0.9978991471804105,75.77598955998054,30.12405649515299,0.0007195472717285156,0.0007195472717285156,0.7552054591405277,0.40150140311855537,0.0003077707818072785
367,0.0028620695376538117,0.7192562191506474,0.6235670224200417,0.7864732284657611,0.7059696474514406,0.7192557947896775,0.9978584693028376,74.49464286290683,34.12009161710739,0.0007326236137977013,0.0007326236137977013,0.7459922303490972,0.3891428459722262,0.0003057182145953083
368,0.0028071788159510246,0.7005315892561056,0.5992055519503402,0.7090254253075818,0.713035872824611,0.7005311585606845,0.9977557292351356,67.945027919916,34.10931178239676,0.0008945281688983624,0.0008945281688983624,0.7227735148312954,0.3514528228686406,0.00030366411503012506
369,0.003070017216556992,0.7112029319397823,0.6151841424872817,0.7336622299677276,0.7032196288130252,0.7112025125849176,0.9978104004493127,71.83553097798274,23.730902965252216,0.0007854608389047476,0.0007854608389047476,0.735546901960893,0.3738498126084988,0.00030160847043312673
370,0.002974439710669685,0.7183438144032859,0.6245544687065383,0.7654381071662159,0.692871448799444,0.718343403217798,0.9979257583618164,43.09922157801115,8.738134306210737,0.0006345968980055589,0.0006345968980055589,0.7421744548751471,0.3890097126937829,0.00029955126792392453
371,0.0028003290709211095,0.7145293603844496,0.6184822797610339,0.7991303160788491,0.6886874813003256,0.7145289482486259,0.9978875196897067,68.88078244832846,34.16273738787724,0.0006139095012958234,0.0006139095012958234,0.7318451218307018,0.3824832456616255,0.00029749249441556524
372,0.0026888731993564693,0.7176669786726294,0.6203321258901932,0.7707427895740613,0.7000544594177179,0.7176665504503457,0.9978756354405329,36.9669831440999,10.314974734416374,0.0007136051471416766,0.0007136051471416766,0.7364088978188542,0.3726074374639071,0.00029543213660960366
373,0.002819620519473504,0.7259566146357239,0.627814517495778,0.7644258841023893,0.7058174423521447,0.7259561884254315,0.9978343340066763,62.2327497280561,14.878674342082096,0.0006935779864971454,0.0006935779864971454,0.7506901762591531,0.39071873217248,0.00029337018099101795
374,0.0027783749291512114,0.7106219944967592,0.6133241354051611,0.7534794670209197,0.6926376869227657,0.7106215733355861,0.9978244671454797,73.00131320953369,19.40129151711097,0.0006993733919583834,0.0006993733919583834,0.7280857984621364,0.3749453413944978,0.00029130661382296226
375,0.0028332115447343453,0.7203137344001116,0.6250542635708013,0.7643809436369787,0.6970396890096286,0.7203133056980786,0.9978571121509259,61.62731986779433,19.213915357222923,0.0006695894094613882,0.0006695894094613882,0.7461006228919499,0.3953377534277164,0.0002892414211413496
376,0.0029037937362702973,0.7142962761751697,0.6185785823707646,0.7498388060182257,0.6982653755432201,0.7142958387090098,0.9978628158569336,46.046706621463485,16.513889106420372,0.0007625543154202974,0.0007625543154202974,0.7315429981547192,0.3814215683020078,0.0002871745887492587
377,0.0029119222806632305,0.7006281434531071,0.6063944620769433,0.7649970988087484,0.6740336542992715,0.700627729906832,0.9978466217334454,36.805927973527176,9.337674805751213,0.0006442436805138221,0.0006442436805138221,0.7258281403471931,0.37444051971229225,0.0002851061022111573
378,0.0028313848333010147,0.7053757846660892,0.6111565878633676,0.7654357409768439,0.6779381811105638,0.7053753637818857,0.9977944630842942,47.578472568438606,13.009962228628305,0.0006251518542949969,0.0006251518542949969,0.7313022856564763,0.3810306205772437,0.00028303594684693387
379,0.0028079523420344163,0.7135992285254548,0.6151786262022539,0.7747803095562636,0.6739892732861315,0.7135988060894584,0.9978585610022912,58.78727131623488,18.51938346716074,0.0005841438586895282,0.0005841438586895282,0.7407340168764887,0.3843799869601543,0.00028096410772573076
380,0.0027990784107644754,0.7053478636359289,0.6081349687267019,0.7779975803237558,0.6886312502014313,0.7053474449521934,0.9977814050821158,74.92802298069,47.11659041734842,0.0007932736323429988,0.0007932736323429988,0.7157009680522606,0.37874647631095004,0.0002788905696595702
381,0.002660240228019225,0.7174521924311039,0.622045289978603,0.7560525602275642,0.699093878986379,0.7174517806412932,0.9978567636930026,53.103341900385345,16.28416669368744,0.0007178600017841046,0.0007178600017841046,0.742293860951367,0.3830858734078132,0.0002768153171967635
382,0.0028681113576917248,0.718338089636817,0.620594643960782,0.7587752202369968,0.6987706306308729,0.7183376774214234,0.9978778545673077,48.3321172274076,21.17361742716569,0.0006944766411414513,0.0006944766411414513,0.7393792556562963,0.3763522090247044,0.0002747383346150956
383,0.0029187349644836593,0.7147210385042974,0.6157773493647375,0.7635464279994386,0.686588038476249,0.7147206130012482,0.9978199371924767,59.58697698666499,17.662416889117313,0.0007044718815730169,0.0007044718815730169,0.7303913447540253,0.3659972653079491,0.00027265960591477443
384,0.003414254877917791,0.6982579934550691,0.6040041010895126,0.773862153933875,0.6849487045554808,0.6982575890149196,0.9977320157564603,86.94801352574275,43.22146274493291,0.0007812243241530198,0.0007812243241530198,0.7196535494585987,0.37780264077278286,0.0002705791148111353
385,0.002726639562752098,0.692578857478203,0.589192786316836,0.6983582733021019,0.7042816736689488,0.6925784370038925,0.9975687357095572,78.26995418621944,37.34818266905271,0.0010595321655273438,0.0010595321655273438,0.7212556614255076,0.3385919633393104,0.000268496844727089
386,0.0028716705482321023,0.7104827430465294,0.6126093488749654,0.7451960804377655,0.6930793028493848,0.7104823304737903,0.9977933260110708,65.6626743720128,23.771515804987686,0.0007721460782564604,0.0007721460782564604,0.7279971119132824,0.3682076988311914,0.0002664127787853039
387,0.0026521047766436823,0.718130750648166,0.6195498313703833,0.7387943152943147,0.7130326644453656,0.7181303183408735,0.9977924090165359,66.21813994187575,25.15487056053602,0.0008325576782226562,0.0008325576782226562,0.7359950019566056,0.3721845214470075,0.000264326899800108
388,0.0025746316671127435,0.7145434002736146,0.6183049015633038,0.7518224459799148,0.697253019540779,0.7145429819716914,0.9978279517247126,69.96307975512285,25.095232303325947,0.0007479374225323016,0.0007479374225323016,0.7371648653710369,0.37615674977692276,0.00026223919026910044
389,0.0026868065532863303,0.7191789626546677,0.6228302601948568,0.7489168352010976,0.7090945210887182,0.7191785369607492,0.9978196987738976,69.98519959816566,21.138320895341728,0.0007950159219595102,0.0007950159219595102,0.7469120864541485,0.39362629789572495,0.0002601496323644581
390,0.0027574893925842703,0.6913076850546437,0.593392420043974,0.7516010068552554,0.6720460190517189,0.6913072799983293,0.9977198197291448,66.63532790770897,21.836021629663612,0.0007199507493239183,0.0007199507493239183,0.7123620685261602,0.35917465661007625,0.0002580582079239239
391,0.0026966862205881625,0.7135136960671832,0.6161344993095892,0.7612802623231485,0.6842634439332917,0.7135132782235777,0.997860651749831,68.57304701438316,20.75242432264181,0.0006584020761343149,0.0006584020761343149,0.7370344520403216,0.3798692843948419,0.00025596489844146203
392,0.0027241581801018375,0.7166861529617722,0.6185560963093167,0.7492683608144508,0.7006457108259851,0.7166857274551777,0.9978101803706243,69.06045766977164,19.91156593652872,0.0007795187143179086,0.0007795187143179086,0.7377788526198577,0.38231851518727267,0.0002538696850575648
393,0.002725852328204872,0.714754630952817,0.6196253878367076,0.8019456818301873,0.6906177347372578,0.7147542219436942,0.9978574239290677,97.84728733392862,34.20545279521208,0.0006688741537240836,0.0006688741537240836,0.7340891495920144,0.38664518755215865,0.00025177254854919455
394,0.002555798874359775,0.7099247875830723,0.6139841782458835,0.798873844695984,0.6824611780563876,0.7099243743674185,0.9978253658001239,77.78438874391409,37.47520459615267,0.000644537118765024,0.000644537118765024,0.7292757206238233,0.3673968603118108,0.00024967346931934365
395,0.002698734818365595,0.7106634361832215,0.6144009921307345,0.7603967230385111,0.7176506318643336,0.7106630112265069,0.9977876223050631,95.73171659616324,36.99105012875337,0.000885156484750601,0.000885156484750601,0.724571598532538,0.3799659333263452,0.00024757242738619403
396,0.0026934265388263157,0.7016532684058508,0.6084295634135588,0.7867073830262418,0.6809987948337647,0.7016528540191255,0.9977801946493295,82.65655178290147,37.17067746474193,0.0007025278531588041,0.0007025278531588041,0.7200141588512522,0.3764694883273198,0.00024546940237185757
397,0.0026539063703519506,0.6988986653346253,0.6044489591560369,0.7894074636706789,0.6746847624450569,0.6988982609121724,0.9977676134843093,88.03444695472717,44.66192748454901,0.0007013541001539964,0.0007013541001539964,0.71563107286112,0.36817530256051284,0.0002433643734906761
398,0.0026989371193709443,0.7084358225407574,0.6131626068857349,0.7861628962879312,0.694815758392638,0.7084354044553568,0.9978005152482253,95.37856748470894,42.891111529790436,0.0007899724520169771,0.0007899724520169771,0.7279650195537565,0.37234709698420304,0.00024125731953706037
399,0.0027914608343473026,0.7021463468803358,0.6034013279738744,0.7690059143428649,0.6623661589744937,0.7021459364004703,0.9978055953979492,66.62401039783771,25.101007855855503,0.0006228226881760817,0.0006228226881760817,0.7233477663606979,0.3744000931485341,0.00023914821887284436
400,0.002623746438845186,0.7092949634363399,0.6146722982574139,0.7565356500049035,0.6825634364959933,0.7092945584047446,0.997828850379357,72.55456926272466,20.37180187151982,0.0006493605100191557,0.0006493605100191557,0.7310938748817605,0.380464694964198,0.00023703704941413096
401,0.0026941218093270436,0.6939184533588656,0.5951650476866541,0.7410104444654111,0.6667598715829955,0.6939180406315206,0.9977702727684608,81.57944041032057,32.87704410919776,0.0006772738236647386,0.0006772738236647386,0.7165485473098949,0.3566880878061056,0.00023492378861760376
402,0.0027213144604992033,0.7027435771706116,0.6053153207576436,0.756330917871701,0.6745893556739926,0.7027431627595829,0.9978216061225305,78.18354441569402,28.263405818205612,0.0006367243253267729,0.0006367243253267729,0.7199545297573002,0.3615083877856915,0.00023280841346627672
403,0.0027064029633877976,0.7068273582897631,0.6115516842297044,0.7773948525673945,0.6917969049589213,0.7068269457494101,0.9977774436657245,96.18935577686017,44.68554007090055,0.0006851232968843901,0.0006851232968843901,0.7261364740529381,0.3761376222738853,0.0002306909004546538
404,0.0027350908154543364,0.724347090836604,0.6262304913834208,0.7491714035708554,0.7118230328204475,0.7243466745853596,0.997876552435068,63.02610112153567,28.324395367732414,0.0008154832399808443,0.0008154832399808443,0.7407752268543566,0.38484532515016884,0.00022857122557326718
405,0.002723544438105399,0.7141171133354265,0.6208247660276798,0.7461907396986803,0.7009424153596225,0.7141166984714945,0.9978869144733136,64.85701264784886,16.478515441601093,0.0006602727449857271,0.0006602727449857271,0.7378641939005599,0.39406589633570266,0.00022644936429256138
406,0.0026934281269439873,0.7164798199411001,0.6209213544826474,0.7601851827275113,0.6951284546438166,0.7164794018566814,0.9978208725269024,56.36247435899881,12.67088757111476,0.0007013907799353966,0.0007013907799353966,0.7371768881029521,0.3851078158387771,0.0002243252915460891
407,0.0024889066251209723,0.7177553985662033,0.6245231105946139,0.7953571053205994,0.6963454385457065,0.7177549872661625,0.9978510783268855,78.38102679069226,30.942800210072445,0.0006628219897930438,0.0006628219897930438,0.7407237919262395,0.3895565618116122,0.00022219898171298088
408,0.002509181745643638,0.7139995467259033,0.6186712392302359,0.7775963379042218,0.7058995753946433,0.7139991234921579,0.9977806348067063,93.71921552144565,36.36960334044237,0.000780032231257512,0.000780032231257512,0.7281030020676553,0.37269676791933865,0.00022007040859965013
409,0.002462580321942089,0.7139736497062688,0.6205860089085208,0.7853565525923885,0.6983450995765991,0.7139732372916318,0.9978598631345309,92.58030357727638,35.8956059217453,0.0006924225733830378,0.0006924225733830378,0.7308598245547798,0.38366738549218726,0.0002179395454206905
410,0.0024880353708935077,0.7082361996895378,0.6138098984173815,0.7502649017605592,0.6901859856630395,0.7082357854252259,0.9978201572711651,73.4384679702612,29.055980077156654,0.0006576501406156099,0.0006576501406156099,0.724753573155165,0.37764841662003445,0.00021580636477892232
411,0.0025305608374205455,0.71250814414007,0.616427180317845,0.7880126966432976,0.6987213321091684,0.7125077211448099,0.997831234565148,82.79253764335925,39.79825713084294,0.0007142470433161809,0.0007142470433161809,0.7329879397360716,0.38036302305184877,0.0002136708386445385
412,0.002574491762201293,0.7086030196246352,0.6117967507363246,0.7911534138125496,0.6888889685692916,0.7086026070180473,0.997784999700693,90.91942012310028,35.266218249614425,0.0007299826695368841,0.0007299826695368841,0.7236555603180582,0.36424688536387223,0.00021153293833330034
413,0.0024986748055828055,0.7093310516555758,0.6141812321044683,0.7444282544203572,0.6954018859592974,0.7093306453721655,0.9978042932657095,61.062435333545395,14.49235058747805,0.0007234903482290414,0.0007234903482290414,0.7273691767969956,0.37343294001542604,0.0002093926344837281
414,0.002434049022457867,0.702943799157339,0.6063260947925097,0.7411450912469503,0.6874865086828651,0.7029433938911657,0.9978134081913874,71.27234900914706,25.657016075574436,0.0006865171285775992,0.0006865171285775992,0.7139285493870445,0.3586530178212203,0.0002072498970332279
415,0.002455454069114729,0.7069343617260467,0.6104744432496921,0.798885187329543,0.6777718701461407,0.7069339426956623,0.9977959119356595,83.93016045827132,39.668126092507286,0.0006762467897855318,0.0006762467897855318,0.7204343693223424,0.3690949437709955,0.00020510469519309334
416,0.0025376972210394274,0.7060708167351133,0.610488387068486,0.731011498144245,0.6926710607151507,0.706070416536313,0.9978125828963059,76.49317238881038,14.624402064543505,0.0007529258728027344,0.0007529258728027344,0.7195285545223249,0.3639919227705552,0.00020295699742231397
417,0.0027240564553582002,0.7084820412803008,0.6109184505109672,0.768535417481531,0.7009129967960248,0.7084816293886161,0.9977425611936129,83.46313073084904,39.502239915040825,0.0008195546957162711,0.0008195546957162711,0.7238491960541489,0.36081040965823025,0.0002008067714001198
418,0.0025319459642700027,0.7039914827621877,0.6052902233991033,0.7449609054227488,0.6826123637961015,0.703991071358511,0.9977602958679199,72.63084254815028,14.605453587495363,0.0007631778717041016,0.0007631778717041016,0.713128386844451,0.35983775154902387,0.0001986539839971847
419,0.002448460248370583,0.7040232020893366,0.6070907581021883,0.7439531757843775,0.6865563409930172,0.7040227732052198,0.9977409839630127,53.24384554532858,10.05162016245035,0.0007399228902963492,0.0007399228902963492,0.7170126256353867,0.3648090683496915,0.00019649860124540636
420,0.0024158084084214913,0.7117314067790572,0.6131358775395758,0.7516472463928745,0.6883164899377803,0.711730983414436,0.99779356442965,68.20652146522815,13.120125234127045,0.0007572540870079627,0.0007572540870079627,0.7214243092054787,0.36362444208218503,0.00019434058830617405
421,0.0024200856872854414,0.7102613313729005,0.614892849092951,0.7369569927492126,0.6997401856648906,0.7102609012152783,0.9978143435258132,69.77987340780405,30.186788242596847,0.0007552550389216497,0.0007552550389216497,0.7230784851798,0.3654954582452774,0.00019217990943702903
422,0.0024446406076514484,0.7083006840324446,0.6129454521175606,0.7950439436487959,0.6836038650683993,0.7083002622961732,0.9978140684274527,84.89096847864298,31.107772244856907,0.0006493238302377554,0.0006493238302377554,0.7226597605129848,0.3695639721476115,0.00019001652795661513
423,0.002403913895530143,0.7115863812102581,0.6162002058610466,0.7514358284812565,0.6912628017069277,0.7115859649544153,0.9978120510394757,55.60902425876031,23.323519055659954,0.0007030046903170072,0.0007030046903170072,0.7252764566264187,0.3743564228598888,0.0001878504062078088
424,0.0024326295055149016,0.687858920927183,0.5967741439078382,0.7161438265607674,0.6808695636357187,0.6878585019703962,0.9977419926570013,72.0672882428536,23.963546542020943,0.0007454798771784856,0.0007454798771784856,0.7005815238584406,0.3637710534609281,0.00018568150551890957
425,0.002489559104455671,0.7085368494231266,0.6135384522840822,0.7491114409356668,0.6941919006377665,0.7085364277906645,0.9978065123924842,63.0056038911526,19.924568428443028,0.0007005471449631911,0.0007005471449631911,0.7321891331543716,0.37931763065549046,0.00018350978616276273
426,0.002402820745723707,0.6985133992373413,0.6021450306476639,0.7524071442361213,0.6716369339899596,0.6985129970140296,0.9977949399214524,65.80240099246686,20.281150684906887,0.0006442436805138221,0.0006442436805138221,0.7097208603495696,0.36078686668322635,0.00018133520731367455
427,0.0025570216701173475,0.7043194739312943,0.6092443821364448,0.751539395616057,0.6834129840859791,0.7043190677295007,0.9977716849400446,71.76034165345706,19.768831587754764,0.0007025828728309044,0.0007025828728309044,0.7194366019684821,0.37040997640444684,0.00017915772700197077
428,0.002494071479024849,0.6998339236728104,0.6035233419496719,0.746793098721127,0.6802837787238084,0.6998335204689496,0.9977395351116474,59.401354267047004,25.856179072306706,0.0006831425886887771,0.0006831425886887771,0.713183922908054,0.3667879007183589,0.000176977302066035
429,0.0024302425656340066,0.7050926612379739,0.6093729327444839,0.7910440031786139,0.683522196218723,0.7050922426867212,0.9977978926438552,91.65960642924675,42.329275708932144,0.0007278002225435697,0.0007278002225435697,0.7193673538299313,0.37205043320472425,0.00017479388810165137
430,0.0024356616053969795,0.7036593276778145,0.6098964213737553,0.7511098048355382,0.6833075655524625,0.7036589158416919,0.9977969022897574,61.45981508951921,21.438831196381496,0.000643766843355619,0.000643766843355619,0.7203139983690702,0.3743772724500069,0.00017260743940845976
431,0.0028197145533900205,0.7063120331187024,0.6054440822418141,0.742569373342515,0.6877101162868271,0.7063116092649566,0.9977297232701228,79.91981289936946,29.808852933920345,0.0007556218367356521,0.0007556218367356521,0.7199487383218534,0.35751580432630503,0.00017041790893331673
432,0.0025157598917688187,0.7041176547190341,0.6078858562477959,0.7538654189510114,0.6808879407435017,0.7041172307311109,0.9977778838231013,59.070243642880364,25.65826148711718,0.0007159709930419922,0.0007159709930419922,0.7147514361153858,0.36376264175543416,0.00016822524821033595
433,0.002466262315815234,0.7038352711901215,0.6068771145060661,0.8009345348833947,0.6723410804996631,0.7038348736248587,0.9977896763728216,88.48684117427239,42.6450295494153,0.0006325978499192458,0.0006325978499192458,0.7107820036068845,0.36618259147955823,0.00016602940729736244
434,0.0024089805627646945,0.7079460369366551,0.6107275192390241,0.7833161646999045,0.6933952004996851,0.7079456200865485,0.9978005335881159,89.36717020548306,42.39586097919024,0.0007314498607928937,0.0007314498607928937,0.7173724823380605,0.3639775500274621,0.00016383033470861356
435,0.0023452674127978613,0.6980891034963268,0.6022015365796822,0.7977148856776902,0.6713210119461718,0.6980886880243363,0.9977648258209229,88.7872463464737,41.50084706453177,0.0006494705493633563,0.0006494705493633563,0.7097646091670657,0.36632114763443285,0.0001616279773431937
436,0.002386702026342391,0.7053004616862988,0.6101411874110991,0.7435455864891372,0.6885887521255266,0.7053000455585061,0.997813683289748,62.4096382856369,24.31165060171714,0.0006880760192871094,0.0006880760192871094,0.7158986415060309,0.36585950349959045,0.00015942228040916463
437,0.0024436169670270127,0.6799757634690314,0.5864881632999585,0.7650859637720038,0.6600257013842684,0.679975364913257,0.9976664323073167,76.10132987682636,46.554600312159614,0.0006335148444542518,0.0006335148444542518,0.6935723837635194,0.35034914773244125,0.00015721318734282117
438,0.002429970159377822,0.7092797655980546,0.6120649189411821,0.7470774466114515,0.690978771515184,0.7092793577429646,0.9977837709280161,63.25695966757261,19.78789595915721,0.0007518438192514273,0.0007518438192514273,0.7155059612621419,0.36310307681560516,0.0001550006397227912
439,0.0023486743991200524,0.6992103153467958,0.6032985816660328,0.7376388903422507,0.6889393872750428,0.6992098992146754,0.9977743075444148,56.97682301814739,20.833945893324337,0.0007262596717247596,0.0007262596717247596,0.711678087456116,0.3605697928712918,0.0001527845771785392
440,0.0024601562286429377,0.6958838713514288,0.5986677333262562,0.8060406596623522,0.6612480928538158,0.6958834590900908,0.99761596092811,72.92635508684012,36.91031042429117,0.0006311306586632362,0.0006311306586632362,0.7033080966570057,0.36690757366327137,0.00015056493729281325
441,0.002916702078297161,0.7071599392026605,0.6144766516324074,0.7447031808740282,0.693640423787178,0.7071595401331299,0.9978564702547513,70.11710352164049,25.31547001691965,0.0006776956411508414,0.0006776956411508414,0.7285372447580672,0.3843228782598789,0.00014834165549752873
442,0.002467966266732009,0.7063284274351902,0.6098988349262958,0.7513697870187167,0.6849771291473098,0.7063280099900651,0.9978176630460299,63.7158687206415,25.18125921029311,0.0006820055154653696,0.0006820055154653696,0.7214675419068394,0.3650601686766514,0.0001461146649625295
443,0.002425790990925564,0.7073410856996164,0.6116606074915627,0.7499765927908537,0.6929740125607776,0.7073406697827854,0.9977742708646334,73.5237841789539,26.376836354915913,0.0007607386662409856,0.0007607386662409856,0.7226595533189678,0.3703913356249149,0.00014388389647661083
444,0.002330849248839793,0.7073985198783397,0.6126856738524435,0.7476308922771691,0.6902329856627196,0.7073981129174783,0.9977993781750019,73.84437116292807,25.007186229412373,0.0007343659034142127,0.0007343659034142127,0.7213811942475821,0.375453036565047,0.0001416492783201228
445,0.0022906106283838968,0.7027228438433635,0.6060350201302511,0.7404964424019346,0.6914585893623322,0.7027224235668744,0.9977763065925012,76.78698841425089,26.716643154621124,0.0007584095001220703,0.0007584095001220703,0.7136946010950129,0.360041610036905,0.00013941073612839947
446,0.002304539568005846,0.7025038671670856,0.6065978299477155,0.7439742499618054,0.6863609699164093,0.7025034611762515,0.9977662746722882,77.87412605835841,26.42062393977092,0.0007323301755464994,0.0007323301755464994,0.713842292326892,0.37104135006666183,0.0001371681927451782
447,0.0023107766948949294,0.7033438141239792,0.6068121871093058,0.7427558827692817,0.6847507302531763,0.7033434029350535,0.9977934727301965,74.33365340416248,26.336595374804276,0.00072479248046875,0.00072479248046875,0.7130643674597825,0.36008105312402433,0.0001349215680650786
448,0.002295832093995369,0.7042307157028933,0.60954327338973,0.7482822096296355,0.6841513724790533,0.7042303026960803,0.9977949399214524,64.82631388994363,21.183416086893814,0.0006923492138202374,0.0006923492138202374,0.7160745001881599,0.3685515167621466,0.0001326707788641081
449,0.0022790754464949714,0.7048290889599556,0.6095017057123933,0.7405263051788545,0.6903103958339579,0.7048286759264664,0.9977980760427622,74.20102011240445,21.39173366014774,0.0007264980903038612,0.0007264980903038612,0.7132736364594445,0.37071222124191433,0.00013041573861703878
450,0.002297686018769477,0.7002014701627589,0.6052095470319969,0.7542652875345784,0.6755826169489458,0.7002010447916406,0.9977783423203689,77.70992285471696,27.66277441611657,0.0006593557504507211,0.0006593557504507211,0.7075472907980349,0.36693607442654097,0.00012815635730036785
451,0.0023113337770505147,0.7020288962206392,0.6061180950266041,0.7480522364894069,0.6830780759300398,0.7020284720675678,0.997776618370643,80.0205465555191,26.704458649341877,0.0006936880258413461,0.0006936880258413461,0.7125838414291278,0.3595487509782498,0.00012589254117941672
452,0.0022896215512166517,0.697317042506881,0.6024309360321262,0.7465203634931126,0.6786481279601062,0.6973166285947887,0.9977557842548077,74.2100916825808,25.545965410195866,0.0006947884192833534,0.0006947884192833534,0.704929468786129,0.3652569863658685,0.0001236241925779498
453,0.0022674768504377706,0.7012836525928174,0.6055270620473534,0.75282735848985,0.6789042953087238,0.70128326204017,0.9977743075444148,78.12472454401163,25.784408477636482,0.0006832342881422776,0.0006832342881422776,0.7115792425062794,0.3603393882513046,0.00012135120962849047
454,0.00225716512082167,0.7023455632485872,0.6068216190075926,0.746002827466038,0.6843480372791327,0.702345142732412,0.9977787091181829,78.16210346955519,28.49484810462365,0.0007144487821138822,0.0007144487821138822,0.7091243167166025,0.3659445144809209,0.00011907348600128
455,0.0023289942961967494,0.6972931405363714,0.6034112961367312,0.7449287101509159,0.6752213378480498,0.6972927288874795,0.9977583518395057,81.07635739216438,26.136075565448174,0.0006900750673734224,0.0006900750673734224,0.7040738464207746,0.3702301789934819,0.00011679091060955954
456,0.002247384836944268,0.6990303325622785,0.6047610741712381,0.7466646743362519,0.6791713397617458,0.6990299244738054,0.9977567562690148,69.10976878496317,25.676112064948448,0.0006914505591759315,0.0006914505591759315,0.7072737535793119,0.3674859032034874,0.00011450336728854525
457,0.002246424997093317,0.7014586656533606,0.6063044676234941,0.7490594279343541,0.6802736783963204,0.7014582547576784,0.9977621115170993,77.5508138858355,30.97495224384161,0.0007134584280160757,0.0007134584280160757,0.7088323908224433,0.36619395132248217,0.00011221073444511076
458,0.0022859779529916034,0.7016574614421541,0.6075204636534395,0.7524930224883429,0.6804148419767982,0.7016570515791685,0.9977660362537091,74.27580379522763,29.793594951813038,0.0006795112903301532,0.0006795112903301532,0.70983870348517,0.3703391540509004,0.00010991288467477625
459,0.0022367844800240933,0.7013346719866528,0.6068484941056195,0.7467985341699536,0.6856572723668719,0.7013342496944088,0.9977532900296725,64.82617470851311,25.58864788367198,0.000728460458608774,0.000728460458608774,0.7069887372344965,0.3661390020010563,0.00010760968434212009
460,0.0022621377954167724,0.6973776639011553,0.60258623351222,0.7517838239011362,0.6728909628724327,0.6973772477730174,0.9977712447826679,75.30200830789713,33.1364104793622,0.0006743211012620192,0.0006743211012620192,0.7020567863655742,0.362692456979018,0.00010530099312016371
461,0.0023042674189267787,0.704025953222091,0.6115779801507083,0.7384604398102483,0.6981284740352938,0.7040255475935443,0.9977607727050781,66.43216696152321,21.150715713317577,0.0007535861088679387,0.0007535861088679387,0.7094458454431822,0.37310846264545733,0.00010298666348361787
462,0.002277337912416372,0.6963500947959542,0.6004336949473068,0.7433534467873973,0.6770065187824681,0.6963496777196714,0.9977500622089093,74.86870898650243,26.64196312886018,0.0007062141711895282,0.0007062141711895282,0.7013174122280011,0.35659644953333414,0.00010066654015009615
463,0.0022501355170579,0.6979180909398148,0.603243986258433,0.7405707771657318,0.6833806688403645,0.697917673665539,0.9977386364570031,78.72610637774834,25.816420619304363,0.0007354846367469201,0.0007354846367469201,0.7036910825946296,0.3570974337366911,9.834045946247941e-05
464,0.0022624933380239573,0.6974492476224204,0.6019655189021155,0.7350785181494081,0.6848435654366466,0.6974488232072773,0.9977341248438909,76.42204877046439,26.14236999933536,0.0007615272815410907,0.0007615272815410907,0.7028711678979632,0.36292390826229864,9.600824870451702e-05
465,0.0022694711816047155,0.6989579294304366,0.6038935887875682,0.7500963267727709,0.6760048783714458,0.6989575189613413,0.9977479164416974,76.43281424045563,29.974362194538116,0.0007092219132643479,0.0007092219132643479,0.7024131044118593,0.35904800032193845,9.366972534044407e-05
466,0.002229349557847644,0.7004652029499028,0.6059614804201878,0.7500940671106022,0.6806309509922757,0.7004647815535469,0.9977838626274695,62.54358254029201,21.212988358277542,0.0006756965930645282,0.0006756965930645282,0.7059204451014431,0.3647080711447276,9.132469616782773e-05
467,0.00225022615799949,0.7020853206285026,0.607843518441869,0.7470890259176787,0.6826243643262716,0.7020849053610239,0.9977476413433368,68.97621953487396,24.52405314720594,0.0007308446443997896,0.0007308446443997896,0.7042972314252088,0.3673433053951997,8.897295637097126e-05
468,0.002418524378159558,0.6923919372218043,0.5996621397066458,0.7441475341081183,0.6719341290621021,0.6923915238053039,0.9977467610285833,77.98830200158633,26.478587746620178,0.0007043251624474159,0.0007043251624474159,0.7030535220405871,0.3640226607139294,8.661428845992607e-05
469,0.002328487171045988,0.6985434380291242,0.603694478868657,0.7419633236924681,0.6808446377810168,0.6985430229333485,0.9977697959313025,77.99986311105582,21.551491283453426,0.0007121929755577674,0.0007121929755577674,0.7057954945250038,0.3647601982721916,8.424846107739114e-05
470,0.002272389033280958,0.700014741526555,0.6058862587664099,0.7505723266305255,0.6776985606508836,0.7000143243577124,0.9978041648864746,77.90209098045642,25.19302888558461,0.0006611347198486328,0.0006611347198486328,0.7068055791583342,0.3632921794286141,8.18752276523933e-05
471,0.0022697169708688026,0.6975324537800364,0.6032475138511247,0.751420369099556,0.6743631167524213,0.6975320417151611,0.9977649175203763,66.29938449309422,16.69939950796274,0.0006900934072641226,0.0006900934072641226,0.7034625657207261,0.3678441563477883,7.949432487547622e-05
472,0.002218803558347505,0.7001624088440681,0.6061439541268826,0.750111640975103,0.6792393400735658,0.7001619932891715,0.9977601858285757,68.75763664795802,22.564366042613983,0.0007043251624474159,0.0007043251624474159,0.7047588043855145,0.37207033313237703,7.710547096497543e-05
473,0.002208772535735849,0.6994033849947676,0.605211229528066,0.7497078414217608,0.6749927576442112,0.6994029733429823,0.9977929958930383,69.37479766515585,21.145683705806732,0.0006577968597412109,0.0006577968597412109,0.7047971718521484,0.3651412060627571,7.470836368753417e-05
474,0.0022032419426698023,0.698258377940072,0.603257908599344,0.7530572637909615,0.6734493066421285,0.6982579664688907,0.9977908317859356,78.18691599369049,26.62132230630288,0.0006584937755878156,0.0006584937755878156,0.7018347640718835,0.3619278319753133,7.23026780879678e-05
475,0.0022206874574084603,0.6990037170450413,0.6043985907343281,0.7506074956023282,0.6764852857636938,0.6990032936808213,0.9977836975684533,71.82903021115523,21.490747813995068,0.0006716434772198016,0.0006716434772198016,0.7059258945854918,0.36854299100545734,6.988806387340599e-05
476,0.0022182045179831153,0.6969780180926596,0.6017056504157963,0.7476987625602916,0.6775604308984678,0.6969776086227034,0.9977527581728421,68.68235290050507,21.3538959301435,0.0007233436291034406,0.0007233436291034406,0.703963270928048,0.3671091657418471,6.746414238367822e-05
477,0.0021939421651320746,0.6993194647344473,0.605162970728506,0.749458117699308,0.677956416129128,0.6993190489641492,0.9977752612187312,77.93291837435503,21.20822486052146,0.0006950635176438552,0.0006950635176438552,0.7061252711103477,0.365882875254521,6.503050306324746e-05
478,0.002190903408448391,0.6986496810734557,0.6046727388600602,0.7490064889676067,0.6791385642009936,0.6986492636906394,0.9977642389444205,68.93331394745753,20.06880881694647,0.0007089651547945463,0.0007089651547945463,0.7048588824097981,0.3691310544426625,6.258669932838723e-05
479,0.0022467819540347243,0.6997029212573485,0.6063947843335367,0.7465512626146512,0.6805682546520683,0.6997025066528404,0.9977761231935941,78.10332761361049,25.594035772176888,0.0007063425504244291,0.0007063425504244291,0.7055461676477884,0.3648858597645393,6.01322436949885e-05
480,0.0022375027818690375,0.6966763001283298,0.6025591779364656,0.7493746489728068,0.6734022537092971,0.6966758901797849,0.9977676868438721,78.16041485162881,21.172933532641483,0.0006861136509821966,0.0006861136509821966,0.7025346143972666,0.36172023587501967,5.7666601994895854e-05
481,0.0022020698010097616,0.6981837431478144,0.6027319286492054,0.7485206378366906,0.6770972075987398,0.6981833297409714,0.9977563527914194,72.34425875773796,21.383731456903313,0.000713495107797476,0.000713495107797476,0.7034495492642656,0.35722281210697615,5.518918645844863e-05
482,0.0022217174959783172,0.6982515894932116,0.6035509516286897,0.7396797192185633,0.6829545433784124,0.6982511610441897,0.9977825421553391,76.2567005615968,21.367517994000362,0.0007231785700871394,0.0007231785700871394,0.7046328779184617,0.3616872475697444,5.2699347372755836e-05
483,0.0022326500105779045,0.6999334003128571,0.6053218201068475,0.7490576009719785,0.6789307058528,0.6999329807456032,0.9977630101717435,75.85381769216977,21.06537021581943,0.0007056823143592248,0.0007056823143592248,0.7102826091263873,0.36185110818881255,5.019636293147572e-05
484,0.002195330388041419,0.6978777333277295,0.6039199871054008,0.7456259636832331,0.6779128369489046,0.6978773220733092,0.9977581867804894,75.91977545848259,24.70392420200201,0.00071411866408128,0.00071411866408128,0.7024731478707579,0.36740981157009417,4.767942676090328e-05
485,0.0021860938798524262,0.6955317576596433,0.6016999484936841,0.7436973426388304,0.674273813887421,0.6955313413372016,0.9977587369772104,76.14978035596701,25.909077424269455,0.0006961639110858624,0.0006961639110858624,0.698915226374923,0.36683041086563695,4.5147632421134877e-05
486,0.0021867836891872753,0.6973567601304349,0.6033272366444501,0.7414741893449471,0.6800247831904765,0.6973563549113547,0.99775925049415,78.47337587980124,26.02786461206583,0.0007156041952279898,0.0007156041952279898,0.7019004343881254,0.36762147969924486,4.259995391188707e-05
487,0.0021773893915031715,0.6970713718538121,0.6018907918732631,0.7389930424158695,0.6822005821435575,0.6970709600990297,0.9977174905630258,69.04152823411502,21.296549283541164,0.0007486893580510066,0.0007486893580510066,0.7022167104385937,0.3670613496349408,4.003522081490459e-05
488,0.0021899195275741825,0.6955387397857505,0.6002074997702163,0.7477037582911094,0.672330968942415,0.6955383366622134,0.9977430196908804,69.10018672392918,25.85679933658013,0.0006957420935997596,0.0006957420935997596,0.6985083209896962,0.3627278466637318,3.745208610377897e-05
489,0.0021866469239914576,0.6960456587708729,0.6017131861078584,0.7445233847700263,0.675544415484964,0.6960452545545317,0.9977464492504413,78.16388706977551,21.225073103721325,0.000704031724196214,0.000704031724196214,0.7001985095826407,0.3638520888411082,3.484898371928687e-05
490,0.0022057408799670297,0.6956178254454044,0.600805910168689,0.7458742348846863,0.6742401042817667,0.6956174100682626,0.9977621665367713,69.20251762866974,26.026611942511337,0.0006946233602670523,0.0006946233602670523,0.6964200276096773,0.36268399483882463,3.2224071517527e-05
491,0.002191965273595997,0.6984311722151315,0.6042646021854802,0.7449150801239413,0.6795212473423656,0.698430760405899,0.9977531433105469,66.69157639833597,25.51754120221505,0.0007167229285606971,0.0007167229285606971,0.7028553485042022,0.365542617554848,2.9575152732566297e-05
492,0.0021881159229031675,0.6961960965429596,0.6019823476280535,0.7441003147448815,0.6767694241142265,0.6961956985406723,0.9977580033815824,66.53726321917314,21.34606640155499,0.0007029313307542067,0.0007029313307542067,0.6998825471382588,0.36654766305134845,2.6899564852898082e-05
493,0.0024001327079671542,0.6885170898863334,0.5946279651321619,0.7367158224672531,0.6723266699395005,0.6885166923306242,0.9977139876439021,75.96844652065865,25.804381324694706,0.0007263146913968599,0.0007263146913968599,0.6903407774729063,0.3544108271598816,2.419401716265777e-05
494,0.0022028660648804642,0.6944859297293795,0.5999029656363134,0.7408714411961809,0.6772592238856844,0.6944855125267794,0.9977497871105487,76.52125854675586,25.942627833439754,0.0007111842815692609,0.0007111842815692609,0.6985993467242224,0.36313692193764907,2.1454343618097682e-05
495,0.0021674064647903345,0.695428165577881,0.6008413841547718,0.7416048599567889,0.6778189785016205,0.6954277559690453,0.9977466143094577,76.16555805389697,25.909630619562588,0.0007196389711820162,0.0007196389711820162,0.6985356499577532,0.36569642906005567,1.86751079733455e-05
496,0.0022806141962344274,0.6961196323952633,0.6004897302506559,0.7390027669954449,0.6793586928047031,0.6961192256559305,0.9977274858034574,76.53795945644379,25.799939398582165,0.0007573091066800631,0.0007573091066800631,0.7011728770739865,0.3541834709736017,1.5848931924611145e-05
497,0.0021818513171008537,0.6946260592452783,0.5992792684352344,0.7426019399736341,0.6762386489344981,0.6946256547597057,0.99772964991056,76.0158994106146,21.4066074857345,0.0007347143613375151,0.0007347143613375151,0.697213833501267,0.36191593225185686,1.2965252773542109e-05
498,0.002188352003381274,0.6953672683613218,0.6001204500148488,0.7432019402902016,0.6762826548395613,0.695366849156022,0.9977361605717585,76.1383532835887,25.80077171784181,0.0007242056039663461,0.0007242056039663461,0.6982006077182282,0.35986565340023774,1.0007742567915822e-05
499,0.0021530360569998333,0.6959157263037189,0.6007792173670834,0.7434389090101244,0.6772864583099482,0.6959153218914835,0.9977366007291354,76.06177749083592,25.59546546294139,0.0007274517646202674,0.0007274517646202674,0.6986311427630986,0.3624569997191429,6.947906928878752e-06
500,0.0021601137950011226,0.6958183760508323,0.6007329480798487,0.7447832268825834,0.6762034803851656,0.6958179613579034,0.9977401586679312,76.00963432055254,25.579430401325226,0.0007164478302001953,0.0007164478302001953,0.6984513404380638,0.3652702420949936,3.7232911332721414e-06
