epoch,train_loss,val_dice,val_iou,val_precision,val_recall,val_f1,val_accuracy,val_hausdorff,val_hausdorff_95,val_fp_per_volume,val_fp_per_image,val_ap,val_mAP,lr
1,0.6717966830730439,0.0012361420198727202,0.0006247640861653453,0.01878546647617307,0.0006909776392307905,0.0012361325085083964,0.994005955182589,254.7288903456468,216.89675551194412,0.00016995576711801381,0.00016995576711801381,0.03879655531580703,0.0,0.0002
2,0.5534807993173599,0.17370497274650012,0.11913121849149394,0.14104347458900673,0.29350272426402924,0.1737047663359292,0.9824963349562424,170.61509411151593,115.36517011202298,0.01458602685194749,0.01458602685194749,0.15626498828015217,0.011670308044323554,0.0004
3,0.4839667352437973,0.2820172173466743,0.19333849799841804,0.22147323826107354,0.6054259885249963,0.2820169416954785,0.9841840267181396,147.2525242291964,106.65389790901772,0.013902627504788913,0.013902627504788913,0.2860714646426459,0.03677406978721802,0.0006
4,0.4234146798849106,0.2639843658203488,0.16498819681489976,0.20102178362893572,0.6433187621045338,0.2639840984573778,0.982393374809852,155.68473287729117,125.45091761075534,0.015358796486487756,0.015358796486487756,0.2597979720388909,0.0038021480521330466,0.0008
5,0.38419501852989196,0.30281574150689755,0.21337460522897203,0.25929040448169827,0.5585199847869811,0.3028154828800674,0.9868612106029804,132.0737211520855,88.07887172698975,0.011021283956674429,0.011021283956674429,0.2967899990482972,0.04698424327832002,0.001
6,0.3691298921108246,0.37491431649816787,0.26442644452467906,0.34735964350859017,0.5485914189138081,0.37491396841449887,0.9914644681490384,119.78050606067364,69.95944394515111,0.006033658981323242,0.006033658981323242,0.32800901238358793,0.053414710582448885,0.0009909954834128342
7,0.3431619593799114,0.3633233028008842,0.25684707590770206,0.30350930828154804,0.6087546642008861,0.3633229870062698,0.9899621926821195,114.86136168699998,69.9190766627972,0.008111128440270057,0.008111128440270057,0.3458722839400602,0.050270794389339596,0.000989193491307027
8,0.33129185929894445,0.4102784578743802,0.29165005742481087,0.4155444623401775,0.4970263307009778,0.4102780933563754,0.993905287522536,111.83490140621478,68.51028813765599,0.0032861966353196362,0.0032861966353196362,0.3886797336280534,0.05325023185175199,0.000987391134388305
9,0.32272176641225814,0.4225077722997573,0.3077105191022685,0.3649382783319961,0.6432133616878415,0.42250742834922195,0.992065851504986,115.03482976326576,65.5682379099039,0.006099884326641376,0.006099884326641376,0.38002579268784475,0.07099744835152076,0.0009855884118426005
10,0.3184104563593864,0.4061445678821248,0.29805299037070077,0.3715528677562957,0.5484178881294193,0.4061442226386583,0.9930666593404917,103.1551044354072,46.59685957431793,0.004769215217003455,0.004769215217003455,0.35999358931100617,0.07569248759402679,0.0009837853228523705
11,0.3100245678424835,0.4848878704673832,0.3569330851135209,0.4313963472682329,0.6619194449139307,0.4848875154096569,0.9939104043520414,126.15619985873883,75.79268292280344,0.0042635110708383415,0.0042635110708383415,0.5069011616735504,0.10777897029542007,0.0009819818665965754
12,0.30140826472640037,0.43342179042437157,0.3215318046627305,0.40010148756185165,0.5476002081864815,0.43342141476192936,0.9936329768254206,139.27388097689703,84.95111743303445,0.004234992540799654,0.004234992540799654,0.3642293502075168,0.08892389501516636,0.0009801780422506556
13,0.29143577578663826,0.43352402442544996,0.3214121355100063,0.37145196489213017,0.6355666537168847,0.433523662639078,0.992040047278771,113.79534618671124,60.00708324175615,0.006244971201970027,0.006244971201970027,0.3784735905042348,0.08891341233482727,0.0009783738489865113
14,0.2736113464832306,0.4507573016416576,0.3389912007088852,0.40390660832124137,0.5802784592072885,0.4507569573246814,0.9935468343588022,110.68780609277579,56.41869267133566,0.004424590330857497,0.004424590330857497,0.40778839818393375,0.08990286061396965,0.000976569285972478
15,0.26169270601868627,0.5246288907416292,0.39769499597111374,0.4757741061427303,0.6778702377527013,0.5246284871984677,0.9942177259005033,106.35542392730713,50.36129441628089,0.003975629806518555,0.003975629806518555,0.4653644881148536,0.1083861507761937,0.0009747643523733044
16,0.2660938269793987,0.469175466176384,0.3467265102004096,0.38021339039231433,0.789111159769366,0.4691751093173895,0.9908023063953106,127.99687477258536,70.2094797537877,0.008112779030433068,0.008112779030433068,0.4277225940042207,0.1000796128064394,0.0009729590473501306
17,0.2437551929652691,0.5521912102045994,0.41857139580984115,0.4777213696281225,0.7247515436491129,0.5521908198985094,0.9948097742520846,114.34778099793654,52.84770169624915,0.0038808492513803337,0.0038808492513803337,0.4939944484940497,0.13009429235871023,0.0009711533700604632
18,0.2352793806940317,0.5912689453451324,0.45061639610697324,0.49626238343549917,0.7917572639154477,0.5912685431540174,0.9952547000004694,90.23926833959726,33.311290979385376,0.0037767153519850513,0.0037767153519850513,0.5326154018179156,0.12402573600411415,0.0009693473196581535
19,0.2189708495736122,0.6740736029673656,0.5411712723693239,0.6540050860580495,0.7436529634920657,0.6740731792704,0.9968620997208816,96.52448580815242,33.924518658564644,0.0014707491948054386,0.0014707491948054386,0.625667322265844,0.2018297641323163,0.0009675408952933734
20,0.20982465854287147,0.6852649335776455,0.5557732312823789,0.6351909545899452,0.7813464541790565,0.6852644957029225,0.9968289411984957,90.5124425154466,24.549045865352337,0.0019044325901911808,0.0019044325901911808,0.6378542310916461,0.2386163818435027,0.0009657340961125918
21,0.200886192843318,0.6385638488216905,0.5117739293269676,0.5683158995059715,0.7852156765030903,0.6385634218414495,0.9958787331214318,93.88075648821317,32.974491293613724,0.0031174329610971305,0.0031174329610971305,0.5846936250499521,0.1985435808220735,0.0009639269212585509
22,0.18269730308651924,0.6478311328003054,0.5317365386953734,0.6510841214857811,0.6662695698500658,0.647830731307364,0.996971112031203,91.52830897844754,38.628286668887505,0.001592562748835637,0.001592562748835637,0.6074837252784234,0.2446488388455831,0.0009621193698702417
23,0.17422362652420997,0.708496110958811,0.5852177063011538,0.6745794266783048,0.7677949736840438,0.7084956833950038,0.9973422563993014,88.04310076053326,16.158433886674736,0.0015614032745361328,0.0015614032745361328,0.6570294063824874,0.26705911483329076,0.0009603114410828803
24,0.16608427299559117,0.6850482013662433,0.5690153540912889,0.7232249651643976,0.7125982545832017,0.6850477620582747,0.9972076232616718,102.17466796361484,46.917316290048454,0.001476452900813176,0.001476452900813176,0.6377105645548838,0.2862125887320592,0.0009585031340278833
25,0.16385293206572532,0.6795955220294562,0.5601998143671671,0.6328833665706419,0.7888720151266214,0.6795951093619725,0.9967365264892578,99.00999722113976,28.521700162153977,0.0022967228522667517,0.0022967228522667517,0.6212966413452075,0.2561566187785222,0.0009566944478328421
26,0.15391631405055523,0.6268246194546934,0.5163448966343276,0.5694081593839233,0.7527287629304011,0.6268242101119893,0.9958403477301965,101.08280856792743,37.762760364092316,0.0032520294189453125,0.0032520294189453125,0.5698751540105429,0.24444172760614982,0.0009548853816214997
27,0.15572941213846206,0.6863710101809848,0.5745235106522283,0.6671250867267008,0.7361622055505319,0.6863705793903306,0.9973569649916428,95.30559629660387,28.591958985878872,0.0016695169302133413,0.0016695169302133413,0.6330796831215804,0.2894395823375537,0.0009530759345137246
28,0.15106040251255035,0.7113696400027194,0.5976811567415744,0.7489024160162967,0.7355562913818989,0.7113692015605593,0.9976471937619723,111.52534618744484,38.56689175275656,0.001235521756685697,0.001235521756685697,0.6561751261066932,0.3012386328325822,0.0009512661056254851
29,0.14554291051626206,0.7082286208429784,0.5924089027273737,0.7325086313141973,0.7130194250150357,0.708228200675102,0.9974074180309589,95.50637694505545,33.09540464786383,0.0012669563293457031,0.0012669563293457031,0.6480212372082931,0.30024735171061295,0.0009494558940688246
30,0.144309961527586,0.6689936765370497,0.5504730183603708,0.5938780964531343,0.8208416472203445,0.668993262144368,0.9965683680314285,92.06522376720721,36.61035482700054,0.002753807948185847,0.002753807948185847,0.6147209938685941,0.271439519066077,0.0009476452989518352
31,0.14444433239102364,0.7247849129939756,0.6156492313739645,0.7029687298480611,0.7774945911249277,0.7247844739603239,0.9975546690133902,85.31665534239549,28.166134375792282,0.0014917483696570764,0.0014917483696570764,0.6766703876743961,0.3429121845043622,0.000945834319378632
32,0.1324900659620762,0.7073099530618305,0.5976487274024875,0.7357257857917184,0.7174710216848672,0.707309520589058,0.9973010466648982,81.17693651639499,28.27929987357213,0.0012384928189791166,0.0012384928189791166,0.6552919469630489,0.3244897039750448,0.000944022954449327
33,0.13163949565589428,0.7017725052920044,0.590014758895848,0.6540029160948284,0.8030906618730368,0.7017720920536017,0.9969853254464957,95.19554790166708,28.71940762263078,0.00235896844130296,0.00235896844130296,0.6433212559383649,0.307720779799498,0.0009422112032600019
34,0.1291287194788456,0.7327619447514148,0.6221950490097321,0.7394611813098446,0.7569424534015918,0.7327615206060545,0.9975815369532659,88.4580096098093,33.091636859453644,0.0012624630561241736,0.0012624630561241736,0.6791067782502908,0.3335982473710409,0.0009403990649026824
35,0.12751500342786312,0.7479669749908099,0.6378899744095089,0.6934699439339251,0.8318814315417626,0.747966546278808,0.9975411708538349,81.20820406767038,22.107737664992992,0.001823260233952449,0.001823260233952449,0.690636022732808,0.34776097851303905,0.0009385865384653104
36,0.13300368916988373,0.7351987935460763,0.6224041948382903,0.8587683967029384,0.6879778826408651,0.7351983671202824,0.9978028810941256,107.15638510080484,46.4095227764203,0.0007651219001183143,0.0007651219001183143,0.6848432845794238,0.3396179187469758,0.0009367736230317175
37,0.13499871565401553,0.7360970665411196,0.6229795539390471,0.7573074164842097,0.7850186527864279,0.7360966503841453,0.9978179748241718,90.63771695357103,34.69921022195082,0.0013919610243577224,0.0013919610243577224,0.6815899851230475,0.32756717460086715,0.0009349603176815974
38,0.1283775766938925,0.7192488289958993,0.6077934125457656,0.6854448639683225,0.7848957915661414,0.7192483991385183,0.9973902152134821,83.35306136424725,27.56191327021672,0.0017384382394643931,0.0017384382394643931,0.6604666761480845,0.34014211938931393,0.0009331466214904777
39,0.12162390026450157,0.6969972235901457,0.5971674022442479,0.6927876905525755,0.7428730051047515,0.6969968028941037,0.9970534581404465,82.14193971340472,29.06515275515043,0.0020274749168982874,0.0020274749168982874,0.6433873732502644,0.3543520641441529,0.0009313325335296929
40,0.1209892085492611,0.7412427182671338,0.6315590613453803,0.6926181958901747,0.8267484170828863,0.7412422872508236,0.9974984022287222,81.88660667492793,22.27091834636835,0.0018846438481257511,0.0018846438481257511,0.6766999604610296,0.34447269499875033,0.0009295180528663554
41,0.10754832534492016,0.7204377536952665,0.6013717525642821,0.7962135083674702,0.6740848342902375,0.7204373192358422,0.9975050596090463,86.054866873301,25.94085312806643,0.0007394460531381461,0.0007394460531381461,0.6531178871026406,0.2947637473161404,0.0009277031785633282
42,0.10642106941342354,0.719738118649192,0.6172371912295754,0.6951527956724769,0.7707381580443113,0.7197376664442076,0.9972638900463398,84.58675048901485,27.650627113305607,0.0017649393815260667,0.0017649393815260667,0.6579607006234045,0.35406513856007504,0.0009258879096791951
43,0.10853269419074059,0.6548433500500438,0.5532062197692305,0.6228252816078673,0.740970454867364,0.6548429569948644,0.9960899353027344,88.31734541746286,39.326851257911095,0.0029857342059795675,0.0029857342059795675,0.5913973810845874,0.2883807781797189,0.0009240722452682321
44,0.11523730237782001,0.7610196952844418,0.6545811077931128,0.7737413564862149,0.764397579998923,0.7610192596913377,0.9978566903334397,83.601641196471,23.321029640161075,0.001210634525005634,0.001210634525005634,0.7150810280671487,0.37842704413028866,0.0009222561843803788
45,0.10522362920641899,0.6887394631246138,0.5908429617026854,0.660680714722605,0.7513005791982208,0.6887390602093786,0.996764403123122,84.34076241346506,28.157437700491684,0.0023405001713679386,0.0023405001713679386,0.6287174627887561,0.34451961746582616,0.0009204397260612089
46,0.10352180257439614,0.7168628418982546,0.6155480155312616,0.7280045507800134,0.7185852729299882,0.7168624068683758,0.9976998292482816,86.45509850061856,26.91788151172491,0.0012049124791071964,0.0012049124791071964,0.6534668429969595,0.3639789375548179,0.0009186228693518994
47,0.10079933169484138,0.718167329095582,0.6237923195187203,0.726455345966788,0.725194825398233,0.7181668906261556,0.997686294408945,87.52623431499188,31.203720134038193,0.0013225628779484676,0.0013225628779484676,0.6592757512385455,0.3672612921263163,0.0009168056132892021
48,0.10223916137218475,0.6994335954753855,0.6029677717691462,0.7040354175239104,0.7122713124394693,0.6994331820797973,0.9973389001993033,89.6591021831219,31.653448003989,0.0016819330362173228,0.0016819330362173228,0.6448313868022524,0.35226636566221714,0.0009149879569054125
49,0.09553876475989818,0.7046666596660234,0.6092259073274053,0.6922391219449467,0.7371061835518329,0.70466624644538,0.9972205345447247,88.569864658209,29.261675958450024,0.001840811509352464,0.001840811509352464,0.6518868489088513,0.35812226138435876,0.0009131698992283396
50,0.09439446613192558,0.7039969557965949,0.6095718240506718,0.6757946482254957,0.7519021876458069,0.7039965532291128,0.9973881611457238,84.57369936429538,28.314475871049442,0.0017687724186823918,0.0017687724186823918,0.6459963402124285,0.36047057463572574,0.0009113514392812751
51,0.09560226848721504,0.7160741292130601,0.6263964994177049,0.7058008936711857,0.7405573214653022,0.7160737076418808,0.9973742778484638,85.4970799592825,26.107399958830612,0.0016818963564359224,0.0016818963564359224,0.6672603400013235,0.38937523416601694,0.0009095325760829623
52,0.08647169645130634,0.7123512630312074,0.6214057912288123,0.7219742812606806,0.7132049813667601,0.712350850354138,0.9978315096635085,79.93854906925789,23.820554297703964,0.0009687130267803485,0.0009687130267803485,0.6662927992951714,0.3895130054308818,0.0009077133086475646
53,0.09434626853466034,0.7015337164668218,0.6071773595617649,0.6794383657764403,0.7489857141796865,0.7015332997991752,0.9969837848956769,86.37485660039462,30.366105937040768,0.0021224755507249097,0.0021224755507249097,0.6462425980157255,0.3611816707998514,0.0009058936359846345
54,0.09229695260524749,0.693234745755077,0.5956751910377884,0.7442538294886517,0.7011718325618644,0.6932343292750799,0.9972380491403433,104.83562564849854,45.983204933313225,0.0016179818373460036,0.0016179818373460036,0.6390471156829824,0.34960762640604603,0.0009040735570990808
55,0.09323590236902236,0.7237645909424254,0.6265084442844999,0.7300046512489995,0.7441138007262567,0.7237641513349433,0.9977407088646522,86.92615872163039,22.73643581225322,0.001251055644108699,0.001251055644108699,0.6711664532239621,0.38601373909757686,0.0009022530709911372
56,0.08428375905752182,0.7109183904462312,0.6187105404936596,0.6987705278526213,0.7345649555269774,0.7109179769538835,0.9974749455085168,87.31327203603891,28.387077258183407,0.0015798715444711538,0.0015798715444711538,0.6533787648491293,0.36667696873729044,0.0009004321766563289
57,0.09392641299962998,0.745407088482935,0.6392398832317547,0.7739300258678613,0.7350859711892318,0.7454066528726232,0.9977980210230901,76.72862899303436,22.398773656441616,0.0009389290442833534,0.0009389290442833534,0.6791144769925338,0.3616726854099677,0.0008986108730854411
58,0.08660508935153484,0.7025504307619566,0.6030564257100136,0.7118571405836155,0.7326053319102872,0.7025500123359415,0.9977720884176401,84.96128461911128,24.930860303915463,0.0012315786801851713,0.0012315786801851713,0.6445475568426497,0.3415612303293668,0.0008967891592644846
59,0.08719926032423973,0.7043004414753771,0.6135192548396995,0.7263154552235083,0.6946290824382069,0.7043000425288188,0.9976411232581506,112.00019579667311,28.557522879197048,0.0012166500091552734,0.0012166500091552734,0.6581116204078381,0.37792537762568545,0.0008949670341746629
60,0.08611489859223366,0.7278085557703865,0.6303065098638794,0.7502925832900817,0.7295297144731079,0.7278081339141751,0.9975422345674955,84.0260175191439,26.470465279542484,0.0015099965609036959,0.0015099965609036959,0.6764532648600065,0.38153638705038107,0.0008931444967923387
61,0.0879336789175868,0.6735298599658854,0.5758990611492045,0.6596137782756508,0.7248964540193578,0.6735294713427784,0.9970886707305908,95.87471508979797,39.61490349586193,0.0019088525038499099,0.0019088525038499099,0.6136963705755512,0.3196194018595494,0.0008913215460889999
62,0.08258172053098678,0.721679555931068,0.6287132420273465,0.7371322948373931,0.7432721259015099,0.7216791361751578,0.9973804950714111,82.64845363910382,23.421566885251266,0.0016878751608041616,0.0016878751608041616,0.6680203111212065,0.39400223126778233,0.0008894981810312246
63,0.0858259209021926,0.7224014745571862,0.6176224498771128,0.750840310328653,0.7225936620790588,0.7224010518538779,0.9975256736461933,80.67793932327858,24.443286506029274,0.0014130885784442609,0.0014130885784442609,0.6575760081267128,0.3518880703128301,0.0008876744005806469
64,0.07940640930831433,0.7318144613029604,0.6242977495819069,0.7699002716900374,0.7194131785803104,0.731814033710376,0.9979492517618033,66.3084624180427,18.805732667446136,0.0010223755469689001,0.0010223755469689001,0.6684102421422722,0.36216470556190383,0.000885850203693922
65,0.08156777898967266,0.7173746962505075,0.6287495563354815,0.7358687562945879,0.7496899493645592,0.7173742981494975,0.9974963114811823,82.79834887614616,23.429202331946446,0.001639714607825646,0.001639714607825646,0.6683011708220226,0.4006032341947922,0.0008840255893226908
66,0.08368040551245212,0.7070260841225081,0.608682810005204,0.7242832596673444,0.7288653380610037,0.7070256528409181,0.9976364099062406,86.66864787615262,29.191041387044468,0.0013970411740816557,0.0013970411740816557,0.6533642849893883,0.35519629602248853,0.0008822005564135439
67,0.07926346023380756,0.6959216242579446,0.5945892678926902,0.6986519619018439,0.7251494791587946,0.6959212014023949,0.9973254203796387,86.11888126226572,33.37304423864071,0.0017626468951885516,0.0017626468951885516,0.6260586116785327,0.34049818421212524,0.0008803751039079861
68,0.08656731510907412,0.6917359199410105,0.5997974675757037,0.6842373448302683,0.7242613945691634,0.6917355166474473,0.9973171124091516,91.76714432239532,30.2302268239168,0.0016352580143855168,0.0016352580143855168,0.6407334657938358,0.38035867563807046,0.0008785492307423999
69,0.07863933803886175,0.7560316507929543,0.6497207341582479,0.7574660985012618,0.7776357555561328,0.7560312197760235,0.9978276949662429,72.99584682171161,24.345032554406387,0.001312384238609901,0.001312384238609901,0.6910817266935155,0.36124445440677494,0.0008767229358480086
70,0.07549178520590066,0.739728557682654,0.6439684034671782,0.7195925303672664,0.7801360039126403,0.7397281416477848,0.9975334864396316,80.52772035965553,24.403841940256264,0.0016757341531606822,0.0016757341531606822,0.6844760326516385,0.3965506301476405,0.0008748962181508392
71,0.07245330175757408,0.7412145295386023,0.646421798147859,0.7413828335903653,0.7609094271177521,0.7412141004787756,0.9977814967815692,73.70861180012042,23.229128828415504,0.0014258164625901442,0.0014258164625901442,0.6940437762767453,0.39961698035208076,0.000873069076571686
72,0.07020170105993748,0.7336116307616016,0.6408447549306211,0.7373178133492159,0.749295365469903,0.7336112031574552,0.9978649249443641,81.00834166086636,19.565288924253903,0.0012412071228027344,0.0012412071228027344,0.6770036621735647,0.40513573529628605,0.0008712415100260713
73,0.07494009324908256,0.7038355551105385,0.6004234742678235,0.7936771288872628,0.6867216167575468,0.7038351413988442,0.9977636337280273,97.69248689137973,39.032280770631935,0.0010046958923339844,0.0010046958923339844,0.6365888777221529,0.3308661706172503,0.0008694135174242088
74,0.08483523772656917,0.6973114468911769,0.6019842266787951,0.7096903405950814,0.6977045013889674,0.6973110432742969,0.9977721434373122,87.17363188816951,31.38442140359145,0.0011363579676701473,0.0011363579676701473,0.633054200362844,0.3455567667977168,0.0008675850976709641
75,0.07750775317847729,0.6884087966757731,0.5964916452338324,0.6693629213367175,0.7369620686646555,0.6884083931269775,0.997431204869197,92.44108759439908,32.11326851294591,0.0017239680657019983,0.0017239680657019983,0.6326049813410114,0.3524822349158617,0.0008657562496658164
76,0.07312419465184211,0.7094150801539473,0.6132026584074436,0.7461216067282953,0.6992088053546512,0.7094146576751839,0.9977191044734075,90.64791948978717,29.220116729919727,0.001116165748009315,0.001116165748009315,0.6552210623599072,0.3699012017593934,0.0008639269723028191
77,0.07143287711590529,0.7155703323940583,0.6265103088954085,0.7601377174934207,0.7215765317147743,0.7155699529331366,0.9976697334876428,81.80962327810434,26.081190815338722,0.0013614801260141225,0.0013614801260141225,0.6696217034788368,0.39406734704971313,0.0008620972644705603
78,0.07278492809832096,0.7385463588713944,0.6402127083878596,0.7239839606832109,0.7725368269303658,0.7385459249983454,0.9975211253532996,86.56604835620293,27.85552421441445,0.0016133601848895734,0.0016133601848895734,0.6786854665439862,0.39093344601301044,0.0008602671250521225
79,0.07479481936991214,0.6774427318355818,0.5714727950337448,0.7727690779439562,0.6453568363525264,0.6774423328930939,0.99766678076524,113.52248327548688,48.10159262327048,0.0009284386268028846,0.0009284386268028846,0.6134844938149819,0.30102771434646386,0.000858436552925043
80,0.07385762313753366,0.7663450974935466,0.6656041088263518,0.7728495427778697,0.7677146266228866,0.7663446527262823,0.9980813539945163,89.52964564470145,33.30209240088096,0.0009958193852351261,0.0009958193852351261,0.7107703467974296,0.40999167928328883,0.0008566055469612726
81,0.07146223843842744,0.7395744438720127,0.6438291256609706,0.7560708180860267,0.737704343638684,0.7395740243107274,0.9978195337148813,81.12629014712114,22.160261012040653,0.0011887183556189905,0.0011887183556189905,0.6810000699300033,0.387071892619133,0.0008547741060271343
82,0.07130513692647218,0.7229365024853938,0.6342216312163877,0.7292612625603696,0.7246729354479567,0.7229360918016636,0.9978393774766189,86.97981076974135,28.00214202587421,0.0011029977064866286,0.0011029977064866286,0.6689515382481309,0.407497412023636,0.0008529422289832824
83,0.07546179687976837,0.7231264802371762,0.6249945622470053,0.7259064053849085,0.7417188207724349,0.7231260572489683,0.9971131361447848,89.11028751960167,33.02338799146506,0.001947788091806265,0.001947788091806265,0.6616173375111359,0.37885441086613214,0.0008511099146846599
84,0.06737526209652424,0.7413597943864184,0.6401725027596716,0.704674180920966,0.8111914122276569,0.741359371405453,0.9974358081817627,88.26433471532968,28.291021026097813,0.0017834993509145884,0.0017834993509145884,0.6793237589299679,0.3857002411610805,0.0008492771619804566
85,0.07517053785175085,0.747976128900675,0.6487396806769007,0.7825995595558807,0.7270684197487728,0.7479756978844864,0.9979936526371882,82.17208568866437,23.656674825228176,0.0008566929743840144,0.0008566929743840144,0.6776315200214202,0.3940632687165187,0.0008474439697140658
86,0.07177581225335598,0.7474475268357317,0.6492550207241465,0.7576971548440954,0.7511858482716163,0.7474470883610418,0.9978513350853553,82.5556442462481,26.149872532257668,0.0011409429403451772,0.0011409429403451772,0.6896133276705558,0.4059147436458331,0.0008456103367230419
87,0.06769387753307819,0.7012705803627064,0.6073963619905082,0.7341623897908711,0.7248827976782451,0.7012701860043028,0.997888601743258,103.59939102026132,48.77860134381514,0.0011558899512657751,0.0011558899512657751,0.6512847405213577,0.3762166184874681,0.0008437762618390562
88,0.06800396125763655,0.7045973908575767,0.6122881383195031,0.6735494572785984,0.7586680624667844,0.7045969819078362,0.9969891034639798,90.57956330592816,29.193768290372994,0.0022506163670466496,0.0022506163670466496,0.6466566685673368,0.362338888243987,0.0008419417438878526
89,0.06892009748518467,0.7121134698875256,0.62254570544024,0.7159744800902181,0.7198905052007109,0.712113075531746,0.9975692492264968,77.35864582428566,28.903698733219734,0.0014089070833646334,0.0014089070833646334,0.6638236219844728,0.39125988002006823,0.000840106781689204
90,0.06600367177277804,0.7576395158928875,0.6621433479626148,0.7384347384694016,0.7908990728110064,0.7576390711163408,0.9979133972754846,83.23443245887756,24.327248119390926,0.0012456820561335636,0.0012456820561335636,0.6961467481003358,0.41491723691041654,0.0008382713740568662
91,0.06790622802078725,0.7359056699430583,0.6392399907524638,0.7653615550426139,0.7233409634089228,0.7359052428690546,0.9979601089770977,84.20132083159227,27.924644208871403,0.0010238243983342098,0.0010238243983342098,0.6788068995811045,0.3916558838234498,0.0008364355197985339
92,0.06463689134269952,0.711331164111222,0.6203548947731213,0.7036129328905104,0.7403914736611578,0.7113307491165257,0.9977649908799392,91.07512790423173,34.84561920624513,0.001371915523822491,0.001371915523822491,0.6582717278887196,0.386082525150134,0.0008345992177157936
93,0.0635660669952631,0.6901560174024959,0.5872874386475574,0.7453873433653878,0.6526545470830057,0.690155618466087,0.9976857075324426,88.22396656183096,31.668585007007305,0.0008182892432579627,0.0008182892432579627,0.6254949478002695,0.3132155712407369,0.000832762466604078
94,0.06906305123865604,0.7200650045651317,0.6232644571854179,0.7260229766105465,0.7445097382513316,0.7200646033654275,0.9973692710583026,96.53423543159778,32.443545231452354,0.0016385408548208384,0.0016385408548208384,0.659050774688904,0.36692429104676616,0.0008309252652526187
95,0.06460717008262873,0.7179569491164575,0.6298002326862739,0.7192148091261154,0.7288006913490256,0.7179565371638919,0.9976156674898587,91.85049737416782,32.9788091136859,0.0013852669642521786,0.0013852669642521786,0.6636998264360815,0.3933608258286348,0.0008290876124443998
96,0.07346757131069899,0.7138439126441506,0.6233385165196288,0.740228454863439,0.7054615229322294,0.7138434884950317,0.997547278037438,83.12130947296436,25.042001371200268,0.0013306324298565204,0.0013306324298565204,0.663140631992764,0.386179875009335,0.0008272495069561094
97,0.06818864452838898,0.7148032670233421,0.6269349421841904,0.7314742942469046,0.7084485477086161,0.7148028566289075,0.9978489325596736,83.99869857384608,26.444535691004532,0.0011149369753324068,0.0011149369753324068,0.6660566467412187,0.40159055304068786,0.0008254109475580918
98,0.06405497469753027,0.7181936548707115,0.6311616198775398,0.7035938364931549,0.7431996351357554,0.7181932605231769,0.9978631092951848,82.711537196086,23.816163782890026,0.0012758878561166616,0.0012758878561166616,0.6660483639973861,0.3971918769753896,0.0008235719330142989
99,0.06254956153035164,0.7576080320257987,0.6625975780473886,0.7470937880085805,0.7834033290869903,0.7576076044488053,0.9978878498077393,86.44079354176155,26.492763202923996,0.0013253322014441858,0.0013253322014441858,0.6933282275612538,0.40638065108886134,0.0008217324620822401
100,0.06381136470288039,0.7444521991431569,0.6508453511600165,0.7409437976549845,0.7586256473144088,0.7444517841707973,0.9976528241084173,86.20235258799333,25.496964894808254,0.0014657790844257062,0.0014657790844257062,0.6901852924090165,0.4130021223368553,0.0008198925335129345
101,0.06104173525422812,0.7377681744067147,0.6457807972307967,0.7911226050688823,0.7362024108984725,0.7377677640287261,0.9977311171018161,104.07737578795506,43.326843862350174,0.001309981712928185,0.001309981712928185,0.6797778881513156,0.40869303019000935,0.0008180521460508585
102,0.06732475366443395,0.7143466713653628,0.6194695899436573,0.7375010550829967,0.7081562654363999,0.7143462403464194,0.9974435659555289,89.37707115136661,26.593055074031536,0.0013718054844782902,0.0013718054844782902,0.6492455118034548,0.3753002810363586,0.0008162112984338965
103,0.06235945650190115,0.7276588825418097,0.6286881734888877,0.7406455797870565,0.7276136354696232,0.7276584434753235,0.9976252775925857,86.04331184350528,26.99037075959719,0.0012253797971285307,0.0012253797971285307,0.6690505118010781,0.38515635622808564,0.0008143699893932899
104,0.06274823148548603,0.728267543620754,0.6347587475707557,0.734797868683759,0.7369479257360676,0.7282671252123902,0.9974730198199933,91.69381106816806,30.055772222005405,0.0015360392056978666,0.0015360392056978666,0.6644371015941771,0.3927004595215504,0.0008125282176535839
105,0.06389104337990284,0.7318536708358591,0.6399793619517152,0.7260531050795843,0.751633773747488,0.7318532558590113,0.9977626250340388,88.643442768317,32.14267399677863,0.0014225152822641225,0.0014225152822641225,0.6768487172667986,0.3968597917029491,0.0008106859819325769
106,0.06031016528606415,0.7103896835565892,0.6206030622623899,0.6848324882121227,0.7564377533716927,0.7103892838082673,0.9970681300530067,95.03583988776573,30.41333182958456,0.002186078291672927,0.002186078291672927,0.6521225432829502,0.38416727259755135,0.0008088432809412661
107,0.061344270266592504,0.7240065211889116,0.6282508691658621,0.7430885432378622,0.7387545227374009,0.7240061022056621,0.9978568003727839,87.6044197999514,24.09192094894556,0.0011894886310283954,0.0011894886310283954,0.6620167093351483,0.38320091710640836,0.0008070001133837954
108,0.06429522623121739,0.713672778402339,0.6173741551453806,0.75948721185646,0.6886577461216589,0.713672359975791,0.9980961176065298,86.7883054293119,30.13060529415424,0.0008328511164738581,0.0008328511164738581,0.6608145070763735,0.38150523287745625,0.0008051564779574008
109,0.06384756933152676,0.7262049615772549,0.6331005182793183,0.760128260968652,0.7160600803253172,0.7262045420135664,0.9978909125694861,93.77945526746603,28.108295660752518,0.0011103520026573767,0.0011103520026573767,0.6702657743142202,0.39113753804793727,0.0008033123733523561
110,0.057983814746141435,0.7368359623429439,0.6445668539987879,0.7697299602854041,0.7251928636030497,0.736835544499335,0.9981181071354792,89.05444595446953,25.540607058084927,0.0008943080902099609,0.0008943080902099609,0.6764445413763707,0.40535229788376737,0.0008014677982519177
111,0.059002051897346974,0.740085035595127,0.6467616329152436,0.7641346810247049,0.7704474491602529,0.7400846183496745,0.9973190931173471,106.4531643298956,47.53829246300917,0.0019151614262507511,0.0019151614262507511,0.6870749294757843,0.4187491266773297,0.0007996227513322692
112,0.061427213437855246,0.7471972074834361,0.6561647447412184,0.7429135347656544,0.7642069607562051,0.7471967867047989,0.9976727595696082,94.06788197847513,25.031061805211582,0.001520065160898062,0.001520065160898062,0.693350485353593,0.4161325472478683,0.0007977772312624649
113,0.05857291642576456,0.7317105692583724,0.6255912213788526,0.7854337637925657,0.6981752733714295,0.7317101370833524,0.9978189101585975,81.59644621152144,21.708914215748127,0.000772256117600661,0.000772256117600661,0.6553581104828761,0.3543502868941197,0.000795931236704373
114,0.061850295156240465,0.735219307281848,0.637413217079379,0.8313467640538463,0.7231319602234993,0.7352188900310422,0.9979371290940505,94.18188129938565,41.85074893786357,0.0009549764486459586,0.0009549764486459586,0.678162687135717,0.3883714584203867,0.0007940847663126185
115,0.05956121946126223,0.730662534610074,0.6382185131224656,0.7731914274108491,0.7422119255120353,0.7306621053919435,0.9977995615739089,107.63010821892665,45.59537882071275,0.0013607648702768178,0.0013607648702768178,0.6681521695819146,0.4043076757628184,0.0007922378187345249
116,0.06198037130385637,0.765488348341054,0.6681046291168579,0.7437773003224589,0.8080653492017422,0.7654879116095513,0.9977301084078275,83.41702825289507,30.909075649885033,0.001643841083233173,0.001643841083233173,0.7111152708530426,0.4239091311509793,0.0007903903926100556
117,0.06303572201728821,0.7770307253239731,0.6755150032211292,0.7699489530579425,0.8209039568998704,0.7770302943312264,0.9978629809159499,90.88468293043283,24.98079205934818,0.0013129160954402043,0.0013129160954402043,0.7105854563131359,0.4073451632777086,0.0007885424865717544
118,0.05666953962296248,0.7418573559208844,0.6455238511231369,0.755474269396905,0.7408365221493507,0.7418569247598275,0.9978302992307223,83.73171739394849,27.436656635541183,0.0011893052321213942,0.0011893052321213942,0.6751692591792912,0.3878171193198516,0.0007866940992446861
119,0.05859570557624102,0.7260844116360148,0.6269249799385006,0.7490864401360449,0.7274172984865983,0.7260839909388378,0.9975235278789814,82.02610188264113,26.59245663881302,0.0014739770155686599,0.0014739770155686599,0.6636353829839146,0.3779662151176196,0.0007848452292463757
120,0.06279512103646993,0.7287427072758665,0.6301653924313683,0.745414099059087,0.7282011853994661,0.7287422900019551,0.9974979987511268,87.238925915498,30.796002805233,0.0014825967641977163,0.0014825967641977163,0.6695511008684452,0.3851287170098378,0.0007829958751867468
121,0.060817835561931134,0.7386835217884955,0.6444360499607685,0.7896321439302695,0.7459393958666579,0.7386831022423034,0.9979434746962327,104.63007556475125,44.969104303763466,0.0010721316704383264,0.0010721316704383264,0.6852900064908541,0.3975610641332773,0.0007811460356680608
122,0.05653441399335861,0.7089120794351207,0.6178789058354821,0.6911692469957524,0.7455552346511608,0.7089116545573891,0.9970755393688495,79.31930952805739,29.570637028950912,0.002042073469895583,0.002042073469895583,0.654546964592625,0.37892241231524026,0.000779295709284853
123,0.05670380172878504,0.7143044482767841,0.6225149713809359,0.706488818398243,0.7409422398337742,0.7143040173330575,0.9975930360647348,82.86177220711342,27.82149170912229,0.001496590100801908,0.001496590100801908,0.6613048585702648,0.39771141928549,0.0007774448946238706
124,0.057648870006203654,0.7110501260717839,0.6168029232977756,0.7147474820986796,0.723196935688338,0.7110496744842413,0.997617061321552,89.19378318236424,26.59627801179886,0.0014461370614858775,0.0014461370614858775,0.6509268678801163,0.3800246221228288,0.0007755935902640081
125,0.06333175606280565,0.7396965223384133,0.6435487678132923,0.7428072119582165,0.7543819859236112,0.7396960837517366,0.9977211035214938,75.94869658580193,21.281927989079403,0.0013636442331167369,0.0013636442331167369,0.6718283332358204,0.3895455769334848,0.000773741794776243
126,0.05627222980558872,0.7369601515444288,0.632885478515766,0.7521295656714362,0.7437062107050711,0.7369597159829284,0.9978168927706205,79.32327010081364,20.497559396120216,0.0012494784135084886,0.0012494784135084886,0.6676992805038865,0.3783281005632419,0.0007718895067235705
127,0.05466929280012846,0.7571217807723463,0.6555723364820385,0.7647084502785039,0.7629186420429199,0.7571213474642025,0.9980038679563082,78.67222299025609,22.684882177756382,0.0010667214026817908,0.0010667214026817908,0.7006783666165575,0.41190018504858017,0.0007700367246609375
128,0.05640067905932665,0.7373464991119667,0.6388717777458928,0.7758079969289619,0.7432945072567583,0.7373460630816647,0.9978200105520395,76.70733107970311,25.28578457924036,0.001225893314068134,0.001225893314068134,0.6788480446300057,0.38650249431912714,0.0007681834471351756
129,0.055129034996032715,0.732868787599988,0.6350604963957144,0.7674745277079713,0.7517610565289986,0.7328683534216777,0.9978324633378249,108.364217877388,44.895041131056274,0.0013001515315129207,0.0013001515315129207,0.6751906045649846,0.38655643079143304,0.0007663296726849344
130,0.0540712922886014,0.7384151754302823,0.6441614401716802,0.7219023750978326,0.7735463248651749,0.7384147424108914,0.9975723853478065,94.63161180569575,37.73590158957701,0.0016418236952561599,0.0016418236952561599,0.6869355764278572,0.4095095178255668,0.0007644753998406124
131,0.05426386371999979,0.7494137898018163,0.6545740375082663,0.7765073043337531,0.7835618201299344,0.7494133636554217,0.9976268731630765,105.30535937272586,46.25634021025438,0.0015793213477501501,0.0015793213477501501,0.6918472027262816,0.413225325397574,0.0007626206271242884
132,0.054769470170140264,0.7454009318317157,0.6529822091196211,0.7446154529426564,0.7651703927242332,0.7454004973408092,0.9976999392876258,88.54860111383292,21.636100521454445,0.0014962783226600061,0.0014962783226600061,0.6927990305423288,0.41692855954170227,0.0007607653530496521
133,0.05522395126521587,0.7485988357461325,0.652205729348318,0.7924952312558345,0.7629458325867533,0.7485984002170419,0.9977650275597205,81.42366457902469,26.11294853228789,0.0013344838069035457,0.0013344838069035457,0.6827971265794566,0.39207533489053065,0.0007589095761219332
134,0.0540871691480279,0.7434660443490576,0.6419956450324424,0.7601912543809157,0.750478458251137,0.7434655990848836,0.997892453120305,80.68758796728574,22.06594275052731,0.0011943487020639272,0.0011943487020639272,0.6741670463323737,0.37463398549992305,0.0007570532948378305
135,0.05566858717054129,0.7329520167745606,0.6360621874017703,0.7357551494319612,0.7501456089359843,0.7329515779366604,0.9977728770329402,77.13859730500441,21.513712607897244,0.0013453226823073167,0.0013453226823073167,0.6744380780974797,0.38927257619798183,0.0007551965076854392
136,0.05666279363632202,0.7379696666992387,0.6417826790554637,0.7448709627548131,0.7529540175417071,0.7379692445080248,0.9973011567042425,85.24358309232272,24.34106967540888,0.0017871856689453125,0.0017871856689453125,0.6796158586870521,0.40236705283706004,0.0007533392131441786
137,0.0558085053935647,0.7509481608350114,0.6520538116789205,0.751268302473545,0.7755018011225308,0.7509477097685653,0.9977871821476862,80.46352002253899,21.310745977438412,0.001342938496516301,0.001342938496516301,0.6846420976306455,0.39206593426374287,0.0007514814096847186
138,0.05412265016138554,0.7506962138038275,0.6521826959884943,0.7391823617361026,0.7923715826353189,0.7506957816391833,0.9976265613849347,82.61514187776126,22.780535890505863,0.0016067394843468298,0.0016067394843468298,0.687350414172296,0.39790237924227345,0.000749623095768904
139,0.055435867689549924,0.7336413565417169,0.6356110987507227,0.7483720182989029,0.7391634412619148,0.7336409215888643,0.9974390360025259,79.64268989746387,21.47930260346486,0.0016050705542931189,0.0016050705542931189,0.6666303348096195,0.37358344059724075,0.0007477642698496805
140,0.055779020972549914,0.7637526737061472,0.6632270022332309,0.7806819196279117,0.7636540074703773,0.7637522426936716,0.9979684352874756,80.35258099666008,22.929774582386017,0.0011387054736797626,0.0011387054736797626,0.6954239881955661,0.3870320307234159,0.0007459049303710179
141,0.05655237339437008,0.7425443070624459,0.6486392537236577,0.7782866588059723,0.7565076311322135,0.7425438863754941,0.9974363950582651,79.32801903211154,28.488299401906822,0.0016874166635366587,0.0016874166635366587,0.6785848708532984,0.3949299714026543,0.0007440450757678328
142,0.05471433117240667,0.7196762680371049,0.6314630746097634,0.7117039583084556,0.7416899623982385,0.7196758093958333,0.9976393442887527,76.18535849681267,25.148405446456028,0.0015014318319467397,0.0015014318319467397,0.6595813533522932,0.39460473493314707,0.000742184704465911
143,0.051717001743614675,0.7449136565666824,0.6513796240390385,0.751748700572819,0.7581399727548909,0.7449132387455522,0.9976780781379113,82.41486119307004,25.971601706284744,0.0014352431664100061,0.0014352431664100061,0.6818829010475854,0.39869661113390553,0.0007403238148818282
144,0.05353558420389891,0.7295571917549378,0.6308867287779579,0.7320205418825062,0.7452302696189548,0.7295567494227437,0.997898688683143,95.86793111837827,34.933868609941925,0.0012081769796518178,0.0012081769796518178,0.6719673514196004,0.37849763279350906,0.000738462405422871
145,0.05319445566087961,0.7208572339769023,0.6319994017912648,0.7177543199103121,0.7406343336654762,0.7208567968785923,0.9974163495577298,84.99680703419905,26.728410000984486,0.0016895440908578725,0.0016895440908578725,0.6601626630335187,0.39541956094595104,0.0007366004744869555
146,0.05397993323206902,0.731098425103755,0.6382246535631494,0.7437893127462757,0.750679794690621,0.7310979962081714,0.9977578933422382,80.49180978995103,25.866892828391148,0.0013718971839317908,0.0013718971839317908,0.6709315504345935,0.39684024911660415,0.0007347380204625457
147,0.05252876631915569,0.7186239991058702,0.6234918114522506,0.7227511198998813,0.7328916471107636,0.7186235751815093,0.9974651703467736,93.96016499629387,28.761894198564384,0.0016317917750431942,0.0016317917750431942,0.650699221128749,0.37648722185538364,0.0007328750417285716
148,0.05349083212018013,0.6588648030483436,0.5582996938120701,0.6821916251673822,0.6583692362099447,0.6588643659176792,0.9973733608539288,92.48907274466295,37.80811943916174,0.0014072014735295223,0.0014072014735295223,0.592831634021982,0.3182151128466313,0.0007310115366543449
149,0.05416548568755388,0.717455819965555,0.6279493384421444,0.7578380901919831,0.7328857169224156,0.7174553956990184,0.9974979987511268,96.31521109434274,32.72286226657721,0.0016223650712233323,0.0016223650712233323,0.6579860705005558,0.3930390262259887,0.0007291475035994755
150,0.05058897440135479,0.7175990528013744,0.629364506350333,0.7113173346204038,0.742549028857318,0.7175986210887658,0.997397074332604,81.71360050714932,33.52029603261214,0.001703317348773663,0.001703317348773663,0.653749365117759,0.39061800060937035,0.0007272829409137847
151,0.0514755425453186,0.7274812837946283,0.6337000274986012,0.7885862255602251,0.736657088444782,0.7274808702615468,0.9975351003500131,105.0826081587718,48.648922892717216,0.0015688125903789813,0.0015688125903789813,0.6651401428434138,0.39178286550136715,0.0007254178469372199
152,0.05073495758324861,0.7314499741167448,0.6384514652960764,0.7653748841858554,0.7423834934604059,0.7314495528297628,0.9979439698732816,78.8562084894914,15.352252075305351,0.0011797134692852313,0.0011797134692852313,0.6674948994276257,0.39966780176529515,0.0007235522199997669
153,0.051077992171049115,0.7393089225728571,0.6437044257081118,0.7445813303081423,0.7628099983832933,0.7393084943582479,0.9976742817805364,86.74292836739467,26.481616414510288,0.0014829085423396183,0.0014829085423396183,0.6804254914436919,0.3987516709245168,0.0007216860584213608
154,0.051009148925542834,0.7083656678665183,0.617939816774346,0.723054801535365,0.7106079528409978,0.7083652504149487,0.9977734639094427,87.00830251436967,31.791335972455833,0.001251073983999399,0.001251073983999399,0.6467685956807915,0.38137524918867993,0.0007198193605117973
155,0.050746628321707246,0.7419213701495397,0.645567256257819,0.7385597779404776,0.7737445130932566,0.7419209315514238,0.9978143985454853,100.19148113177373,26.44963290141179,0.0013301555926983173,0.0013301555926983173,0.6755776901084644,0.40078652650117874,0.0007179521245706413
156,0.04922507837414741,0.7221679680630075,0.634063924584718,0.7201878710301516,0.7558964370165945,0.722167542562641,0.9976772895226111,87.8656999881451,30.94156976846548,0.0014712260319636418,0.0014712260319636418,0.6622928926506295,0.40026720842489827,0.0007160843488871357
157,0.0559158980846405,0.7322310439475144,0.6359655706161179,0.7457583595663249,0.7399786686656343,0.7322306027637523,0.9978037614088792,84.57770945475652,26.672366632865025,0.0012461405534010667,0.0012461405534010667,0.6623117177066609,0.3850557801242058,0.0007142160317401089
158,0.05119515223056078,0.7413863293059203,0.6455577512149087,0.7356995327881174,0.762546282074177,0.7413858864815625,0.997643232345581,89.0042895262058,21.59109315963892,0.001498570808997521,0.001498570808997521,0.6775536382203706,0.39458386915234417,0.0007123471713978799
159,0.05204106638580561,0.741818381636924,0.6443686856588969,0.741894355857215,0.758568794637323,0.741817938522208,0.9977593238537128,81.27686982888441,20.275170830579903,0.0013418747828556942,0.0013418747828556942,0.6851989506484153,0.40150918152469856,0.0007104777661181647
160,0.05024954722076654,0.7169197741646518,0.625913347280159,0.7198973770468412,0.7313805369290372,0.7169193422575234,0.9976449196155255,83.71233959381397,23.275338645164783,0.0013954822833721454,0.0013954822833721454,0.660158279823708,0.3850349276684798,0.0007086078141479791
161,0.049877564609050754,0.7154914185414942,0.6263418068976205,0.7242913155024167,0.7245287336847609,0.7154910005630666,0.9976363182067871,82.89641020848201,27.444353172412285,0.0014131619380070614,0.0014131619380070614,0.6520766294773659,0.38793221732171684,0.0007067373137235415
162,0.0486198826059699,0.7311631092787091,0.6390217883990305,0.7462016990874276,0.7363619793642519,0.7311626664238767,0.9977812216832087,78.67074404313014,24.187350855423855,0.0012764380528376652,0.0012764380528376652,0.6648064642157316,0.38800617321752584,0.0007048662630701754
163,0.0497840493246913,0.7139731940996009,0.6201791685472136,0.7211459378256811,0.7222354395967627,0.7139727554213937,0.9977100629072922,84.76689584438617,29.307568962757404,0.0012598587916447567,0.0012598587916447567,0.6507772889006167,0.36943309768461263,0.0007029946604022085
164,0.05416397453099489,0.7179831003131696,0.6258517523311358,0.728615226732398,0.7299695553427067,0.7179826931995734,0.9978489325596736,77.93539723983177,22.5289059648147,0.0011940736037034255,0.0011940736037034255,0.6525485546867108,0.379206870467617,0.0007011225039228726
165,0.05034904173016548,0.7282113394437061,0.6352356844462014,0.7381945596598215,0.74822324088208,0.7282109267724598,0.9975078656123235,87.45329832113705,30.62070882320404,0.0015910955575796275,0.0015910955575796275,0.6662286129750459,0.39457372232125354,0.0006992497918242011
166,0.048823773860931396,0.7472396216423314,0.6529581550317091,0.7618922830188819,0.7509551559258745,0.7472391820048506,0.997705184496366,82.0330077776542,30.698570205615116,0.0014469256767859827,0.0014469256767859827,0.6899297410797002,0.410758125810669,0.0006973765222869263
167,0.04884909949451685,0.7185955686948959,0.6251946357031619,0.7406854366319872,0.7203830718787034,0.718595153294147,0.9975385665893555,83.79829050944402,31.837435795710636,0.0014290076035719651,0.0014290076035719651,0.6578938871120604,0.39285149998389757,0.0006955026934803739
168,0.04930764235556126,0.7177716105474917,0.6290209801344966,0.7248756484056972,0.7237744549935854,0.7177711837001041,0.9974861511817346,91.68689268368941,27.602357818530155,0.0014788187467134916,0.0014788187467134916,0.6538871681350122,0.39381518214941025,0.000693628303562358
169,0.05018481680005789,0.7113789993620874,0.6217123832531741,0.7241274739336088,0.7128562800495533,0.7113785793594936,0.9974481876079853,83.53410273331862,27.525281823598423,0.0014189756833589994,0.0014189756833589994,0.649739417901191,0.38709781691432,0.0006917533506790733
170,0.04834281139820814,0.741960583926851,0.6479156488253511,0.7477526595621453,0.7573437238601888,0.741960155921108,0.9975981712341309,84.98751950263977,26.761710992226234,0.0015163238231952374,0.0015163238231952374,0.6749059301621926,0.40261027302879554,0.000689877832964987
171,0.04897998389601708,0.7327526323517157,0.6392922271645001,0.7277985659186783,0.7524412000701324,0.7327521953604506,0.9976115776942327,87.93661517363329,27.279062028114613,0.0014920968275803786,0.0014920968275803786,0.674187796226481,0.40092914952681613,0.0006880017485427283
172,0.04861501806974411,0.7155896981602949,0.6271901147223135,0.7200118660066358,0.7307505116858799,0.7155892922761351,0.9975425280057467,90.68914189705482,24.711671416576092,0.001576698743380033,0.001576698743380033,0.654078583579799,0.3818325294324985,0.0006861250955229781
173,0.050075151830911636,0.7407702558707568,0.6441320000778361,0.73754221723655,0.7655946701377263,0.7407698100971302,0.9975590339073768,91.21207151046166,24.629837315816147,0.0016410350799560547,0.0016410350799560547,0.6775460237060122,0.39997556146520835,0.0006842478720043559
174,0.05076364250481129,0.752992440902632,0.6534294646798601,0.775921373595754,0.7505569459096731,0.7529920018638252,0.9981039120600774,85.00140304748828,20.12200297300632,0.0009828897622915415,0.0009828897622915415,0.6912243933631823,0.39183551044418263,0.0006823700760733055
175,0.04962700628489256,0.7418416321935877,0.6450998023291218,0.7495280695834604,0.7471292398768755,0.7418411888380402,0.9978919946230375,80.65478524794945,21.71434467113935,0.0011525887709397536,0.0011525887709397536,0.6725938821473392,0.38590239647489327,0.00068049170580398
176,0.04763258092850447,0.7524023501358025,0.6630655477408851,0.7470063853047981,0.7721361678029847,0.7524019221850633,0.9977959119356595,82.52208069654611,14.38989245891571,0.0014202594757080078,0.0014202594757080078,0.6889971717311005,0.4161920133405007,0.000678612759258125
177,0.047345334112644195,0.7411332351530514,0.6474525385194786,0.7389879207391493,0.7552796148416305,0.7411327989632437,0.9977896947127122,99.85966849327087,26.582624981036552,0.0013230763948880709,0.0013230763948880709,0.6773759234213055,0.3954450035324463,0.0006767332344849599
178,0.04620048972219229,0.7357441838674205,0.6424206478830384,0.7381030712495602,0.7501975868234833,0.7357437433575312,0.9974679029904879,93.30650933889243,21.38143738416525,0.0016302328843336839,0.0016302328843336839,0.6701839009592032,0.40512726140710026,0.0006748531295210577
179,0.04899710498005152,0.7524052431986663,0.6596730303946772,0.7488991252546138,0.7677316064863027,0.7524047997790829,0.9977292647728553,80.80642179342416,20.328742728783535,0.0014411119314340444,0.0014411119314340444,0.6941112435775162,0.42838117251029384,0.0006729724423902248
180,0.04727639357745647,0.7211890436761769,0.6310072426154966,0.7289107693318801,0.7274343724135945,0.7211885954380148,0.9974576326516958,91.9407622905878,26.98451469036249,0.0016053456526536208,0.0016053456526536208,0.6553461471809826,0.3873082006780001,0.0006710911711033769
181,0.04548926871269941,0.7425101031867071,0.648438147628387,0.7626013818380826,0.7472377127544158,0.7425096644282587,0.9976380054767315,82.1713223549036,21.67150165942999,0.0014667694385235126,0.0014667694385235126,0.6797845049295574,0.4052292031164353,0.0006692093136584148
182,0.04622529279440642,0.7229029304424426,0.6363707381393913,0.7401431826720807,0.7350038371257441,0.7229025150760238,0.9976679545182449,81.89312746891609,21.407335726114418,0.0014023414024939905,0.0014023414024939905,0.6640794153925771,0.4034876533998893,0.0006673268680400988
183,0.04856696941703558,0.734709891186477,0.6427431888165039,0.7567526848421928,0.7375012214498801,0.7347094546646454,0.9976197022658128,78.88830779148982,30.423772298372707,0.0014260732210599459,0.0014260732210599459,0.6659407750692201,0.4004410473773113,0.0006654438322199202
184,0.04751146256923675,0.7278516757534107,0.6357417404138537,0.7429806786907054,0.7472270120438502,0.7278512425594331,0.9974281787872314,82.33675021391649,26.82241427898407,0.0016811260810265173,0.0016811260810265173,0.6640457839152987,0.3874629589800651,0.0006635602041559724
185,0.0457346475943923,0.7225808361807324,0.6355530352452775,0.7453581582047989,0.7354891371041886,0.7225804136778365,0.9975067652188815,83.01505179588611,27.360332929171047,0.0015581571138822115,0.0015581571138822115,0.6603625098665851,0.3969229683279991,0.00066167598179282
186,0.046566946268081666,0.7301240949540552,0.6366132160638038,0.7365188775992686,0.7418147855569887,0.7301236558885849,0.9976502198439378,89.46099672867702,25.988030433654785,0.0013573719904972957,0.0013573719904972957,0.6637896912244077,0.3929647053950108,0.0006597911630613657
187,0.04798347705602646,0.7417395874532768,0.6511817129146993,0.7408140273370035,0.7588279420302828,0.7417391590202457,0.9977659995739276,82.48870875285222,26.041974512430336,0.0014067429762620192,0.0014067429762620192,0.6785559503399633,0.414749186199445,0.0006579057458787157
188,0.045802905283868316,0.7397656485357242,0.6505389476686995,0.7304622889392218,0.7650577154089989,0.7397652304231002,0.9977680903214675,93.88046956979312,25.23857749425448,0.0014441563532902645,0.0014441563532902645,0.6734784122660883,0.40359383835815466,0.0006560197281480442
189,0.04476427606493234,0.7282485978997969,0.6381629774631228,0.7367385075257675,0.7326572834824776,0.7282481500164231,0.9979276290306678,77.26041618677286,25.790390445635868,0.0010580099545992338,0.0010580099545992338,0.6598308763842886,0.3900897798056786,0.0006541331077584547
190,0.04557153728604317,0.7161135834412241,0.6297173168065764,0.7286485700193182,0.7149026601466713,0.7161131845073977,0.9976207109598013,97.11704036822685,29.985503476399643,0.0013222694396972656,0.0013222694396972656,0.6570790169330744,0.4057166827126191,0.0006522458825848401
191,0.04485781987011433,0.7232094011861998,0.6384155284847659,0.7221917945902588,0.7399580857008774,0.7232089898048846,0.9972005807436429,87.61129727730385,32.19973505460299,0.0018848455869234526,0.0018848455869234526,0.662051740412448,0.41015856999617356,0.000650358050487742
192,0.04748614703863859,0.7515043499000769,0.652038026477379,0.7366372037636442,0.785881287660714,0.7515038981175302,0.9978637511913593,98.93659912622891,22.75220590371352,0.001372685799231896,0.001372685799231896,0.6828726758249104,0.40268378203304916,0.0006484696093132058
193,0.045752359472215176,0.7193802881870587,0.6258540374326473,0.7383618932424365,0.7246640103499253,0.7193798540304404,0.9974959263434777,74.78640380272499,26.498189715238716,0.0015187813685490536,0.0015187813685490536,0.6540432573797611,0.3779187805664081,0.0006465805568926364
194,0.045514325097203254,0.7280533677871502,0.6395774135339237,0.7284482663299603,0.7463305548036677,0.7280529316945764,0.9975073887751653,94.98233664035797,30.55739251466898,0.0015894266275259165,0.0015894266275259165,0.6667014308936464,0.41222924495545715,0.0006446908910426501
195,0.04425626903027296,0.7359232573617246,0.6459271362185188,0.7536403775026643,0.7488878592944552,0.7359228244124953,0.9978214594034048,94.63767298368307,24.775252516453083,0.001232147216796875,0.001232147216796875,0.6682420628718458,0.39941333406246626,0.0006428006095649255
196,0.045512223571538925,0.7508397165637581,0.6574870096041436,0.7490231039971184,0.771753943419226,0.7508392846929364,0.9976058006286621,84.07313545850607,22.446484400675846,0.0015625220078688401,0.0015625220078688401,0.6889452204967921,0.40680403262376785,0.0006409097102460521
197,0.04312207437306643,0.7368986829353102,0.6442646758065667,0.7245654056288409,0.7676782720782213,0.7368982403200307,0.9974942207336426,86.88017672758836,27.202159922856552,0.0016834735870361328,0.0016834735870361328,0.6692771146845189,0.39860294630321175,0.0006390181908573774
198,0.0432722172960639,0.7190156690715785,0.6311807036339279,0.7250615281035929,0.7281753441255044,0.7190152488006161,0.9975213270920974,77.71943867206573,27.167860475870278,0.0014785069685715896,0.0014785069685715896,0.6623217620200831,0.4047278260382322,0.0006371260491548504
199,0.04512675935029983,0.7156185957989792,0.6264879076268589,0.739008477144806,0.7189279878234139,0.7156181841230965,0.9974187520834116,78.44242884562566,27.32781888429935,0.0015401473412146936,0.0015401473412146936,0.6500487945108527,0.38516253533844763,0.0006352332828788649
200,0.04620498900860548,0.74182892713837,0.6450186876256638,0.7553321515111429,0.749464056365671,0.7418284770472336,0.997754665521475,89.57236737471361,20.89203350360577,0.0012894226954533504,0.0012894226954533504,0.6748066381281276,0.394162845869477,0.0006333398897540993
201,0.04392260180413723,0.7341944258179347,0.6421128099016963,0.7562122654765535,0.7453733291393638,0.7341939852789486,0.9977751328394964,77.34861847070547,26.288356927724983,0.0012945211850679838,0.0012945211850679838,0.6682923462850829,0.3983764754464993,0.0006314458674893553
202,0.04363586073368788,0.7331567357504185,0.6404361247653159,0.747981415330715,0.748105966047863,0.7331563095349259,0.9976954276745136,92.76410029484676,20.87139261685885,0.0014605338756854718,0.0014605338756854718,0.6675843579488663,0.3878869185080895,0.0006295512137773931
203,0.045214380010962486,0.7540333125123728,0.6601713749536645,0.7588415591081776,0.7663427598762748,0.7540328577878892,0.9977989196777344,85.86483961802263,20.858547779229973,0.00133360349214994,0.00133360349214994,0.692163209811462,0.4253447432644092,0.0006276559262947659
204,0.04434561257064343,0.7499268945713978,0.6579413635812935,0.75183768427162,0.7638906144740266,0.7499264540654094,0.9976332187652588,79.66744950184456,23.845687247239628,0.0015340951772836538,0.0015340951772836538,0.6908839889443837,0.42622236205408204,0.00062576000270165
205,0.042780546225607397,0.7534889946919814,0.6624545504370152,0.772102211031677,0.7478197459406354,0.7534885645594824,0.9978922880612887,80.80296601698949,21.80224722165328,0.0011200538048377405,0.0011200538048377405,0.6899623996001677,0.4118556414659207,0.0006238634406416756
206,0.04373297838121653,0.7432825227360967,0.6513573864517448,0.7624162103203249,0.7475255128906888,0.7432820899738112,0.9976600683652438,85.88414832261893,26.51313474545112,0.001388109647310697,0.001388109647310697,0.678134702045939,0.4008885771036148,0.0006219662377417515
207,0.04280186525732279,0.7442713037623818,0.6508725665427181,0.7356724490023742,0.7768522893854981,0.7442708610056858,0.997883833371676,82.35734465489021,26.330973207950592,0.0013422599205603967,0.0013422599205603967,0.6731519910883015,0.4112086478047646,0.0006200683916118909
208,0.042429091855883595,0.7373161358736966,0.6421884874325756,0.7574303771716404,0.7468349041978677,0.7373157076610481,0.9976699168865497,76.46038231482872,26.72789678665308,0.0014081368079552283,0.0014081368079552283,0.6718098875247122,0.38905251413010633,0.0006181698998450326
209,0.041554478153586386,0.7530944380529747,0.6580111319213768,0.7498801105824775,0.7741595943231772,0.7530939898884731,0.9977434965280386,82.76509256546314,16.950432571081016,0.0013699531555175781,0.0013699531555175781,0.6852955677638349,0.4023895896971226,0.0006162707600168605
210,0.040992484480142595,0.7545690292413512,0.6606769978921094,0.7547721785684091,0.777025543037493,0.7545685994511816,0.9978557733389047,88.96928405761719,16.722669459306278,0.0013326498178335337,0.0013326498178335337,0.6864621941483795,0.40920033621100277,0.0006143709696856199
211,0.0411575006172061,0.7464393581606124,0.6516257023852854,0.7485887994419649,0.7666625087782517,0.7464389057400886,0.9977058080526499,93.48342408583714,26.743136548078976,0.0014200027172382062,0.0014200027172382062,0.6790818870515347,0.4045612829235884,0.0006124705263919325
212,0.04182418205589056,0.7517864627290112,0.6589239084225602,0.7563901308128003,0.7641752745443016,0.7517860293962552,0.9976907143226037,88.82053287212665,15.925433328518501,0.0014282006483811599,0.0014282006483811599,0.6867309322652335,0.4076902960928587,0.000610569427658607
213,0.04220061482489109,0.7562081990232499,0.6624874798049958,0.7563001874775727,0.7769886248016936,0.7562077460954995,0.9977630285116342,79.51607028337625,19.583976158728966,0.0014079900888296275,0.0014079900888296275,0.6915534506954898,0.42164402856276584,0.0006086676709904492
214,0.045015830256044866,0.7443250761089446,0.6512164664364879,0.7765185111936005,0.7419004982048064,0.7443246487484607,0.9976721176734338,85.75745550485757,22.870091828016136,0.0013611866877629207,0.0013611866877629207,0.6762050960176287,0.39473780201604736,0.0006067652538740668
215,0.04286794923245907,0.7344084871461244,0.640182053425219,0.7413015073144026,0.7460931111670663,0.7344080604381393,0.99765289746798,83.55983706621024,26.89957198729882,0.0014051107259897085,0.0014051107259897085,0.6651559534013638,0.3942698291861094,0.0006048621737776744
216,0.04187804669886828,0.7383206959809663,0.6448338561114052,0.7425386501656129,0.7554109861919289,0.7383202542194689,0.9977529232318585,84.78103883449847,22.002519946831924,0.0014070730942946214,0.0014070730942946214,0.6724408335643463,0.39984205150260377,0.000602958428150892
217,0.040935823872685434,0.7498113273919288,0.6514838338102945,0.7647219031160893,0.7586657694600872,0.7498108949513569,0.9979055478022649,76.73668149801401,26.154484327022846,0.0011594112102801984,0.0011594112102801984,0.6839047805047952,0.4116748611514385,0.0006010540144245451
218,0.041108491234481334,0.7367688050138266,0.6418198753509388,0.762085365302689,0.7336225624184546,0.7367683790195735,0.9977506124056302,79.80974806272067,22.69516763320336,0.0012591985555795522,0.0012591985555795522,0.6647884507144156,0.3780393229367641,0.0005991489300104574
219,0.041618198357522486,0.7100674326129701,0.6166602064954991,0.7298055316302311,0.7073394751379473,0.7100669995508075,0.997703900704017,76.23022678265205,26.62338377879216,0.001221931897676908,0.001221931897676908,0.6441516718886515,0.36471626363121545,0.0005972431723012443
220,0.04110572951287031,0.7434461670074781,0.6457926725760559,0.7562803164983145,0.758986105381847,0.743445742732204,0.9975830408243033,85.71110308170319,30.583174017759468,0.0014693186833308293,0.0014693186833308293,0.6731409383937716,0.39123494579241824,0.0005953367386701004
221,0.04136515630036593,0.7364573607737401,0.6414039742574442,0.7284540544860045,0.7683416489929884,0.736456905563339,0.9973348654233493,86.91805938573984,28.54986536044341,0.0018429939563457782,0.0018429939563457782,0.6671625676143986,0.398465786415797,0.0005934296264705859
222,0.04127119664847851,0.7416786202771787,0.6428475904892325,0.7523258552181201,0.74936765965244,0.7416781827522028,0.9975289198068472,83.38890288426326,24.06426763993043,0.0014781951904296875,0.0014781951904296875,0.6771804254654293,0.3830583720253064,0.0005915218330364093
223,0.04032132692635059,0.7321418729970219,0.6364606072661813,0.7366045710835577,0.753112839490726,0.7321414307406017,0.9976077079772949,78.1525629575436,33.47901250765874,0.0014707491948054386,0.0014707491948054386,0.666467495499931,0.39881452115682453,0.000589613355681206
224,0.041746201820671555,0.7492107182523701,0.6533837752055985,0.7537773108523397,0.768119002755709,0.7492102741336836,0.997762496654804,86.33578349076785,28.552286088466644,0.0013864773970383864,0.0013864773970383864,0.6793849940966958,0.40593073345147646,0.0005877041916983153
225,0.03950318542122841,0.7431326540437091,0.6488724501498395,0.7536729488866813,0.7509419605625713,0.7431322237872132,0.9976651851947491,89.02794210727399,21.66988409941013,0.0014193241412823016,0.0014193241412823016,0.6788665316595982,0.4032856094149443,0.0005857943383605531
226,0.04066948452591896,0.7279661803506353,0.6374236420799945,0.7331467686767444,0.7486783843941477,0.7279657381947003,0.9977103013258714,85.050536439969,33.44448238152724,0.0014381041893592249,0.0014381041893592249,0.658169886849534,0.3998487919855576,0.0005838837929199803
227,0.04225610408931971,0.7331937087493674,0.6390553067769509,0.739050832820867,0.7467485247992042,0.7331932714353725,0.9976046818953294,94.47282358316275,27.360302544557133,0.0014887222876915564,0.0014887222876915564,0.6674276217616772,0.4034848367938629,0.0005819725526076705
228,0.04030682565271854,0.7333636607176062,0.6374746350453389,0.7323926082854597,0.750937347650219,0.7333632150773709,0.997567030099722,83.59908620210794,34.72208116604732,0.0015252920297475962,0.0015252920297475962,0.6603211448673392,0.3887624560067287,0.0005800606146334708
229,0.03998420071601868,0.7211780636283174,0.6297537330524108,0.7250869666540711,0.7299652301552998,0.721177637576086,0.9975326794844407,86.58271087132968,22.94988104930291,0.0014559489030104417,0.0014559489030104417,0.6574899321071027,0.395583536905738,0.000578147976185762
230,0.04167577052861452,0.7385779926783265,0.6430335540482706,0.7481021158553228,0.7495167722770577,0.7385775591606524,0.9975554392887995,85.27725327014923,27.801497060518997,0.0015595692854661208,0.0015595692854661208,0.669348302951011,0.39011775931486714,0.0005762346344312134
231,0.040391075067222115,0.7196597277402085,0.633806726153832,0.7129576491909699,0.7403873609583029,0.7196592970824691,0.9974659222822922,85.15486603516798,32.77920943957109,0.0016482243171105017,0.0016482243171105017,0.6605028431944308,0.4056867457066591,0.0005743205865145341
232,0.03969934318959713,0.7461073808626395,0.6503052207035995,0.7540750248843118,0.7620471282062399,0.7461069304354526,0.9976971699641302,86.1588369332827,26.229204682203438,0.0013930063981276292,0.0013930063981276292,0.678337870264211,0.39322093988840395,0.0005724058295582214
233,0.0400871948748827,0.7321761134215697,0.6389304109885638,0.7421514082659173,0.7401029869221787,0.7321756828953929,0.9975706613980807,84.74478347484882,32.31569159030914,0.0014838071969839244,0.0014838071969839244,0.6640693687698401,0.3947988602404411,0.0005704903606623043
234,0.03959737981110811,0.7344012218385128,0.6402070400735845,0.7353261359168596,0.7557628892923554,0.7344007848118632,0.9976656436920166,95.28684487709633,30.002550070102398,0.0015479601346529447,0.0015479601346529447,0.6734670870444881,0.41045979496378165,0.0005685741769040841
235,0.03992408007383347,0.7161426775419214,0.6286663586875842,0.7192469056071256,0.732057794159041,0.7161422545772107,0.99731078514686,84.67633175849915,34.22491155679409,0.0017272875859187199,0.0017272875859187199,0.6544740556430322,0.39017510786652565,0.0005666572753378695
236,0.04161348560452461,0.7307464843784064,0.6378374072676345,0.7318762993069445,0.746478649349431,0.7307460443117766,0.9975610879751352,84.19904269621922,33.81036491577442,0.00153350830078125,0.00153350830078125,0.6660785017492554,0.4023829847574234,0.0005647396529947098
237,0.03879538881778717,0.7338510927335441,0.6405459303465754,0.7644064825474325,0.7291864454036069,0.7338506634922186,0.9977512543018048,78.67779751924368,26.15910118818283,0.0012335593883807843,0.0012335593883807843,0.6656255615436328,0.3857229995326354,0.000562821306882122
238,0.03915698409825563,0.7329085019501207,0.6391999118181334,0.7453081527459775,0.7396896453535748,0.7329080676809375,0.9976125497084397,87.70810107084421,29.192793873640206,0.0014223685631385217,0.0014223685631385217,0.6668660452742012,0.3817089142707678,0.0005609022339838143
239,0.03989145700633526,0.7342206031929931,0.6396577775883199,0.7270183405923138,0.7597352366815635,0.7342201658467644,0.9974935421576867,84.79716226687798,32.7372364126719,0.0016448130974402795,0.0016448130974402795,0.6700097147617131,0.3980965015406792,0.0005589824312594061
240,0.037345082052052024,0.7192461111227803,0.6292218618527949,0.7327959145314521,0.7213572285575727,0.7192456806796886,0.9976096703455999,85.44820133539346,32.02161522553517,0.0012899362123929537,0.0012899362123929537,0.6516320798546076,0.38726483256771016,0.0005570618956441422
241,0.03814457011967897,0.7339214429728086,0.6381515694269508,0.7539317495052369,0.7350884173138811,0.7339209959331453,0.997647212101863,85.03548569862659,27.125865234778477,0.0013617919041560246,0.0013617919041560246,0.6653170276254059,0.3902782072814611,0.0005551406240486037
242,0.03665248977392912,0.73152425744098,0.6369075207973905,0.7431822809168355,0.7436216630746315,0.7315238131068362,0.9976577208592341,86.97853563382075,32.044827883060165,0.0013652581434983474,0.0013652581434983474,0.6634829641731742,0.3961899925309878,0.0005532186133584137
243,0.03838514972478151,0.7116857052664558,0.6221211331265439,0.7164050167260629,0.7242436397049439,0.7116853011989023,0.9975928343259372,84.20864680180183,31.008146684903366,0.001378792982835036,0.001378792982835036,0.6501647792468727,0.3882967001543595,0.0005512958604339385
244,0.03924383195489645,0.7248107069019881,0.6331792096276203,0.7267012392216033,0.74663780052098,0.7248102719180476,0.9976531909062312,83.53835130654849,26.80429568657508,0.0014510338123028094,0.0014510338123028094,0.6599182974694906,0.40322299101031744,0.0005493723621099843
245,0.03870902417600155,0.7362738835045998,0.6396088232853164,0.7495608804295402,0.7592899543866292,0.7362734563650059,0.9975210336538461,77.04803588757149,25.175389872147488,0.0015824574690598708,0.0015824574690598708,0.6704688953558127,0.39104890192930514,0.0005474481151954883
246,0.03787293552607298,0.7277519921256623,0.634675187025101,0.7444723278106108,0.7404099900478703,0.7277515496558442,0.9976414350362924,88.95509831721967,27.193275103202232,0.001447475873506986,0.001447475873506986,0.6611616528445245,0.3924799550038118,0.0005455231164732059
247,0.03777058228105307,0.734891864277052,0.6385734550003556,0.7503083120722198,0.7468139568188792,0.7348914242422561,0.9975813535543588,83.57851382402274,27.304766998841213,0.0014560039226825421,0.0014560039226825421,0.6662455387950803,0.3880746871806108,0.0005435973626993919
248,0.038688941568136216,0.7355142010292796,0.6393264149375875,0.7505125595656035,0.749842084362794,0.7355137693052278,0.9978649616241455,85.00990648453052,26.788490070746494,0.0012482313009408803,0.0012482313009408803,0.6659749786441143,0.3868315208416719,0.0005416708506034778
249,0.03774813099950552,0.7324512950700451,0.6357314069594716,0.7439397970604472,0.7448475019421491,0.7324508584750509,0.9977312088012695,88.62862354058485,31.823088013208828,0.0013053050407996545,0.0013053050407996545,0.6658630188858996,0.383433834864543,0.000539743576887742
250,0.038381428211927415,0.7375757941632689,0.641817503864556,0.7346154601038898,0.7601431488835817,0.7375753458519211,0.9976188769707313,82.48699741180127,28.537548271509316,0.0015267408811129057,0.0015267408811129057,0.666776073218968,0.3766966631206182,0.0005378155382269764
251,0.03809711822122335,0.7318063578492796,0.635834027539829,0.749881204185561,0.7342418193948733,0.7318059115027891,0.9977100995870737,82.63412418732277,29.107398381600014,0.0013223978189321665,0.0013223978189321665,0.6602428789304283,0.3794994056224823,0.0005358867312681466
252,0.038978460282087325,0.7391875800645219,0.6449321259426479,0.7535677585665168,0.7538665463133276,0.7391871413075217,0.9976839835827167,83.25011718273163,26.944794384332802,0.0013948587270883413,0.0013948587270883413,0.6663539286953613,0.39921343297912526,0.0005339571526300471
253,0.038901658214628695,0.7410685019124954,0.6456315231138492,0.7449927048132896,0.7610239698468269,0.741068048617782,0.9976940155029297,82.75399170472072,27.038387917555294,0.0014416804680457483,0.0014416804680457483,0.6712060111615126,0.3883184506916083,0.0005320267989029498
254,0.03846487953513861,0.7386470713076186,0.6448905707835082,0.740384067149076,0.7616006396269346,0.7386466180190681,0.9974340658921462,83.43816925929143,33.130486878064964,0.0017339633061335636,0.0017339633061335636,0.6729037685257097,0.401442963629961,0.0005300956666482484
255,0.03711884856969118,0.7416283653949639,0.6491874332297057,0.7460320342133007,0.7633867098579963,0.7416279223533817,0.9975061233227069,85.14237092091487,27.58529605773779,0.0016810894012451172,0.0016810894012451172,0.6719362161283453,0.40053456821120703,0.000528163752398095
256,0.036865071751177314,0.7297630950717896,0.6376520916478203,0.7346371966658354,0.7452132366872527,0.7297626555397069,0.9975561728844275,86.28231023825131,32.52807664871216,0.0015307573171762319,0.0015307573171762319,0.6592113819340459,0.39336079645615357,0.0005262310526550319
257,0.0366804653480649,0.7467482542958024,0.6536900839749064,0.7476267584198528,0.7681408204556435,0.7467478131160246,0.9975768236013559,77.31538614859947,26.822973851974194,0.0015883812537560095,0.0015883812537560095,0.6794237364979031,0.39831288760671246,0.0005242975638916167
258,0.036331589616835115,0.7402419122146712,0.6468330905983494,0.7567928844363361,0.746627155790513,0.7402414683110667,0.9976635529444768,81.32503667244545,32.21410586283757,0.0013845333686241736,0.0013845333686241736,0.6720405590089146,0.39520484323684985,0.0005223632825500419
259,0.036153960451483724,0.7347661070728824,0.6413788152703591,0.7421301421606715,0.75329763205032,0.7347656790025126,0.9975894231062669,71.80110231729654,32.2340927536671,0.0015044579139122595,0.0015044579139122595,0.6625709214982075,0.38893966376781464,0.0005204282050417462
260,0.03756255380064249,0.7216507732516116,0.6289387638722579,0.7150026431251385,0.7475546523308014,0.7216503300633884,0.997468636586116,86.33354935279259,32.548358701742615,0.0016525708712064303,0.0016525708712064303,0.6525676189377498,0.38364410629639256,0.000518492327747022
261,0.03648410800844431,0.7372383697616657,0.6430157722345629,0.7442108090153289,0.7529559311230372,0.7372379467752496,0.9975917339324951,82.13880521517534,31.605773279300102,0.0015073739565335787,0.0015073739565335787,0.6668621302703216,0.38072968131074536,0.000516555647014613
262,0.035673100888729097,0.7362635525589025,0.642646898662464,0.7514288217964692,0.7463034055685545,0.7362631183620525,0.99754654444181,81.1019498201517,32.23083311777849,0.0015190931466909556,0.0015190931466909556,0.6675887331411314,0.3964526088765034,0.0005146181591613082
263,0.03568847478926182,0.7274876526560023,0.6359246222591993,0.7270890027205937,0.7486933537747201,0.7274872103277598,0.9973508944878211,81.70650417988116,32.16655558347702,0.0017174757443941557,0.0017174757443941557,0.6575388877983921,0.39566930612692464,0.0005126798604715261
264,0.03673743591457605,0.7444381620980848,0.6503970330970267,0.7459976426294592,0.7624526738392395,0.7444377208416812,0.9976085516122671,96.75413264678075,26.627229993159954,0.0015009733346792369,0.0015009733346792369,0.6780681503273976,0.4105706676267661,0.000510740747196894
265,0.0363748405277729,0.7385728896759568,0.6431919978629915,0.7555831986287156,0.7500811455007419,0.7385724632859099,0.9977235427269568,83.4416440633627,26.617212263437416,0.0013552445631760817,0.0013552445631760817,0.6693380686920136,0.3914540556187813,0.000508800815555818
266,0.03674792420119047,0.743288560613726,0.646546129876054,0.7430300411985584,0.7776621438192983,0.7432881305712111,0.997529910160945,84.38578246189998,31.151941189399132,0.0015992934887225812,0.0015992934887225812,0.6736667120018794,0.3976138492043202,0.0005068600617330473
267,0.03681582104414702,0.7261116690428282,0.6314933122203398,0.7236123257226473,0.7472390390920874,0.7261112263570842,0.9974882235893836,87.14488631028395,31.32918283572564,0.0016110860384427584,0.0016110860384427584,0.6584515788081962,0.39159670801689994,0.0005049184818792296
268,0.03605479212850332,0.7416825796965194,0.6458751367176353,0.7488062284690051,0.7612566424880239,0.7416821484670829,0.997585076552171,79.14344002650334,25.02383344907027,0.0015500508821927584,0.0015500508821927584,0.6732379635930277,0.3971814319777947,0.0005029760721104597
269,0.03445687685906887,0.7477775927700054,0.6531500682230131,0.7461241145813529,0.7784445651437004,0.7477771499410497,0.9976515586559589,81.71230632525224,25.06631840650852,0.0015438336592454177,0.0015438336592454177,0.6777727845608472,0.40980064324461496,0.0005010328285078191
270,0.03514487427473068,0.7399358497451822,0.6450648810233752,0.7505758728854622,0.7549605452945376,0.7399354248953995,0.997704817698552,85.21600859898787,30.790556673820202,0.0013730709369365985,0.0013730709369365985,0.6703490795782552,0.39511472531236136,0.0004990887471169086
271,0.03637316360324621,0.7426503637603592,0.6475625029778,0.7542067111335822,0.7503841192951346,0.7426499288817238,0.997607157780574,76.62611300211687,25.13505049393727,0.0014417171478271484,0.0014417171478271484,0.6754264448984311,0.39639130292030483,0.0004971438239473716
272,0.034682853527367115,0.7462929962420574,0.6517844494076755,0.7539172066797803,0.7624659827253916,0.7462925463916303,0.997577612216656,84.54054053930136,25.95561979367183,0.0015387168297400842,0.0015387168297400842,0.6788857025631632,0.40663022433335966,0.0004951980549724098
273,0.035709093250334265,0.7415202410687922,0.646967942849061,0.7482717185430866,0.757931607946158,0.741519805617208,0.9976040033193735,83.34210051023044,26.842288347390983,0.001508492689866286,0.001508492689866286,0.674902644330779,0.4014902077615261,0.0004932514361282894
274,0.03497110795974732,0.7442596451829231,0.6496738884832969,0.7508097573563055,0.7618570842410286,0.7442591931099365,0.9977293931520902,84.91420916410593,26.772625299600456,0.0014206812931941105,0.0014206812931941105,0.6747649435956891,0.4053841814971887,0.0004913039633138389
275,0.03568632201105356,0.7393184925958133,0.6444980804513185,0.7703444032462041,0.7316110979753968,0.7393180615664314,0.9977847062624418,77.08292612662682,24.700238305788773,0.001226040033193735,0.001226040033193735,0.6690046972933208,0.39179855384505713,0.0004893556323899376
276,0.036398576073348524,0.7290723614899015,0.6352264877769813,0.7388267791034513,0.7330004939224634,0.7290719190900431,0.9977600757892315,81.14204330627734,26.433528680067795,0.0012560991140512319,0.0012560991140512319,0.6598216004696531,0.3894903166935994,0.00048740643917899543
277,0.03615609766542911,0.7445081918241695,0.6506813774486383,0.7540086250214113,0.757992475285244,0.7445077558694483,0.9978570021115817,81.8845808506012,25.044979370557346,0.001291036605834961,0.001291036605834961,0.679005372897686,0.40898511157586026,0.00048545637946442196
278,0.03502007875591517,0.7469439932314828,0.649126775515252,0.7559723097863369,0.7662815827291521,0.7469435500412526,0.9978190568777231,82.81685522886423,25.170404512148636,0.0013457078200120192,0.0013457078200120192,0.6796589308919815,0.3934532982798723,0.0004835054489900874
279,0.03461457832157612,0.741942384518285,0.6453054180743062,0.7523166049716289,0.7553680555166883,0.7419419325889703,0.9976631311269907,83.33862528434166,25.793506030852978,0.0014425057631272536,0.0014425057631272536,0.6744461153239871,0.3940620751908192,0.0004815536434597723
280,0.034769684433937076,0.7499255695840326,0.6534012638707412,0.7561850572473864,0.764065906289656,0.749925121951729,0.997940338574923,79.58990011765407,27.24094691643348,0.0011704518244816707,0.0011704518244816707,0.6792033556759214,0.39920839208822984,0.0004796009585366077
281,0.03378682069480419,0.748101747261307,0.6541270205568561,0.7525653946901202,0.7672736817672625,0.7481013036406358,0.9977251749772292,81.23618980554434,31.102048649237705,0.0014237623948317308,0.0014237623948317308,0.6790182759197285,0.4025821198637669,0.0004776473898425048
282,0.034158110670745374,0.7543812324200375,0.6609365537741699,0.7539560121775305,0.7781967662119871,0.7543807983973423,0.9978091166569636,71.93950427495517,25.870332658290863,0.0013903471139761119,0.0013903471139761119,0.6885625132395384,0.42103531397879124,0.00047569293295757415
283,0.035111506268382074,0.7348640305575628,0.6418371858266755,0.734442173783575,0.753428057687478,0.7348635862941149,0.9975046194516696,82.99588823318481,27.229162505039803,0.0016011274777925932,0.0016011274777925932,0.6638724896832943,0.3895687132787246,0.0004737375834195338
284,0.034546594314277174,0.7443242460909455,0.648517249000654,0.7466668432532835,0.7644849394078215,0.7443237930824804,0.9977807081662692,72.22914311519035,26.25501196201031,0.001388989962064303,0.001388989962064303,0.6709297358935985,0.3898702275294524,0.0004717813367231056
285,0.03483658757805824,0.7385920517114234,0.640439045999116,0.7575780051170933,0.7411897684220861,0.7385916169734565,0.9976702470045823,81.71160680514116,22.082900547064266,0.0013745931478647085,0.0013745931478647085,0.6651603896529056,0.38375685249383634,0.00046982418831940226
286,0.034051513820886614,0.731425872671221,0.6374962473400116,0.7479575506683567,0.7381909204062137,0.7314254317004566,0.9977731704711914,82.9399316219183,30.26634000356381,0.0012766031118539663,0.0012766031118539663,0.6563208840805321,0.38400078665178555,0.0004678661336153
287,0.033188584089279174,0.736610532619866,0.6419894797259844,0.7425422194531058,0.7499105659086893,0.7366100948735484,0.9977460824526273,88.28756170089429,32.027153647862946,0.0013191883380596454,0.0013191883380596454,0.6625093650878765,0.38220779540447086,0.00046590716797280114
288,0.033100378796458246,0.7263864091153748,0.6350935020971603,0.7316707372528831,0.7392743631684213,0.7263859731254262,0.9976124213292048,83.41306396631094,31.51726338496575,0.0014575444735013521,0.0014575444735013521,0.6516442630874315,0.38416711885768634,0.00046394728670838385
289,0.03357491458952427,0.7248119638054693,0.6309845843723535,0.740348711990204,0.7301238793080019,0.7248115318273718,0.9976728879488431,83.30537520922147,29.791865949447338,0.0013357309194711538,0.0013357309194711538,0.6502433695965849,0.3754151344585877,0.0004619864850923394
290,0.033703986048698426,0.7425078311462092,0.6466466595590538,0.766377255567736,0.7479633825317948,0.7425073951197869,0.9976809575007513,88.97710710305434,20.5926122206908,0.0013707601107083834,0.0013707601107083834,0.6670609420487801,0.3805679918195193,0.0004600247583480966
291,0.03341087324917316,0.7448646810435141,0.6486204759675532,0.7499842953545033,0.7675929271102875,0.7448642548318598,0.9975576400756836,82.91005890186017,25.261267698728123,0.001601714354294997,0.001601714354294997,0.6738858131261972,0.388087167762793,0.00045806210165153324
292,0.03410153065621853,0.7422487152838217,0.6444204261481044,0.7636704238880138,0.7448956962376609,0.7422482762487379,0.9978510599869949,85.19742690599881,25.126233449349037,0.0012004925654484676,0.0012004925654484676,0.6689882274502172,0.37547182248762023,0.0004560985101302735
293,0.033216923609375955,0.7453487525728415,0.6500216739214912,0.7600685957292542,0.7581746766188746,0.7453483152563174,0.9977085406963642,77.03771635202261,25.82891516502087,0.0013933365161602313,0.0013933365161602313,0.6733529894218708,0.38875445479956955,0.00045413397886297295
294,0.03341805657744407,0.743873366966826,0.6482342832174263,0.7546732311382982,0.7588091136875984,0.7438729287914844,0.9976375653193548,87.29088863959679,26.57749212705172,0.0014853477478027344,0.0014853477478027344,0.6726924627482032,0.39025250636041164,0.0004521685028785876
295,0.03302983043342829,0.7310197215367171,0.6344562299604376,0.7602721903700392,0.7337535508968286,0.7310192828570032,0.9977411673619196,84.19984954137068,31.106326607557442,0.0012755210583026593,0.0012755210583026593,0.6588869257024131,0.3780516145321039,0.0004502020771556299
296,0.032805013976991176,0.7372509896138657,0.6402731275142503,0.7478326858844924,0.7498366274930887,0.7372505560232405,0.9976877065805289,81.04650620313791,31.195588309031265,0.0013664685762845553,0.0013664685762845553,0.6654125640097146,0.3856897557584139,0.0004482346966214095
297,0.03320108226686716,0.7354976649708901,0.6411332953246022,0.7570641110611648,0.7397844945713654,0.7354972312371809,0.9978244671454797,81.77566271561842,30.800629171041344,0.0012558423555814303,0.0012558423555814303,0.666813805896359,0.3944649204898339,0.0004462663561512584
298,0.03323533996194601,0.7338208436049046,0.6383767690595624,0.7405397668779256,0.7531582583733253,0.7338204110186074,0.9978660620175875,72.51785486478072,21.430464868362133,0.001239318114060622,0.001239318114060622,0.657141746666569,0.3842316924665983,0.0004442970505677413
299,0.03320850681513548,0.7417648420531601,0.6439289309018518,0.7434078889394762,0.7624004250667192,0.7417644060289942,0.9975967040428748,81.52807739147774,27.007127757255848,0.0015445672548734224,0.0015445672548734224,0.6695307335064101,0.3841280541740931,0.00044232677463984944
300,0.032366310238838195,0.7397617882776,0.6430153652107914,0.7567393187587201,0.7457419736585714,0.7397613498168875,0.9976849372570331,80.48812096852522,26.92656812301049,0.0013640843904935396,0.0013640843904935396,0.669331313836245,0.39106252932777774,0.0004403555230821779
301,0.03161449010670185,0.7461055338321214,0.648688962705587,0.7623110604405412,0.7542161908132302,0.746105111848999,0.9976787200340858,83.74654292143308,24.792173165541428,0.0013973162724421574,0.0013973162724421574,0.6783739894341964,0.3882198997128468,0.00043838329055408696
302,0.03182770711928606,0.7415446238104667,0.6440194270157596,0.7579324843229593,0.7498704867998918,0.7415441899347,0.9977691173553467,86.95589282879463,26.170839451826534,0.001312402578500601,0.001312402578500601,0.6718808482759274,0.3880481973577004,0.00043641007165884534
303,0.03156729538738728,0.7331844113568307,0.6388394724665385,0.7568341880406623,0.7459274726263382,0.7331839851463471,0.997607524578388,81.89203135783856,27.16515598847316,0.0014715378101055438,0.0014715378101055438,0.6587974730422362,0.38192034512758255,0.0004344358609427563
304,0.03222424547374249,0.7389695210104344,0.6406789974246426,0.7589345258376027,0.7405941846983713,0.7389690863829729,0.9976849922767053,80.34173834323883,27.06937400194315,0.001351631604708158,0.001351631604708158,0.6694609982906303,0.36916565981048804,0.0004324606528942658
305,0.032630007803440095,0.7485693561560344,0.6517052553954691,0.7491251704776283,0.7712314678630926,0.748568930878232,0.9976864411280706,67.43781219078944,26.61706647506127,0.0014745638920710636,0.0014745638920710636,0.6814308874846364,0.39848356565030724,0.0004304844419430511
306,0.031621426187455656,0.7447207176991586,0.6481768553938636,0.746715814046801,0.7636493893901666,0.7447202907016953,0.9975760900057279,84.6701302069884,27.431316838814663,0.0015491155477670522,0.0015491155477670522,0.6742804671476523,0.3862807386769698,0.00042850722245909174
307,0.03176686648279428,0.749777484994183,0.6544231200958406,0.7548131018880526,0.7657334207330535,0.7497770488263666,0.9978171862088717,83.40691514198596,22.255565657065464,0.0013282849238469051,0.0013282849238469051,0.6816775845721937,0.399228565968,0.00042652898875171984
308,0.0320188247859478,0.7459870739714026,0.6502132243709065,0.7519568081961945,0.7601482279587027,0.745986631283549,0.997721635378324,83.79001536736122,27.024628437482395,0.0013999572167029749,0.0013999572167029749,0.6739103332108173,0.3898357873639235,0.00042454973506865094
309,0.031695962689816955,0.7475675487955459,0.6518833603774555,0.7425561859893697,0.7722958530789161,0.7475671121995242,0.9978012488438532,81.96048508240627,30.542602516137638,0.0013682658855731671,0.0013682658855731671,0.6761547007168142,0.39383668968310726,0.00042256945559499383
310,0.0320806882083416,0.748560296247358,0.6537609389600588,0.7495195830763367,0.7662882089459901,0.7485598634499837,0.9976197572854849,85.22642250244434,21.6410400225566,0.001512619165273813,0.001512619165273813,0.68041384114454,0.4019434848943582,0.0004205881444522394
311,0.03144360339641571,0.7427337318886142,0.646111257038817,0.7698736466189209,0.7443916676124478,0.742733304174052,0.9975659847259521,93.929240327615,15.86496454018813,0.0014682549696702224,0.0014682549696702224,0.67039536863852,0.384488413683497,0.0004186057956972281
312,0.031906567700207236,0.7420313988605264,0.6465555768360491,0.7472795431717979,0.7568451452988622,0.7420309625137642,0.9976780231182392,79.74273612866035,27.12439312843176,0.0014462471008300781,0.0014462471008300781,0.672742524860391,0.4001888713011375,0.0004166224033210947
313,0.03136053331196308,0.7402956202632607,0.6449962424317734,0.7521834622171408,0.7489282566469225,0.7402951915642421,0.9977076053619385,83.99905992471255,30.882113562180447,0.0014035885150615985,0.0014035885150615985,0.673130666247184,0.3928439635783434,0.0004146379612481899
314,0.03215038615465164,0.7536581045678183,0.6522026765033757,0.7729866264260495,0.7594162531901787,0.7536576499161073,0.9979616495279166,83.01342564362746,29.056336214909187,0.0011363763075608474,0.0011363763075608474,0.6716307205721163,0.38423465106349725,0.00041265246333497955
315,0.031025621332228182,0.7396061902085125,0.6421158560415823,0.7505730253286125,0.753643827611988,0.7396057521782569,0.9978227798755352,83.4846959572572,30.326881165687855,0.0012678916637714093,0.0012678916637714093,0.6625606210257572,0.3872209553821729,0.00041066590336891814
316,0.031060784928500652,0.7487677533698197,0.6504012306381305,0.7726551604115522,0.7599064543258461,0.7487673137625088,0.9978669973520132,86.69237229457268,26.359874344789066,0.001222977271446815,0.001222977271446815,0.6714449083217635,0.39032130029339057,0.0004086782750672989
317,0.03073209948837757,0.734231215135966,0.6382597892123756,0.7426892659700297,0.7533838009879916,0.7342307898575632,0.9978053386394794,90.19502828671382,30.685365667709938,0.001294722923865685,0.001294722923865685,0.6606545270277331,0.38347935246733517,0.0004066895720760775
318,0.030844611525535585,0.7223624401740529,0.6325711040414096,0.7303396187161847,0.7409317305299875,0.7223620046504805,0.9977639821859506,90.19270327458015,31.171167185673347,0.001317776166475736,0.001317776166475736,0.6498097964974406,0.3811215769786101,0.00040469978796866976
319,0.03203562794625759,0.7418625274758626,0.6449874522966387,0.7736591685574226,0.7544701287367945,0.7418620887285623,0.9979134339552659,87.0006018601931,24.964051397947166,0.0012311752025897687,0.0012311752025897687,0.6691290872314801,0.39294701399138343,0.0004027089162447227
320,0.03118503475934267,0.7287436398701203,0.6318137727629856,0.7510331150172006,0.7400942788232754,0.728743203127775,0.9978117576012244,89.42880133482126,30.699912740634037,0.0012468191293569712,0.0012468191293569712,0.6553266605075735,0.3812095276438273,0.00040071695032885756
321,0.03080287979543209,0.7303985606831327,0.6349374105533054,0.753903281548228,0.739721010681506,0.7303981341136662,0.9978140134077805,87.41903424263,31.149513964469616,0.0012163565709040714,0.0012163565709040714,0.6569546685160066,0.3895765363883514,0.0003987238835693844
322,0.030079588033258914,0.7395008457388517,0.6416214280683908,0.7619782680893175,0.753415803237581,0.7395004055536425,0.9978387722602258,86.99261491115277,25.364386764856484,0.0012599138113168569,0.0012599138113168569,0.6695311616640538,0.39049753030905354,0.00039672970923698735
323,0.03002916929125786,0.7433969437485488,0.6460845702811859,0.7705376340589075,0.7580234776884094,0.7433965154567196,0.9978695465968206,82.1032440845783,30.977988701600296,0.0012366404900184045,0.0012366404900184045,0.669564498301882,0.39715855640287584,0.0003947344205233804
324,0.0299924346357584,0.740556862801741,0.6432810454647966,0.7621373207828765,0.7559993175634747,0.7405564204719627,0.9977334095881536,80.38494698817914,31.489623624544876,0.0013585090637207031,0.0013585090637207031,0.6686712264154966,0.39228801601208174,0.00039273801053993075
325,0.031111130379140376,0.7530903233238001,0.6516618481645081,0.7473696974807104,0.7892448846525647,0.7530898841528817,0.9977658711946927,79.0144755106706,30.047217144415928,0.0014749673696664663,0.0014749673696664663,0.6819173966606076,0.3884450036745805,0.000390740472316252
326,0.030568791165947913,0.746006970960737,0.6473903637600961,0.7628212918167987,0.7562102791769922,0.7460065316410339,0.9978128763345572,81.6815913273738,30.746883323559395,0.001236402071439303,0.001236402071439303,0.6721744928867198,0.3831511420699266,0.0003887417987987635
327,0.03121379417181015,0.7436375578087367,0.6427573466611853,0.7547335579136032,0.7603230293255362,0.7436371279452059,0.9977787274580735,80.80692871717307,30.74640914110037,0.0012940260080190806,0.0012940260080190806,0.6690637529469453,0.3816826750452702,0.00038674198284921577
328,0.030806221939623357,0.7350279220534494,0.6395334635299421,0.7379647136887393,0.7561788397327989,0.7350274749961396,0.9976372168614314,83.54194221129784,31.309173157581917,0.0014443397521972656,0.0014443397521972656,0.657129121872668,0.3882493282166811,0.0003847410172431821
329,0.02985133644938469,0.7384949780953242,0.6431231688087572,0.7429958739848133,0.7579858308359757,0.7384945463677338,0.997738948235145,73.04284923810225,31.10826963186264,0.0013702465937687801,0.0013702465937687801,0.6623660285169115,0.3897441258797279,0.00038273889466851373
330,0.030267118662595748,0.7332762406195343,0.6348905258369891,0.7384545788996741,0.7494803814205763,0.7332758094686891,0.9975815186133752,86.94344247304477,32.15710124602685,0.0014954713674692006,0.0014954713674692006,0.6626568911865783,0.37289199591256106,0.00038073560772375803
331,0.029859784118831157,0.7364240836278396,0.6406756553008799,0.7544532610517816,0.7442439810576124,0.7364236424463546,0.9977910885444055,84.68544972859897,30.69575577057325,0.0012608858255239634,0.0012608858255239634,0.662371597199056,0.3748519949328441,0.0003787311489165393
332,0.029677756160497667,0.7165947487970665,0.6203525686313035,0.7408965717475022,0.7153961462458516,0.7165943003046392,0.9976692016308124,86.39183798203102,29.69266280761132,0.0012613993424635667,0.0012613993424635667,0.6422401840368716,0.36753703166659063,0.0003767255106619003
333,0.030268978632986547,0.7349448268770913,0.639412711614803,0.743562223137372,0.754789961027962,0.7349443924256852,0.9976899807269757,84.40213130987607,30.82405034853862,0.0014317769270676833,0.0014317769270676833,0.6601578922082598,0.3817905287903089,0.0003747186852806031
334,0.028952021025121212,0.7383505331153651,0.6416646810837835,0.7449345374064911,0.755375652888051,0.7383500988095256,0.9977225340329684,87.44399795165428,30.905578163953926,0.0013702099139873798,0.0013702099139873798,0.6642515944639364,0.3812379167916683,0.00037271066499738924
335,0.029153923235833646,0.738409009285156,0.6428734005602501,0.7439244639167831,0.7559123179935269,0.738408577556961,0.9976986188154954,76.27813537304218,31.288015214296486,0.0014322537642258864,0.0014322537642258864,0.662772880294002,0.3938437211685456,0.00037070144193919653
336,0.02888602674752474,0.7378965716757857,0.642260729394607,0.739766976612038,0.7593780382309745,0.737896126766776,0.9977111999805157,81.27613881001106,31.052397196109478,0.001411272929264949,0.001411272929264949,0.6635475837392733,0.39531915090405023,0.00036869100813333194
337,0.029199238929897547,0.7388791830436503,0.6438271065400158,0.7431195590656666,0.7589777711552272,0.7388787546124982,0.9976323384505051,85.48036297468039,31.298817625412575,0.0015043845543494592,0.0015043845543494592,0.6640561246134055,0.38790687460165757,0.00036667935550559937
338,0.028645554423332213,0.7358427154732039,0.6408127808055799,0.7549623350174746,0.7424514832679818,0.7358422766513055,0.9979118567246658,80.70291623702416,25.593152559720554,0.001143950682419997,0.001143950682419997,0.6601932033753166,0.3897190735890315,0.00036466647587838003
339,0.029515570789575576,0.7475347285596818,0.6515818417581822,0.7622574160449744,0.7579787194717166,0.7475342855145484,0.9977883559006911,76.36046316073491,20.30137048317836,0.0013208205883319562,0.0013208205883319562,0.6771421091487775,0.39509097286141837,0.0003626523609686652
340,0.029783666562289,0.7451542831053146,0.6496420346012675,0.7516417219981995,0.7571913086582611,0.7451538214318381,0.9978558283585769,80.80589047762064,31.168730199337006,0.0012675065260667067,0.0012675065260667067,0.6708766862821693,0.39804296224163127,0.00036063700238603866
341,0.028753338675945997,0.7391669436660002,0.6440905713205206,0.751025890746591,0.7516305252038292,0.7391665150914452,0.9977956001575177,84.6479713183183,31.109968079970432,0.0013206555293156551,0.0013206555293156551,0.6664445002097636,0.38478048303379464,0.0003586203916306077
342,0.028353191539645196,0.7459414508403674,0.649862440538883,0.7438954470515677,0.7684320759016511,0.7459410085129273,0.9977854031782883,82.55142054191002,31.629664352306953,0.0013875594505896936,0.0013875594505896936,0.6712455096242663,0.3867136016488075,0.0003566025200908819
343,0.029271044813096524,0.7455647667523582,0.6475746302662382,0.7527127426698268,0.7639767360217072,0.7455643284350999,0.9978500512930063,84.95410347901858,30.41582898451732,0.0012579697829026442,0.0012579697829026442,0.6712920272973582,0.3935404395541319,0.0003545833790415959
344,0.029038284704089166,0.7277056441077139,0.6344034509024834,0.7300261907710227,0.7418850787402123,0.7277052009193128,0.9977032771477332,82.43301527316754,30.957426369190216,0.0013547860659085787,0.0013547860659085787,0.652484564383765,0.3842738497142608,0.0003525629596414768
345,0.028059106532484293,0.7315998953746254,0.6383066296126747,0.7330407458957003,0.7463882730545682,0.7315994676633617,0.9976869179652288,82.98976992643796,31.687415370574364,0.001405037366426908,0.001405037366426908,0.6551746329015049,0.38175820745527744,0.0003505412529309526
346,0.028526631094515323,0.7335065817334753,0.6405562920047821,0.7415541477375355,0.7401844903815028,0.7335061536243743,0.9977436249072735,87.56527656775255,27.00523358124953,0.0013089913588303786,0.0013089913588303786,0.6604008801379957,0.4006309083734567,0.0003485182498298004
347,0.028622050806879996,0.7402606474175604,0.6460020583385299,0.7451283551974526,0.7516394130300793,0.7402602110704339,0.997795581817627,87.03837684484628,31.385452481416557,0.0013000965118408203,0.0013000965118408203,0.6692134668902816,0.390196499056541,0.0003464939411347329
348,0.027888990946114064,0.7371912103814012,0.6424476067558516,0.738444792997725,0.7531093395088504,0.7371907742838908,0.9977313371805044,88.13370694563939,31.77860145843946,0.0013753084036020131,0.0013753084036020131,0.6625161934285783,0.3813786879181862,0.0003444683175169201
349,0.02797498268634081,0.7419241747987032,0.6457843427571187,0.7485254642225161,0.7596588365005535,0.7419237274534906,0.9978077228252704,87.11462253790636,25.188157819784603,0.0013333467336801381,0.0013333467336801381,0.669323972856196,0.3879318360525828,0.00034244136951944463
350,0.02808427867665887,0.7376864236800406,0.6419388147020259,0.7490294962141315,0.7461142020861466,0.7376859926691867,0.9978603032919077,81.661603643344,30.864556395090542,0.0012324956747201772,0.0012324956747201772,0.6652829763882507,0.38426484568760944,0.0003404130875546888
351,0.02845526324957609,0.7454812452399717,0.6476263747968111,0.7429982326606392,0.7689627744532325,0.7454808115100794,0.9977793510143573,86.98829124524043,31.467062280728268,0.0013722089620736928,0.0013722089620736928,0.6708186164211768,0.38188217422710014,0.0003383834619016499
352,0.027469595812261105,0.738792618612263,0.6412338951361923,0.7445083874010099,0.7505167308896556,0.7387921698392639,0.997863219334529,75.56510116503789,31.699943964297955,0.0012146876408503605,0.0012146876408503605,0.6590801413672475,0.3820747309006177,0.00033635248270318287
353,0.028091042920947076,0.7402932687083303,0.6437902187134399,0.7512189088510518,0.7525709093321751,0.7402928409239633,0.9977772602668176,84.7558747438284,26.90062463742036,0.001306753892164964,0.001306753892164964,0.665488566379421,0.3778266002638982,0.0003343201399631669
354,0.02817990121990442,0.7439459178528581,0.6471223965362335,0.754309275287205,0.7549507025760877,0.7439455003120872,0.997755399117103,84.57762985046094,25.77741638972209,0.0013418747828556942,0.0013418747828556942,0.6706526479325615,0.37878974999945897,0.0003322864235435932
355,0.028146282821893694,0.7456328714353861,0.648851472620928,0.7496895598405082,0.7642535713704509,0.7456324457264115,0.9977939679072454,84.53262964578775,29.819306497390453,0.0013339519500732422,0.0013339519500732422,0.6677591465771772,0.38538986157912475,0.00033025132316157177
356,0.02759572356194258,0.7426556532418971,0.6464682713800224,0.75059252650644,0.7557148929387107,0.7426552142089679,0.9977571780865009,85.96901646944193,30.745923271545998,0.001339123799250676,0.001339123799250676,0.669301768567843,0.3846913418517663,0.00032821482838625376
357,0.027422060139477254,0.7434887294554885,0.6486914187853672,0.7639316668218601,0.7488505268171206,0.7434882982277575,0.9978520136613113,85.60581561235281,26.402498103105106,0.0012330275315504808,0.0012330275315504808,0.6697039430235656,0.3855296645600062,0.0003261769286356675
358,0.02787914890795946,0.7376873924708506,0.6422926738668315,0.7495580774403727,0.7486193221910418,0.7376869583074197,0.9977691356952374,85.23867374200087,30.96967116686014,0.0013117056626539964,0.0013117056626539964,0.6628153620717617,0.3810373516036914,0.0003241376131734635
359,0.027558126114308835,0.7413425942960785,0.6458298634385778,0.7472687093109314,0.761280389888333,0.7413421556928153,0.997829583974985,84.60745282356555,27.514241800858425,0.0013394722571739783,0.0013394722571739783,0.667408062503315,0.3833908395698437,0.00032209687110556687
360,0.027762447010725735,0.7428712167351015,0.6475206917513745,0.749824608632549,0.7577663635250244,0.7428707785619288,0.9977166652679443,71.61537307959337,31.977369643174686,0.001424716069148137,0.001424716069148137,0.669397286264799,0.3887603116723207,0.00032005469137673224
361,0.02745126263797283,0.7474725960201776,0.6511087687922046,0.7563366526331081,0.7609813480841202,0.7474721503947088,0.9978691797990066,85.50690915034367,27.233771067399246,0.0012685702397273136,0.0012685702397273136,0.6754346768765782,0.39337472574642074,0.0003180110627669995
362,0.02812918569892645,0.7575940359564561,0.6610515893689348,0.7609084334732066,0.7745454669130313,0.7575935987900072,0.9979527363410363,85.38515361455771,20.084340925400074,0.0012267186091496395,0.0012267186091496395,0.6842335105085602,0.4029043617729957,0.00031596597388804456
363,0.027621546506881714,0.744736529333026,0.648425686908968,0.7457041700540562,0.7661765645747924,0.7447360960338073,0.9976829565488375,83.02146527400383,31.920825669398674,0.0014602771172156702,0.0014602771172156702,0.6710909108917874,0.38532433257653165,0.0003139194131794234
364,0.026914260845631362,0.7423119370401363,0.6460008175117923,0.747447906806773,0.7603340275287405,0.742311501732385,0.9977691356952374,84.63846103044656,30.67962956887025,0.0013479819664588342,0.0013479819664588342,0.667822238129492,0.38510583627682465,0.00031187136890470395
365,0.027191683281213044,0.7476144916093166,0.6521662863617952,0.7543017940443205,0.7652986854446399,0.7476140585944334,0.9977900615105262,81.20397500808423,22.143979631937466,0.0013754734626183142,0.0013754734626183142,0.6749438541368223,0.3974526101866594,0.00030982182914748223
366,0.026807594172656535,0.7482872071112442,0.6518200647596993,0.7604992154989382,0.7622421841197066,0.7482867622033107,0.9978481256044828,71.05800813895006,21.715590692483463,0.001270165810218224,0.001270165810218224,0.6739266653760121,0.3813020327629951,0.0003077707818072785
367,0.02692078645154834,0.7423884320113637,0.6464954532508783,0.7572609202277967,0.7567140198086093,0.7423879912554696,0.9977615613203782,80.47506123322707,24.93523482634471,0.0013642311096191406,0.0013642311096191406,0.6682467023627117,0.3888523190353925,0.0003057182145953083
368,0.02670353066176176,0.739762235027442,0.643219609124505,0.7510229378116455,0.7569470150097981,0.7397618027262335,0.9977307869837835,80.92280971086942,31.37062437259234,0.0013920343839205229,0.0013920343839205229,0.6657597420450586,0.3769865809724881,0.00030366411503012506
369,0.027027740098536014,0.7434753388978736,0.6475508063554387,0.7554157434633186,0.7553822202166462,0.743474908459807,0.9976747952974759,84.85802412033081,27.574861508149368,0.001431886966411884,0.001431886966411884,0.6695756050220762,0.3795582944383988,0.00030160847043312673
370,0.026537648040801286,0.7431210028955585,0.6476912842578628,0.7590953606268059,0.7501930502303295,0.7431205710254443,0.997779130935669,75.4951877777393,25.481808960437775,0.0012795741741473859,0.0012795741741473859,0.6679345049107304,0.3870019760842507,0.00029955126792392453
371,0.026326838366687297,0.7441970634579492,0.6493920550843678,0.7507654704602553,0.757688761931177,0.744196625140008,0.9977476413433368,85.1856625538606,32.16418015956879,0.001378939701960637,0.001378939701960637,0.6713853156050811,0.38825537035098445,0.00029749249441556524
372,0.026158124815672635,0.7467400986358576,0.6518493949021337,0.7604831285501832,0.7579903778393458,0.746739665189769,0.9978221379793607,84.479167002898,20.35187612588589,0.0012876070462740385,0.0012876070462740385,0.6733529996843293,0.3883744158710425,0.00029543213660960366
373,0.02659527214244008,0.7497161684370612,0.6534260925004917,0.7618946668368487,0.7620133299368855,0.7497157155036285,0.9978452462416428,75.04787023250873,25.484046628841988,0.001269982411311223,0.001269982411311223,0.6734990106465725,0.38670135805240047,0.00029337018099101795
374,0.02659311492368579,0.7485716002163817,0.6536155193572846,0.7627596856922048,0.7571902215182558,0.7485711634733883,0.9978287220001221,76.02769783826975,21.13034263023963,0.0012800143315241886,0.0012800143315241886,0.6738889332359227,0.39566943464943993,0.00029130661382296226
375,0.026271613337099552,0.7485291028209189,0.6524869099932953,0.7666515703994461,0.7557074003053176,0.7485286667944661,0.9978812657869779,84.48561066847581,20.384428524054012,0.0012124501741849459,0.0012124501741849459,0.6748422011016653,0.4006655068638233,0.0002892414211413496
376,0.02618794222176075,0.7485424637181518,0.6528373529951423,0.7700128137247546,0.7501757731936075,0.7485420276914047,0.9979208616109995,84.37379997510176,23.85043335877932,0.0011547895578237681,0.0011547895578237681,0.6729915480380162,0.3904741879266042,0.0002871745887492587
377,0.026233905263245105,0.7370047257165688,0.6418142389175029,0.7489974163792898,0.7465319999123772,0.7370042790875337,0.9978264845334567,84.63242848102863,31.609695952672226,0.0012488548572246844,0.0012488548572246844,0.6619460933053722,0.38397412489239985,0.0002851061022111573
378,0.026037163741886617,0.7468555211682274,0.6516892881582105,0.7613708663752453,0.7563561603988369,0.7468550761160228,0.9978391023782583,84.49578550228706,26.202180715707634,0.0012620962583101713,0.0012620962583101713,0.6714882884317865,0.39035782418571985,0.00028303594684693387
379,0.026669947009533644,0.7450156090303138,0.6487966702343209,0.7581605642201711,0.7541040661661447,0.745015171571581,0.9978328484755296,75.48900653765752,26.50652582828815,0.0012579147632305438,0.0012579147632305438,0.6683696946845605,0.3833033453959685,0.00028096410772573076
380,0.026594308104366065,0.7299915159796443,0.6361173207830502,0.7399519391397559,0.7397564886269438,0.7299910901975702,0.997746100792518,80.83132344025832,27.124297132858864,0.001319591815655048,0.001319591815655048,0.6548703777550074,0.3821888422736755,0.0002788905696595702
381,0.02600499827414751,0.7396962329136175,0.6440804778992094,0.7599795276204601,0.7429358702284562,0.739695800898339,0.9977090725531945,83.22603421944838,31.0186895773961,0.0013354741610013521,0.0013354741610013521,0.665588630126037,0.384754933989965,0.0002768153171967635
382,0.026424895022064448,0.7490308005596843,0.6540684491056923,0.7556474780827034,0.7626962993712156,0.7490303610954575,0.9977388198559101,84.63250184059143,25.989424939338978,0.0013969678145188552,0.0013969678145188552,0.6735376625035244,0.3892928338967837,0.0002747383346150956
383,0.02592725084349513,0.7430780149090122,0.6477927606649643,0.7488956370063007,0.7572085355468444,0.7430775735815465,0.9977622032165527,84.86437795712398,31.839097366883205,0.0013670921325683594,0.0013670921325683594,0.6684768460422325,0.3839812929240557,0.00027265960591477443
384,0.025709614951163532,0.7458476851430369,0.6497582315633222,0.7579502701498659,0.7594870603560031,0.7458472581438605,0.9977816251608042,85.11114338728098,26.040995854597824,0.0013445524068979116,0.0013445524068979116,0.668706017617996,0.3848358578979969,0.0002705791148111353
385,0.02537785290554166,0.7380260646299024,0.6424609412538241,0.7424704005116285,0.7530752639202893,0.7380256364840083,0.9976688898526705,83.66448041108939,31.898303284094883,0.0014335742363562952,0.0014335742363562952,0.6644192950826926,0.37727629106778365,0.000268496844727089
386,0.025406489346176387,0.7475575306332174,0.6519315264496958,0.7462933920636291,0.7712053062955697,0.7475570944640957,0.9976961245903602,83.67061646168048,25.988810759324295,0.0014802859379695011,0.0014802859379695011,0.6750388353561553,0.39677612927670664,0.0002664127787853039
387,0.025214451111853123,0.746258595123152,0.6514560380622272,0.7620082717140865,0.75424158074418,0.746258158236909,0.9977881908416748,73.9133336360638,27.346847240741436,0.0013162539555476261,0.0013162539555476261,0.6694628261567022,0.3886380528028195,0.000264326899800108
388,0.02538289089500904,0.7440158121112189,0.6483554955324616,0.7496913721983549,0.759969231198591,0.7440153773016118,0.9977755729968731,74.71903885327853,31.67331776710657,0.0013517049642709585,0.0013517049642709585,0.6681217845135297,0.3877700865268707,0.00026223919026910044
389,0.025330861441791058,0.7497954969185271,0.6528642547494312,0.7589453023546319,0.7629171820059195,0.7497950517215971,0.9978464566744291,74.67128308002765,25.57018105341838,0.0012696339533879207,0.0012696339533879207,0.6747573284217372,0.4016632145413986,0.0002601496323644581
390,0.025843799021095036,0.7450955660824566,0.6498998140153951,0.7508902494182161,0.759763244280426,0.7450951154417057,0.9977401403280405,85.74002326451816,26.232072559686806,0.0013709251697246844,0.0013709251697246844,0.6717070038430393,0.3913678111365208,0.0002580582079239239
391,0.025071073334664105,0.7495841447225374,0.6547743142472254,0.7635983125852296,0.7604905202400002,0.7495837174357683,0.9977909051454984,75.19674418522762,25.70026567349067,0.0013068272517277645,0.0013068272517277645,0.677240413470337,0.39797685023110646,0.00025596489844146203
392,0.025409247260540724,0.7509592953747144,0.655942985168315,0.7667566839081796,0.7609496498038912,0.7509588653653293,0.9978348291837252,75.21992309276874,25.8039230796007,0.0012703675490159255,0.0012703675490159255,0.6758038859384564,0.398394949017809,0.0002538696850575648
393,0.02541778863593936,0.750235575778593,0.6551565464414483,0.7640806021374881,0.7615865990077997,0.7502351473445578,0.9978104004493127,75.703517134373,25.757327208152184,0.0013079093052790714,0.0013079093052790714,0.6763878150914724,0.39471886665202105,0.00025177254854919455
394,0.02473080908507109,0.7495056350905818,0.654829908045275,0.7654484897634948,0.7597846159126672,0.7495052049368156,0.9978062923137958,75.25041408722217,25.923511665600998,0.0012926505162165714,0.0012926505162165714,0.6761208547350879,0.39473096496210647,0.00024967346931934365
395,0.024836561731994153,0.751698561324216,0.6556101406528767,0.7607425348449512,0.7678097509695709,0.7516981248673902,0.9977992131159856,65.95422694316277,25.82072336398638,0.0013202337118295522,0.0013202337118295522,0.6774558769180797,0.39778486667917323,0.00024757242738619403
396,0.024565316706895827,0.7508363382996481,0.6539371739963706,0.7652551047836373,0.7597639801685403,0.7508358979026274,0.997919541138869,74.93629499582144,24.834590879770424,0.0011665087479811448,0.0011665087479811448,0.6745526630144852,0.3984685831058484,0.00024546940237185757
397,0.02478776615485549,0.7482842874902536,0.6523985814277532,0.7629173437057748,0.763082572501417,0.7482838637125707,0.9978119776799128,84.1596739934041,24.885490733843582,0.0013074874877929688,0.0013074874877929688,0.6731198435076154,0.3881542347371578,0.0002433643734906761
398,0.025089478120207787,0.7471919052844955,0.651301162701152,0.7514735277226794,0.7681094012498059,0.7471914723373998,0.9978094100952148,73.91153764724731,25.5428012242684,0.001342479999248798,0.001342479999248798,0.6723521052537342,0.38969479716168,0.00024125731953706037
399,0.025566720347851516,0.7396509998657083,0.6440826248126807,0.7576704475504614,0.747582114938051,0.739650556029781,0.9977946281433105,73.63787934413322,30.777444573549126,0.0012605923872727614,0.0012605923872727614,0.6660629137813185,0.3887641371156161,0.00023914821887284436
400,0.02512915090844035,0.7433873416670913,0.6481830500884225,0.7614201521826064,0.7513106657610267,0.7433868981899501,0.9977449270395132,83.38263952732086,31.263308768089,0.0013360610375037561,0.0013360610375037561,0.6684588195147136,0.38990702795294613,0.00023703704941413096
401,0.02430753253772855,0.7417401730392869,0.6464423559701095,0.7609042183165011,0.7505774077016351,0.7417397494787673,0.9978214227236234,83.04906822167911,25.30464765200248,0.0012566126309908354,0.0012566126309908354,0.6662303243244353,0.38685905632491296,0.00023492378861760376
402,0.024462019417434932,0.745436044578159,0.650869299181169,0.7685252006428491,0.7513435285526749,0.7454356086943584,0.9978394875159631,84.35159652049725,25.03672420520049,0.0012363103719858022,0.0012363103719858022,0.6708544506333195,0.39143705998475736,0.00023280841346627672
403,0.024143717795610427,0.7433478935642573,0.6474291433171273,0.7530266508196348,0.7561501988413019,0.7433474553893836,0.9977507958045373,75.23507807804988,31.653398440434383,0.001337124751164363,0.001337124751164363,0.6673466291529342,0.3843122511529006,0.0002306909004546538
404,0.02449768925830722,0.7440462687222134,0.6491183178167207,0.7604375927525951,0.7540909922598422,0.744045835991482,0.9977195996504563,75.51883371059711,26.190090734225052,0.0013836347139798678,0.0013836347139798678,0.6717069105048162,0.3878903195548516,0.00022857122557326718
405,0.024322863567620517,0.745273436371564,0.6496424861487692,0.7562198807579161,0.7573820214563614,0.7452730083696409,0.9977817718799298,84.81677666077248,26.007549565572006,0.001316510714017428,0.001316510714017428,0.6714259818411217,0.394697186178886,0.00022644936429256138
406,0.02471491304412484,0.744041263793937,0.648456677173033,0.7584257828233684,0.7555173236721759,0.7440408234700983,0.9977781956012433,75.09294941792122,25.78841903576484,0.0013225812178391677,0.0013225812178391677,0.6697205539183835,0.38185031497134614,0.0002243252915460891
407,0.024314042817801237,0.7456465974138278,0.6501698322998735,0.7610295386623355,0.7559281053439706,0.7456461546514573,0.997863402733436,74.82183156563686,24.762614997533653,0.0012224820943979116,0.0012224820943979116,0.6703034445213584,0.3831189231803784,0.00022219898171298088
408,0.024237736593931913,0.7486333338615242,0.6508416075904038,0.7573080748020643,0.7623472223333218,0.7486328860889523,0.9978333803323599,77.58515176406273,27.168949980002182,0.0012819583599384015,0.0012819583599384015,0.6751310321359107,0.38798047602176666,0.00022007040859965013
409,0.024080030884593727,0.7454357141717557,0.649941729404878,0.7633690662411782,0.7540025791571467,0.7454352659676347,0.9978701701531043,75.05471148857704,24.83735779157052,0.0012250496790959286,0.0012250496790959286,0.6698404513120365,0.3909093986910123,0.0002179395454206905
410,0.024458782866597174,0.7413798629619036,0.6459049930177484,0.7644627898390475,0.7438750648429537,0.7413794163329588,0.9979546620295598,64.94706848034492,26.11470702061286,0.0011118191939133864,0.0011118191939133864,0.6652912492326533,0.3927232422507726,0.00021580636477892232
411,0.024345610005781053,0.7435261883936797,0.647721775830993,0.7567821288647002,0.7553704248013181,0.743525748212909,0.9977827989138089,65.977912572714,30.01881023095204,0.0013154470003568209,0.0013154470003568209,0.6680542705222391,0.3774150326274909,0.0002136708386445385
412,0.02419427953287959,0.741813973046615,0.6463848526762133,0.7678146662084739,0.7450122218853928,0.7418135357305926,0.9978675842285156,65.77710360747118,24.80936491030913,0.001188479937039889,0.001188479937039889,0.6653762600527933,0.3925220894698913,0.00021153293833330034
413,0.024046101730316877,0.7460434490052982,0.6500214354304595,0.7628180178630809,0.7540824697269619,0.7460430135522242,0.9978055220383865,65.98857128620148,25.905281296143166,0.001265250719510592,0.001265250719510592,0.6708256059612793,0.3877257155970885,0.0002093926344837281
414,0.02407280270755291,0.7451735195743597,0.6494048676851525,0.7644472728611252,0.7528480630499589,0.745173084263221,0.9977448536799505,76.1988531442789,25.963996538749107,0.001331641123845027,0.001331641123845027,0.6680264294040031,0.38288032392469734,0.0002072498970332279
415,0.023433002054691315,0.7470540374477903,0.6508733642606216,0.7630441315228016,0.7594076507784776,0.7470535944002723,0.9978518119225135,75.30123706964346,24.943904950068546,0.001268331821148212,0.001268331821148212,0.6746984183107718,0.3917736286440721,0.00020510469519309334
416,0.02346712953224778,0.746083024627199,0.6497345713140867,0.7625088618964369,0.7566099921516277,0.746082590033396,0.9977954167586106,75.25588290507977,25.23830080949343,0.0013021505795992338,0.0013021505795992338,0.671522001377665,0.39051460145184624,0.00020295699742231397
417,0.0237432910092175,0.7447179034596658,0.6487259841410219,0.7646508217182207,0.7571837236090124,0.7447174684361143,0.9977808365455041,65.75541365146637,25.077772016708668,0.0013384268834040714,0.0013384268834040714,0.6716398291755468,0.39136217864087,0.0002008067714001198
418,0.023545750714838505,0.7449486351879144,0.6479852461993095,0.7542510812408091,0.7636913074312078,0.7449481901356102,0.9977664030515231,75.55604706360744,25.86602954222606,0.0013757852407602163,0.0013757852407602163,0.6699848744946604,0.3848067828668998,0.0001986539839971847
419,0.02359827622026205,0.7443195201996644,0.6478771154950661,0.7626378808797788,0.7542298358351915,0.7443190993599623,0.9977746376624475,65.83603745240431,25.388455152511597,0.0013191883380596454,0.0013191883380596454,0.6683958671772137,0.37986795661541134,0.00019649860124540636
420,0.023668530333787203,0.7432711034395413,0.6463673659484013,0.7580918479457674,0.7531778445885509,0.7432706781593004,0.9977379395411565,75.40275543469649,26.2504621560757,0.0013363544757549579,0.0013363544757549579,0.6681110930736535,0.39035330139673674,0.00019434058830617405
421,0.0233466422110796,0.7452761662926239,0.6492487453872768,0.7574340141179946,0.7575780121311322,0.7452757289777993,0.9976763358482947,84.93549562417545,26.339984770004566,0.0014158212221585787,0.0014158212221585787,0.6707456881681887,0.38703342398198753,0.00019217990943702903
422,0.02313602890819311,0.7429395497370698,0.6465977151902149,0.7571437614210049,0.7540063057369687,0.7429391131379754,0.9977168853466327,85.06220100476192,26.241145762113426,0.001374519788301908,0.001374519788301908,0.6682406619656831,0.37925355379971176,0.00019001652795661513
423,0.023185805760324002,0.7428765496336621,0.6465669454387872,0.7580191216104922,0.7526869715394658,0.742876116616385,0.9977222222548264,75.39480224022499,26.24968939102613,0.0013570051926832933,0.0013570051926832933,0.6689403383956792,0.3891263031042539,0.0001878504062078088
424,0.02285583335533738,0.7447743769979454,0.6487377933829083,0.7651693689459702,0.7531081040019949,0.7447739504279371,0.9978199738722581,66.67075134240665,25.27276584276786,0.0012660760145920974,0.0012660760145920974,0.6691297760878044,0.3834509819459457,0.00018568150551890957
425,0.023319983331486584,0.7439727982608481,0.6477446872270186,0.761061060776486,0.7535939987737176,0.7439723517747411,0.997788300881019,84.94307094353896,26.218713691601387,0.0013038378495436448,0.0013038378495436448,0.6689230877404603,0.38483755935270053,0.00018350978616276273
426,0.023209951262921094,0.746330640517346,0.6500162184475121,0.7630043103169084,0.7542344266107226,0.7463302032020681,0.9978028994340163,65.68853271924533,25.895550824128666,0.001270422568688026,0.001270422568688026,0.670116832999226,0.3876931472466542,0.00018133520731367455
427,0.023412221513688564,0.7447874448856316,0.6483149275849479,0.7613876223014139,0.7541249750027066,0.7447870229014282,0.9977315205794114,75.10049851124103,26.173734174324917,0.0013481470254751353,0.0013481470254751353,0.6704220097476187,0.38387230984293497,0.00017915772700197077
428,0.02321640522032976,0.7427698169159318,0.6463453329352349,0.7641966347569075,0.7531715383884775,0.7427693795987671,0.9977665681105393,75.10122848474063,27.0624960569235,0.0013348139249361479,0.0013348139249361479,0.6656341694581968,0.3763130493462086,0.000176977302066035
429,0.02330407126247883,0.7452174406737413,0.6486136313193444,0.7609728858762477,0.7552277966892267,0.7452170119550835,0.9977948115422175,75.06391119039975,25.919564412190365,0.0013017654418945312,0.0013017654418945312,0.6683523630221876,0.37814010894642425,0.00017479388810165137
430,0.022187267512083053,0.7448613175362927,0.6483049673773353,0.7608329572393038,0.7556227100571538,0.7448608862381081,0.9977886493389423,75.29156025556418,25.99882591687716,0.0013042229872483474,0.0013042229872483474,0.6678112630302516,0.38455633733135003,0.00017260743940845976
431,0.022485704075545072,0.7438322966440988,0.6472752852461134,0.7639590890390152,0.7522215354173005,0.7438318590420269,0.9978146002842829,65.87797761880435,25.721516402868126,0.001268478540273813,0.001268478540273813,0.6655293928029445,0.3936955372874553,0.00017041790893331673
432,0.02257579425163567,0.7449410152497744,0.6489971106246658,0.7623514587796414,0.7535940202657769,0.7449405839525021,0.9978260260361892,75.15905260122739,25.725103474580326,0.0012615277216984676,0.0012615277216984676,0.6663407350782878,0.38235446638785875,0.00016822524821033595
433,0.0226144868824631,0.7429246116090256,0.6474100089364303,0.7582060290949781,0.7526817003253338,0.7429241814580526,0.9977668798886813,66.03473880657783,25.624656168314125,0.0013269461118257963,0.0013269461118257963,0.665095022190004,0.37983203335450244,0.00016602940729736244
434,0.022792999789118768,0.7400425467873687,0.644023551485714,0.7592613175816852,0.7502941216545386,0.7400421015919824,0.9978167460514948,73.81151349727924,25.908332370794735,0.0012617844801682692,0.0012617844801682692,0.6619487967377958,0.3793525824753138,0.00016383033470861356
435,0.022264516353607176,0.7434460842654887,0.6476852367519965,0.762952505858537,0.752068104464825,0.7434456546864219,0.9978071909684402,84.50868093050443,25.56268043242968,0.0012741455665001501,0.0012741455665001501,0.6661315596519182,0.38576044457463116,0.0001616279773431937
436,0.022535136457532644,0.7432815895581181,0.6482036741544127,0.7629330568327005,0.7496398290034446,0.7432811642783647,0.9977801763094388,74.93361876561092,25.45704062626912,0.0012940443479097807,0.0012940443479097807,0.6638464873226789,0.38251305672411734,0.00015942228040916463
437,0.02264878759160638,0.7446904257179973,0.6494025185657755,0.7621139594885473,0.7532075819332789,0.744689982384606,0.997770933004526,65.75175383457771,25.51740122758425,0.0013175377478966345,0.0013175377478966345,0.6670615368415244,0.38908073764580947,0.00015721318734282117
438,0.022702797807753087,0.7428309397583402,0.647487806681888,0.7627459740441842,0.7523382422430933,0.7428305021560455,0.9977571414067194,65.75048529184781,25.761844121492825,0.0013367579533503605,0.0013367579533503605,0.6650968971841323,0.38306794745417744,0.0001550006397227912
439,0.022877757877111434,0.7450880528862865,0.6497819454701107,0.7514322394645085,0.7604295439003528,0.7450876184382427,0.9977307869837835,75.02653866547804,27.558567840319412,0.0013902920943040114,0.0013902920943040114,0.6690473752454497,0.3857453651726246,0.0001527845771785392
440,0.022587284991517662,0.7445813687029825,0.6484202325858635,0.7572533770832087,0.7571286964146913,0.7445809315318473,0.9977506490854117,66.21059448902423,26.120425008810482,0.0013531171358548678,0.0013531171358548678,0.6686108955540336,0.3891317132287301,0.00015056493729281325
441,0.02198233122192323,0.7442704966670592,0.6489459362403106,0.7606897451149172,0.7527924845843137,0.7442700673755986,0.9977531799903283,65.7590440603403,20.881706003959362,0.0013340069697453426,0.0013340069697453426,0.6674221370799037,0.3828599981677074,0.00014834165549752873
442,0.02190244438126683,0.7426644904920422,0.6471094549513514,0.7584291981273508,0.7525360259287409,0.7426640557556662,0.9977702360886794,65.59214608485883,26.14648726811776,0.0013199586134690505,0.0013199586134690505,0.6672958064860163,0.37995527713344646,0.0001461146649625295
443,0.02226707487553358,0.7428594430999659,0.6473072718776733,0.7627277026403172,0.7480203878552645,0.7428590004835421,0.997800166790302,65.86924190704639,26.143356153598198,0.0012553104987511267,0.0012553104987511267,0.6664417387308696,0.3889859419029493,0.00014388389647661083
444,0.022220216123387218,0.7422736434935597,0.6464070068338963,0.7616492474338116,0.7517811666302733,0.7422732001601982,0.9977854765378512,65.91213077765245,26.016068825354942,0.0013003165905292218,0.0013003165905292218,0.6644106549748148,0.37925172912386745,0.0001416492783201228
445,0.022223034692928197,0.7409985676072257,0.6456890649471437,0.7613832929412424,0.7485826409768376,0.7409981172533447,0.9977993598351111,65.88540475185101,25.392878729563492,0.0012801793905404897,0.0012801793905404897,0.6634171609677231,0.3798295852656548,0.00013941073612839947
446,0.022125370275229216,0.7441799372965068,0.6485538837170686,0.7597258119952457,0.7529232353246905,0.7441794948940609,0.9977985528799204,66.21034068327684,26.21329416678502,0.0012885057009183443,0.0012885057009183443,0.667926605235642,0.3896017209268533,0.0001371681927451782
447,0.02209015377238393,0.7431041557008626,0.6470074511301428,0.7594268181892734,0.752092244345959,0.743103719101665,0.9978189651782696,66.1939339179259,26.06070392865401,0.0012642603654127854,0.0012642603654127854,0.6664289587822098,0.38874836495289433,0.0001349215680650786
448,0.02207409815117717,0.7420163305284914,0.6467683201607632,0.759717887800349,0.7501757538507541,0.7420158982278529,0.9977829639728253,75.54215728319608,26.011587674801167,0.0012962451347937952,0.0012962451347937952,0.6650156103826773,0.38552673232670015,0.0001326707788641081
449,0.02156706733815372,0.744150397176729,0.6483545281375007,0.7618973321380937,0.7518653245201254,0.7441499569956396,0.997830005792471,75.80317656810467,25.89053899049759,0.001249239994929387,0.001249239994929387,0.6670597544333969,0.38580922997341704,0.00013041573861703878
450,0.021566288681700827,0.743885405671911,0.6480637136367358,0.7618555967076118,0.7516578984936619,0.7438849716520534,0.9978010287651649,84.51505795808939,25.889180568548348,0.0012713212233323317,0.0012713212233323317,0.6671470929868519,0.3856155501248745,0.00012815635730036785
451,0.022196065325289966,0.7429800343285439,0.6473696784418415,0.7605945813554913,0.7519174467044157,0.7429795895633039,0.9978637145115778,66.77264206226056,25.463564799382137,0.0012299280900221604,0.0012299280900221604,0.6662506264312049,0.3889303423750859,0.00012589254117941672
452,0.021664343446493147,0.7437386952858304,0.6476834778403605,0.7562132933693397,0.7563803526489556,0.7437382664246458,0.9978149304023156,65.57099327674278,27.059951218274925,0.0012883223020113432,0.0012883223020113432,0.6672137695400474,0.39208117170402634,0.0001236241925779498
453,0.021834926953539252,0.7414181592316772,0.646024181781327,0.7582791936526097,0.7504072762727514,0.7414177133201805,0.9977374443641076,67.31866455078125,26.018719512682694,0.0013462029970609224,0.0013462029970609224,0.6639487163360732,0.3825968989672569,0.00012135120962849047
454,0.021317983403801918,0.7444329981278096,0.6486116801261084,0.7598606828327762,0.753549733369947,0.7444325449089989,0.9977611028231107,66.01659257595355,26.097736922594216,0.001325240501990685,0.001325240501990685,0.6663506259210408,0.38557720800431877,0.00011907348600128
455,0.021271435417234898,0.7432908024873556,0.6475604298544303,0.7589103688005324,0.7525879925821612,0.7432903638827546,0.99777496778048,65.87928999387302,26.01258254968203,0.001308276103093074,0.001308276103093074,0.6646894137912358,0.3874876216913645,0.00011679091060955954
456,0.021383016111329197,0.7419558567446572,0.6460851415368788,0.7582423496012798,0.7517761366286879,0.74195542687996,0.9977738857269287,64.64449475361751,26.02478538109706,0.0013075975271371694,0.0013075975271371694,0.6636332780158577,0.3820055104218997,0.00011450336728854525
457,0.02137028097361326,0.742087845642827,0.6464581557143962,0.75561696136514,0.7527522210020062,0.7420874160644426,0.9977654493772067,64.93434245769794,26.081142077079186,0.001330889188326322,0.001330889188326322,0.6657630623443626,0.38280746512688124,0.00011221073444511076
458,0.02217629772797227,0.7441010756219963,0.6480422350093303,0.7534079493254187,0.7583645778051712,0.7441006390952555,0.997758150100708,74.55401565478398,26.134249545060673,0.0013608198899489183,0.0013608198899489183,0.667511090161637,0.379047200227013,0.00010991288467477625
459,0.02133802804350853,0.7423231752396191,0.6466009916544522,0.7558655027037923,0.7537680578048189,0.7423227373512197,0.9977431480701153,66.00565462846022,26.159443653546848,0.0013530254364013672,0.0013530254364013672,0.6656910367130947,0.3793221859691235,0.00010760968434212009
460,0.021340116292238236,0.7435759728860631,0.6480642025803379,0.7560154697081808,0.7547680216471513,0.7435755321327697,0.9977379028613751,75.1044289790667,26.13911048265604,0.0013504395118126501,0.0013504395118126501,0.6676269315917475,0.3885594427299041,0.00010530099312016371
461,0.021361187919974326,0.7438407529088951,0.6485489496761427,0.7602651600237452,0.7523297481513717,0.7438403141614729,0.9977337947258582,75.26052788587717,26.171537646880516,0.0013477068680983323,0.0013477068680983323,0.6670953098756189,0.3893193912047606,0.00010298666348361787
462,0.021225344376638533,0.742020108974798,0.6467352797720451,0.7653949554733024,0.74825345784882,0.7420196709439536,0.997840587909405,74.99824521174797,26.280960614864643,0.0012355400965763973,0.0012355400965763973,0.6654456460382789,0.3924283809386767,0.00010066654015009615
463,0.021625873439013957,0.7404576169123972,0.6458777725350354,0.756772411730052,0.7516408018469587,0.7404571814607335,0.9977147028996394,75.18891810453854,27.041500329971313,0.0013773441314697266,0.0013773441314697266,0.6660701480622475,0.3931797853169533,9.834045946247941e-05
464,0.021184091709554195,0.7415369343817668,0.6462759857942714,0.7567697057373487,0.7536986332948168,0.7415365082428268,0.9977255234351525,75.13056876109196,25.623412361511818,0.0013823876014122595,0.0013823876014122595,0.666811710393701,0.39261638931930065,9.600824870451702e-05
465,0.020993470383808017,0.7421031700536318,0.6467788157357328,0.761197607063311,0.7497558367641849,0.7421027317358165,0.9977646424220159,75.11617831083444,25.562300471159126,0.0013072857489952673,0.0013072857489952673,0.6661241695087833,0.38882048041201556,9.366972534044407e-05
466,0.02107630158774555,0.7428824719850091,0.6477800060585545,0.7625091785443858,0.7497290220529764,0.7428820356728232,0.9977990480569693,75.15304015232967,25.896207062097695,0.0012791890364426833,0.0012791890364426833,0.6671183611839436,0.3924023175182251,9.132469616782773e-05
467,0.020984189031645655,0.7422337783019534,0.6470334146837033,0.7628380087011476,0.7486873029361327,0.7422333491537872,0.9977635603684646,75.09370528734647,26.099559540931995,0.001299124497633714,0.001299124497633714,0.6657643230148376,0.39182750006707817,8.897295637097126e-05
468,0.021036342184990644,0.7432908798588558,0.6481392993469052,0.7603338491480526,0.7522375354674923,0.7432904421138518,0.9977376277630146,75.72815539286687,26.106040000915527,0.0013522918407733624,0.0013522918407733624,0.6672677076332127,0.3895612553908275,8.661428845992607e-05
469,0.020823920510709287,0.7436050480606619,0.6481781088477299,0.7583536452987782,0.7536831344394506,0.743604605014663,0.9977519328777606,75.53421707336719,26.101633567076462,0.0013384452232947717,0.0013384452232947717,0.6669901297875465,0.3856011229352309,8.424846107739114e-05
470,0.021070589935407044,0.744036421489856,0.6489188498336221,0.760817597865953,0.7511406182228149,0.7440359985744016,0.9977593238537128,75.54828774929047,26.120498799360714,0.0013115406036376953,0.0013115406036376953,0.6676414709609861,0.38640941579181415,8.18752276523933e-05
471,0.021095120824873446,0.742612702079043,0.6470072657963807,0.7587048330722611,0.7509368731413673,0.7426122862560673,0.9977662013127253,76.33658255980565,25.992932007862972,0.0013104768899770884,0.0013104768899770884,0.6658490767183068,0.38240849842818886,7.949432487547622e-05
472,0.021057378580793738,0.7427438305782557,0.6471836269853178,0.7592890671977229,0.7502795507546577,0.7427433891080183,0.9977539319258469,75.15454492202171,26.13735357614664,0.0013219576615553636,0.0013219576615553636,0.666079225573832,0.3853504405571864,7.710547096497543e-05
473,0.020669463738799094,0.7443622604533287,0.6492114499302267,0.7608096445859143,0.7522194862210756,0.7443618195562838,0.9977774620056152,75.63714305254129,26.04532296840961,0.0013036361107459436,0.0013036361107459436,0.6670599210505875,0.3948730809184221,7.470836368753417e-05
474,0.020961111238226294,0.7436455723417061,0.6484606021244507,0.7603530629769685,0.7509486386110926,0.7436451486385051,0.9977701077094445,75.23419864361102,26.17144224735407,0.0013077625861534705,0.0013077625861534705,0.6658183293632016,0.3885978228197648,7.23026780879678e-05
475,0.02073490110784769,0.7436319523936746,0.6485868625287146,0.7600360081044015,0.7520187887136529,0.7436315200937883,0.9977611028231107,75.8661622267503,26.219290811281937,0.0013247636648324819,0.0013247636648324819,0.6668063223344058,0.3891060452621717,6.988806387340599e-05
476,0.02060971706174314,0.7433274616361801,0.6478515963947534,0.7566937258627842,0.7547756647966005,0.7433270284764311,0.9977580217214731,66.15019375544328,26.12578500692661,0.0013448275052584135,0.0013448275052584135,0.6659645266078699,0.38569460780574727,6.746414238367822e-05
477,0.0204618599768728,0.742743154366835,0.6473231731006781,0.7595342272634473,0.7503843702507483,0.7427427131111131,0.99775925049415,64.85645039264972,26.132354323680584,0.0013173176692082332,0.0013173176692082332,0.6656117774187945,0.3826610172310701,6.503050306324746e-05
478,0.02117292918264866,0.7426426243270511,0.6469613699332718,0.758572397211024,0.7517824524285478,0.7426421762660568,0.9977374076843262,65.8146428328294,26.00602477788925,0.0013437271118164062,0.0013437271118164062,0.6656746628801696,0.37904035873137987,6.258669932838723e-05
479,0.0207777541577816,0.7433867400315926,0.6480415493770122,0.7597185039768687,0.7523872441385577,0.7433863014270905,0.997756866308359,65.84581855627206,25.97737945960118,0.0013266893533559947,0.0013266893533559947,0.666251840777337,0.382573078887967,6.01322436949885e-05
480,0.020420674663037063,0.7435894100088174,0.6481212761059237,0.7585504697945443,0.7540050539677883,0.7435889737682145,0.997765431037316,65.93975029541896,25.801262717980606,0.0013251488025371844,0.0013251488025371844,0.6672474848679625,0.382675967250879,5.7666601994895854e-05
481,0.021029162922874094,0.7434553153185599,0.6480486795825163,0.7593281479999232,0.7521626304823396,0.7434548790066702,0.9977400119488056,65.9639419408945,25.99997710264646,0.0013516866243802584,0.0013516866243802584,0.6671463692238411,0.3949881365092901,5.518918645844863e-05
482,0.020737926471978425,0.7444375584566079,0.6493409383703139,0.7622049115188511,0.7519856619278749,0.7444371132611511,0.9977826338547927,65.8808423280716,25.76946183809867,0.0013011969052828276,0.0013011969052828276,0.6664257747246526,0.38878329642690146,5.2699347372755836e-05
483,0.02008781967125833,0.7432606901061336,0.6481361703894719,0.7637759152246629,0.7499958416005517,0.743260247776299,0.9977874939258282,65.92406558990479,25.610928686765526,0.0012914584233210636,0.0012914584233210636,0.665482712426008,0.38883209314483863,5.019636293147572e-05
484,0.020926860328763723,0.7429426371423672,0.6474052227979097,0.7598194961667537,0.7536751882519636,0.7429421940963267,0.9977745092832125,65.90889329176683,25.88804525595445,0.0013222327599158655,0.0013222327599158655,0.6649796217679977,0.385436314659623,4.767942676090328e-05
485,0.020442558186128737,0.7437310051403833,0.6480940140011685,0.7610742673578805,0.752971279748908,0.743730575419544,0.997779552753155,65.90384884981009,25.94066947698593,0.0013109170473538912,0.0013109170473538912,0.6666647732042923,0.38269815465005547,4.5147632421134877e-05
486,0.020273563200607896,0.7429756429278088,0.6472974792354537,0.7571426057200928,0.7543371840869928,0.7429752103412788,0.9977783790001502,65.96415414259984,25.946504381986763,0.0013209122877854567,0.0013209122877854567,0.6654506793353133,0.3826778168575122,4.259995391188707e-05
487,0.02037290646508336,0.7433410653933031,0.6478074141651687,0.7593512693722662,0.7536343250411984,0.7433406336664417,0.9977771135476919,66.00728509059319,25.901465599353497,0.001322031021118164,0.001322031021118164,0.6653099071879226,0.38247666952128595,4.003522081490459e-05
488,0.02032292728871107,0.7435475115253067,0.6480902359839507,0.7611781639853941,0.751896311126627,0.743547079941558,0.9977781589214618,65.99278295957126,25.964037244136517,0.0013069556309626652,0.0013069556309626652,0.6658163734425145,0.38258631627720135,3.745208610377897e-05
489,0.020675856372341515,0.7431423310428443,0.6477458953665585,0.7609346335923722,0.7520806413562029,0.7431418975960067,0.9977792959946853,65.88817771581503,25.872973735515888,0.001308001004732572,0.001308001004732572,0.6651884044807118,0.3826524004913293,3.484898371928687e-05
490,0.020233288740739225,0.743208778472806,0.6475255773282849,0.7604298725894656,0.7528200571055372,0.7432083329903858,0.9977811666635367,65.88184678554535,25.682916852144096,0.0013081110440767729,0.0013081110440767729,0.6653945556698511,0.38218434957357555,3.2224071517527e-05
491,0.019925279919058084,0.7431620998691728,0.6474229554671181,0.7612842697824254,0.7520762945871863,0.7431616495150124,0.9977868153498723,65.81306444681607,25.98756860769712,0.0013019121610201322,0.0013019121610201322,0.6652162748460586,0.385477684581509,2.9575152732566297e-05
492,0.019965046411380173,0.7437501912457437,0.6479414904440823,0.7600929086193597,0.7535625576817995,0.7437497500618373,0.9977769484886756,65.8643927023961,25.97768670779008,0.001317886205819937,0.001317886205819937,0.6663955921092286,0.38574106317873186,2.6899564852898082e-05
493,0.02016424869000912,0.7435852919870697,0.6480673635615605,0.760588543305823,0.7531266510761477,0.7435848535255053,0.997777351966271,65.83249363532433,26.048786493448112,0.0013134479522705078,0.0013134479522705078,0.6658656105327492,0.38601577654480934,2.419401716265777e-05
494,0.020206409599632026,0.7432714978897486,0.6478279637264203,0.7600257162741997,0.7531755265266626,0.7432710637268399,0.9977740691258357,65.92206002198733,26.035195717444786,0.0013217926025390625,0.0013217926025390625,0.6653750240802765,0.38888539517155063,2.1454343618097682e-05
495,0.02076765614002943,0.7432031578693691,0.6477901084013149,0.7604711336897888,0.753157400983435,0.7432027264284861,0.9977758664351243,65.92836499214172,25.92840613768651,0.001320031973031851,0.001320031973031851,0.6657338648533019,0.3860491757782606,1.86751079733455e-05
496,0.020245483785867692,0.7429881011587484,0.6476082952499951,0.7616214557646852,0.7518749924364921,0.7429876694314059,0.997783165711623,65.928407733257,25.902491578688988,0.0013040579282320463,0.0013040579282320463,0.6657384084895827,0.38618246809794354,1.5848931924611145e-05
497,0.0199687353502959,0.7430394650314697,0.6474842161462692,0.7610363765714449,0.7527310162914264,0.743039015107589,0.9977792776547946,65.88449995334332,25.963252076735863,0.0013132645533635067,0.0013132645533635067,0.6656937484557812,0.37984812460266626,1.2965252773542109e-05
498,0.020137041285634042,0.7428795318714554,0.6474960628560955,0.7617662717685008,0.7517510950123811,0.7428791068782482,0.9977820653181809,65.86353698143593,25.964997062316307,0.0013053600604717548,0.0013053600604717548,0.665172210500504,0.3859803918749094,1.0007742567915822e-05
499,0.020059593841433524,0.7430269817270181,0.6476101473640206,0.761639243595994,0.7520192431274292,0.7430265385372584,0.9977824137761042,65.87587139239677,25.93499068113474,0.0013062036954439604,0.0013062036954439604,0.6653614709547793,0.3889870945937358,6.947906928878752e-06
500,0.020449560828506946,0.7429892362260463,0.6475760333763281,0.7615148741346432,0.7519870013130175,0.7429888023494979,0.9977788925170898,65.90206558887775,25.944782403799202,0.0013113021850585938,0.0013113021850585938,0.6654657436212381,0.3889706465773858,3.7232911332721414e-06
