epoch,train_loss,val_dice,val_iou,val_precision,val_recall,val_f1,val_accuracy,val_hausdorff,val_hausdorff_95,val_fp_per_volume,val_fp_per_image,val_ap,val_mAP,lr
1,0.5003132477573965,1.0422669892555399e-10,1.0422669892555399e-10,5.375535837166948e-10,2.0837259884725674e-10,2.389489518756805e-13,0.9903021292252974,234.2780303955078,211.2837132540616,0.0009116476232355291,0.0009116476232355291,0.00914692980321971,0.0,0.0002
2,0.35831383384507276,1.9042673001903624e-10,1.9042673001903624e-10,9.47477930456454e-09,2.0837259884725674e-10,4.232992965971604e-12,0.9911622567610308,298.828574440696,280.19290646639735,5.152008750221946e-05,5.152008750221946e-05,0.008979846781585366,0.0,0.0004
3,0.24673858815911173,2.0837259884725674e-10,2.0837259884725674e-10,1.0,2.0837259884725674e-10,4.1674479255773074e-10,0.991213776848533,572.656982421875,572.656982421875,0.0,0.0,0.009555308746216311,0.0,0.0006
4,0.15509601031569228,2.0837259884725674e-10,2.0837259884725674e-10,1.0,2.0837259884725674e-10,4.1674479255773074e-10,0.991213776848533,572.656982421875,572.656982421875,0.0,0.0,0.014375542688702064,0.0,0.0008
5,0.09866536648451597,2.0837259884725674e-10,2.0837259884725674e-10,1.0,2.0837259884725674e-10,4.1674479255773074e-10,0.991213776848533,572.656982421875,572.656982421875,0.0,0.0,0.0620754046804822,0.0,0.001
6,0.07003010736628511,2.0837259884725674e-10,2.0837259884725674e-10,1.0,2.0837259884725674e-10,4.1674479255773074e-10,0.991213776848533,572.656982421875,572.656982421875,0.0,0.0,0.05040568080967618,0.0,0.0009909954834128342
7,0.05660183761996784,2.0837259884725674e-10,2.0837259884725674e-10,1.0,2.0837259884725674e-10,4.1674479255773074e-10,0.991213776848533,572.656982421875,572.656982421875,0.0,0.0,0.055271798228525106,0.0,0.000989193491307027
8,0.048374922539310895,2.0837259884725674e-10,2.0837259884725674e-10,1.0,2.0837259884725674e-10,4.1674479255773074e-10,0.991213776848533,572.656982421875,572.656982421875,0.0,0.0,0.0,0.0,0.000987391134388305
9,0.04481604928686016,2.0837259884725674e-10,2.0837259884725674e-10,1.0,2.0837259884725674e-10,4.1674479255773074e-10,0.991213776848533,572.656982421875,572.656982421875,0.0,0.0,0.054046731624029315,0.0,0.0009855884118426005
10,0.04177892180266737,2.0837259884725674e-10,2.0837259884725674e-10,1.0,2.0837259884725674e-10,4.1674479255773074e-10,0.991213776848533,572.656982421875,572.656982421875,0.0,0.0,0.0,0.0,0.0009837853228523705
11,0.039829162527518024,2.0837259884725674e-10,2.0837259884725674e-10,1.0,2.0837259884725674e-10,4.1674479255773074e-10,0.991213776848533,572.656982421875,572.656982421875,0.0,0.0,0.06883428570741175,0.0,0.0009819818665965754
12,0.03774482739725332,2.0837259884725674e-10,2.0837259884725674e-10,1.0,2.0837259884725674e-10,4.1674479255773074e-10,0.991213776848533,572.656982421875,572.656982421875,0.0,0.0,0.10689853739247403,0.0,0.0009801780422506556
13,0.03668486700532423,2.0837259884725674e-10,2.0837259884725674e-10,1.0,2.0837259884725674e-10,4.1674479255773074e-10,0.991213776848533,572.656982421875,572.656982421875,0.0,0.0,0.22376996484148942,0.0,0.0009783738489865113
14,0.034981552950352775,2.0837259884725674e-10,2.0837259884725674e-10,1.0,2.0837259884725674e-10,4.1674479255773074e-10,0.991213776848533,572.656982421875,572.656982421875,0.0,0.0,0.2211194036319119,0.0,0.000976569285972478
15,0.03543301676025336,2.0837259884725674e-10,2.0837259884725674e-10,1.0,2.0837259884725674e-10,4.1674479255773074e-10,0.991213776848533,572.656982421875,572.656982421875,0.0,0.0,0.16204112294706813,0.0,0.0009747643523733044
16,0.030918636327159816,2.0837259884725674e-10,2.0837259884725674e-10,1.0,2.0837259884725674e-10,4.1674479255773074e-10,0.991213776848533,572.656982421875,572.656982421875,0.0,0.0,0.16142035332925594,0.0,0.0009729590473501306
17,0.03129695968210012,0.032770167304458656,0.018421400670260248,0.832981862359365,0.01866172519609344,0.03277013692264571,0.9913358688354492,263.198671947826,245.65377055514944,1.2874603271484375e-05,1.2874603271484375e-05,0.3814575257287784,0.04082830385728316,0.0009711533700604632
18,0.029612897456377404,2.0837259884725674e-10,2.0837259884725674e-10,1.0,2.0837259884725674e-10,4.1674479255773074e-10,0.991213776848533,572.656982421875,572.656982421875,0.0,0.0,0.10455000057514884,0.0,0.0009693473196581535
19,0.02915358270957381,2.0837259884725674e-10,2.0837259884725674e-10,1.0,2.0837259884725674e-10,4.1674479255773074e-10,0.991213776848533,572.656982421875,572.656982421875,0.0,0.0,0.3680142886081926,0.013027853925119747,0.0009675408952933734
20,0.025390511726553756,0.3618396423584054,0.24956046615436336,0.6423594586846113,0.2802828165741865,0.36183933322301126,0.9931564114310525,97.56122216311368,68.60831605304371,0.0009833032434636896,0.0009833032434636896,0.43218576394573655,0.046865289184180176,0.0009657340961125918
21,0.026457668640704333,0.038539749478476985,0.023222884626172936,0.927957795138397,0.023591209680661477,0.038539716747625845,0.9913176840001886,406.31017953699285,391.66964335875076,7.434324784712358e-06,7.434324784712358e-06,0.40320048677350234,0.024749525060707874,0.0009639269212585509
22,0.02692396900263326,0.1127265570533028,0.06614917910204333,0.7951386797451271,0.06645477449109177,0.11272645709016736,0.9918405359441583,184.4043600775979,166.23777424205434,8.045543323863636e-05,8.045543323863636e-05,0.3786044021178234,0.016259593042460354,0.0009621193698702417
23,0.024937363063124406,0.059640347045449627,0.03552539108268704,0.9354407083621418,0.03756556121644125,0.05964029227300616,0.9914429187774658,308.2354674772783,296.67152976989746,4.777041348544034e-05,4.777041348544034e-05,0.31615573317884066,0.004383513195948167,0.0009603114410828803
24,0.024255078489324827,0.0310322386335331,0.017893983211614197,0.9838830882852728,0.01813445734663647,0.031032210621458223,0.9913302118127997,365.154954736883,349.8605736168948,6.719069047407671e-06,6.719069047407671e-06,0.3262084442804652,0.00717750225554813,0.0009585031340278833
25,0.023346818924678124,0.011527241154056645,0.006201652333046492,1.0,0.006201652333046492,0.01152723085590534,0.9912522489374335,523.3649380423806,522.572431564331,0.0,0.0,0.36345236077289267,0.018668532371520996,0.0009566944478328421
26,0.024665491072054225,0.10882437010775683,0.06686263550129573,0.9712792960080233,0.06941089027363914,0.1088242812262832,0.9919249577955767,364.0846877531572,348.4915296597914,5.2733854814009234e-05,5.2733854814009234e-05,0.3129199104309505,0.017250702462413094,0.0009548853816214997
27,0.02529669428865115,0.15186853364760886,0.09357472835928862,0.8701148902034691,0.09654282990479998,0.15186840920332634,0.9920508211309259,215.66168108853427,203.0891408920288,7.987022399902344e-05,7.987022399902344e-05,0.40078403474498453,0.024674684486605904,0.0009530759345137246
28,0.022561717762387003,0.3798560300501839,0.2682444013992422,0.3506774528314385,0.469398900337049,0.3798556974666179,0.9884631417014382,102.65673221241344,76.477839383212,0.00798697905106978,0.00798697905106978,0.36815956189209165,0.026714552532542835,0.0009512661056254851
29,0.021922834164024085,0.41819509999381327,0.3106259212687285,0.4630906291588767,0.408169424309181,0.4181947514670689,0.9925995523279364,82.7549320567738,59.90593548254533,0.0032991062511097302,0.0032991062511097302,0.43674528757073006,0.06356778215955604,0.0009494558940688246
30,0.02172742027725125,0.3265652211093802,0.22563496552563878,0.7079777790558343,0.24718479761310785,0.3265649624359824,0.9935246814380992,153.81064146215266,134.34274491396818,0.0004972544583407315,0.0004972544583407315,0.43299396346397273,0.041368184949864044,0.0009476452989518352
31,0.02087188250888353,0.3158314365224229,0.21900909952898873,0.8222775459895274,0.23473151079533422,0.31583118672959876,0.9934973066503351,205.05567771738225,189.85543831911954,0.00047451799566095525,0.00047451799566095525,0.43810045362492517,0.05783863331783901,0.000945834319378632
32,0.021174643145895553,0.31924126378921425,0.2196297928900929,0.6165348198127887,0.23898472357506287,0.31924100788721665,0.9932301477952437,99.48728214610706,77.42120597579263,0.000883362509987571,0.000883362509987571,0.4229555362555237,0.04408099248327992,0.000944022954449327
33,0.021495915333815348,0.24552474181860973,0.1651121580543059,0.8621570530625888,0.17056349185026473,0.24552455563161518,0.9930053190751509,198.79847257787532,179.35973969372836,0.00016301328485662287,0.00016301328485662287,0.46363713031380693,0.07114620303565805,0.0009422112032600019
34,0.019972768820950698,0.35806059697741205,0.2540227969356227,0.39184217540005445,0.357779085112807,0.35806027461200457,0.9905131730166349,88.75719399885698,63.957562099803575,0.004905223846435547,0.004905223846435547,0.36213054999825545,0.023394748060540718,0.0009403990649026824
35,0.021911402869883967,0.4106496289248802,0.30076668762466147,0.5761046491711648,0.3558139531784997,0.41064932012321,0.9934036298231645,99.7955396825617,69.83983723683791,0.0018885569138960404,0.0018885569138960404,0.45887451266488904,0.05913116376508366,0.0009385865384653104
36,0.019023188266731883,0.2783158804278244,0.19286083337648677,0.8486015134291729,0.2007770166727017,0.2783156795833146,0.9934345375407826,226.69615121321246,208.3078007698059,0.00027381290089000356,0.00027381290089000356,0.472375557101755,0.09391990964385596,0.0009367736230317175
37,0.019398953829859865,0.4099762590184692,0.3026998809883424,0.6615049050599207,0.36791718903555287,0.40997595972450324,0.9940278313376687,153.54581035267222,132.84402999010953,0.0014005791057239878,0.0014005791057239878,0.4842345275797429,0.06311848133125088,0.0009349603176815974
38,0.019264735597260725,0.3460011422890602,0.25510626387045204,0.8295496758641027,0.2755683839968391,0.34600089652345795,0.9940546209161932,202.13345557993108,183.40253629467705,0.0005236322229558772,0.0005236322229558772,0.4979408776218241,0.0929463565010916,0.0009331466214904777
39,0.018114120439872487,0.26249526342468493,0.17422293386526752,0.8699773401118936,0.18111841413926705,0.2624950547550822,0.993144078688188,197.8360929922624,179.07293519106778,0.00035162405534224075,0.00035162405534224075,0.4971008716489781,0.06620669195597823,0.0009313325335296929
40,0.018765985575001472,0.36254336986281016,0.25903181747557547,0.6368884664390566,0.2783156430810912,0.3625430921438971,0.9936831864443693,125.66828354922208,95.46399361437017,0.0008311705155806108,0.0008311705155806108,0.4657675676915625,0.08254351924088868,0.0009295180528663554
41,0.018155391295922214,0.41092671918730356,0.31170578387248393,0.6953701574736916,0.35510471653327796,0.4109264292209462,0.9944159117611971,110.66817634755915,85.1534264087677,0.0008954785086891868,0.0008954785086891868,0.545104792796668,0.1276387216692621,0.0009277031785633282
42,0.0159599003355265,0.45433896997110873,0.3513720727814916,0.6544659151777416,0.45123514615879484,0.4543386463106245,0.9945087432861328,142.35880663178185,115.2514860088175,0.0021196495402943005,0.0021196495402943005,0.5263545453768033,0.1267992943863977,0.0009258879096791951
43,0.016714347614746154,0.45292864212393463,0.3487157416695869,0.6327739737930057,0.4459497916740924,0.4529283319963462,0.9940767071463845,135.03350682692096,115.67779908396982,0.0025300546125932174,0.0025300546125932174,0.5142013527537611,0.11220612292262641,0.0009240722452682321
44,0.016875796913886548,0.46033439186161745,0.3470558362624915,0.623175285886468,0.411582634013636,0.4603340747911035,0.9946766549890692,93.47969822450118,64.68821889703923,0.0012194243344393644,0.0012194243344393644,0.5236229159162865,0.09164063751020214,0.0009222561843803788
45,0.016842070977663857,0.4733616150008325,0.36836854345617104,0.7124458283016627,0.46421674213993414,0.4733612512286372,0.9947893402793191,156.05764800851995,126.59921193122864,0.0018379038030450995,0.0018379038030450995,0.5521336568688805,0.12861250070008365,0.0009204397260612089
46,0.016998602963191854,0.47911274517661134,0.3691673763717271,0.6942860625438269,0.4354497164381685,0.4791123888336864,0.9948254498568448,110.0352652723139,79.3850451924584,0.0012182105671275747,0.0012182105671275747,0.5801508548584852,0.1445889107205651,0.0009186228693518994
47,0.016592742695912033,0.5083033355066381,0.3953906535369088,0.491321285587793,0.5594113524798744,0.5083029805262917,0.9939823800867255,78.50459649346091,47.80374285307798,0.0035369829698042436,0.0035369829698042436,0.5374945021573115,0.13806797022169287,0.0009168056132892021
48,0.018317697393097753,0.4721196661477769,0.3654156824380104,0.4982927553028161,0.5422175955717283,0.47211932191753814,0.9940746047280051,73.10035059668802,35.1795124465769,0.0034119866111061788,0.0034119866111061788,0.5444397155184891,0.12193699096414176,0.0009149879569054125
49,0.017388632333698285,0.45705738878889285,0.35177984778003024,0.6240195467283078,0.41815310529499106,0.4570570505607621,0.9945969798348167,111.25878646157004,88.07995976101269,0.0014210831035267222,0.0014210831035267222,0.5310626781978995,0.13164828785441138,0.0009131698992283396
50,0.01581492462334619,0.4834497904159178,0.37030041857111673,0.6891179421078343,0.45216829835678696,0.48344944641110194,0.9947087114507501,104.8948483250358,83.738002224402,0.001650636846368963,0.001650636846368963,0.5618529003960165,0.12425136904824864,0.0009113514392812751
51,0.01647267423184781,0.3650995806114927,0.2665609121239331,0.7144576961533957,0.2951038127653501,0.36509931149239155,0.9939158179543235,150.2141097242182,130.3058895414526,0.000985340638594194,0.000985340638594194,0.5121028192383661,0.10512826693328944,0.0009095325760829623
52,0.01648620198395146,0.4760165622124139,0.36787746553781986,0.6630429757448719,0.4527538321997006,0.4760162275513476,0.9947655200958252,121.62397469173779,90.88631729646163,0.0016219615936279297,0.0016219615936279297,0.5718335872985666,0.14565320634706455,0.0009077133086475646
53,0.014149675416042921,0.4609624919688111,0.3606613658606873,0.5922131488472506,0.4953153923595002,0.46096217472096584,0.9946017265319824,96.60520299998197,75.48876011371613,0.0024206204847856,0.0024206204847856,0.5633585978370816,0.14490184763615782,0.0009058936359846345
54,0.015422075448943109,0.46635113619258417,0.3688155211888317,0.6080725550019312,0.47171118986678306,0.4663508006608452,0.9945543029091575,112.62735028700395,92.59144670313054,0.002234740690751509,0.002234740690751509,0.539433431928046,0.15587068247524175,0.0009040735570990808
55,0.014368242083716837,0.4523325634977427,0.35658534884040355,0.6892635842756302,0.49594209967891945,0.4523322617194488,0.9946671399203214,160.19516628438777,128.7110583782196,0.002506624568592418,0.002506624568592418,0.5357469036633286,0.1553836495361545,0.0009022530709911372
56,0.013852136632448983,0.5123061457700995,0.38665640705193655,0.7872851978782442,0.4521283928706751,0.5123058045039283,0.9949668537486683,131.46147069064054,102.13227032531391,0.0013076608831232245,0.0013076608831232245,0.6038539541715925,0.1379007805477489,0.0009004321766563289
57,0.015314775623445367,0.457219946945823,0.3484516053909863,0.8112258986375568,0.3988211566269815,0.4572196361814601,0.994885964827104,168.22345876693726,143.59030190381137,0.0009649883617054332,0.0009649883617054332,0.5841761257877145,0.15977798503908244,0.0008986108730854411
58,0.013823070820292523,0.4380839272209063,0.34512096456098373,0.7177004028613676,0.43160667626595595,0.4380836374652452,0.9942589022896506,176.67854391444814,153.30189928141507,0.002156366001475941,0.002156366001475941,0.5263838249887324,0.1380451712757349,0.0008967891592644846
59,0.015485541290207499,0.4824448567916724,0.37276106815615845,0.7228236591574256,0.4524847873366793,0.4824445148551239,0.9948704025962136,126.52535078742288,101.72128200531006,0.0016938339580189097,0.0016938339580189097,0.5832368751293427,0.1540208277715878,0.0008949670341746629
60,0.015265862406606132,0.3675489926053597,0.26935375659843874,0.7855797242866406,0.2967303584951196,0.3675487248212438,0.9939554604617032,159.27268119291827,139.35288871418345,0.0005515055222944779,0.0005515055222944779,0.5220308778961127,0.10663374039259824,0.0008931444967923387
61,0.014569912263695365,0.4298098743625007,0.32428788325437985,0.8374534227048295,0.3629530890252154,0.42980957778590534,0.9946925423362039,148.6120854291049,123.59646381031384,0.0008373910730535334,0.0008373910730535334,0.5879069827268805,0.1460560385815122,0.0008913215460889999
62,0.013864373983601215,0.5008255102442454,0.3899936039025517,0.7014407533642969,0.4878634451189688,0.5008251608108294,0.9949938167225231,107.52013722333041,74.01746648008174,0.0016960664228959517,0.0016960664228959517,0.6049436586392031,0.16117359934882683,0.0008894981810312246
63,0.012568473085311466,0.34730393660455233,0.2526962088330968,0.9319871311837976,0.2683695488773351,0.3473036834620743,0.9940777258439497,257.68509630723435,239.79230725765228,0.00041530349037863993,0.00041530349037863993,0.5937755665191534,0.145172444595532,0.0008876744005806469
64,0.012912687832147053,0.4438033736171482,0.3496729404049868,0.7561848017273047,0.4434707074350157,0.44380308691773124,0.9949075525457208,141.78191163323143,120.63905184919184,0.001841371709650213,0.001841371709650213,0.5928145265967363,0.13846280324188145,0.000885850203693922
65,0.012884739695395204,0.5337334643842824,0.41864928453788186,0.7244150492955338,0.5582419264177709,0.5337331026379359,0.9949238517067649,122.01740806752986,96.05583656917919,0.0024613250385631213,0.0024613250385631213,0.6105807958758139,0.16393237154592166,0.0008840255893226908
66,0.01355069914254649,0.4679217146963131,0.36489955612708014,0.8020077052235696,0.427337409225721,0.46792139273154815,0.9950143207203258,146.82484037225896,122.1211627071554,0.0011120492761785333,0.0011120492761785333,0.6229244815238583,0.16291899538852953,0.0008822005564135439
67,0.012376304948702455,0.5189360618455694,0.4067861448329808,0.709930098317434,0.5337716868858362,0.5189356958608711,0.9950111996043812,135.37887555902654,107.92333418672735,0.0021163333546031604,0.0021163333546031604,0.6067310085696094,0.15333708765154536,0.0008803751039079861
68,0.01507952954384616,0.4152480018425692,0.32469366753463313,0.7704644357633686,0.398719931107802,0.41524771566230806,0.994670954617587,196.83019126545298,178.24179755557668,0.0015004548159512606,0.0015004548159512606,0.5391422288481739,0.14024426026100462,0.0008785492307423999
69,0.015551584740651065,0.4321970911619479,0.337427999012254,0.848339335616545,0.38967448019269874,0.4321967991766732,0.9948883923617277,165.35751381787387,146.99695192683828,0.0009271665052934127,0.0009271665052934127,0.6001713861795989,0.16693915833126416,0.0008767229358480086
70,0.01364510900062648,0.5292188764159976,0.4141965403890053,0.6583276100079546,0.5354753048037266,0.5292185128667852,0.9950210614637895,91.80392150445418,65.97384483164006,0.0021093325181440873,0.0021093325181440873,0.6295267197843217,0.1757566656240008,0.0008748962181508392
71,0.012784314403396058,0.4310087151776486,0.33749290165763973,0.7929137573995199,0.3991608607833241,0.43100842876677403,0.994838064367121,164.29053872281855,144.383260846138,0.0011714588512073863,0.0011714588512073863,0.6163979364474389,0.16953059235079723,0.000873069076571686
72,0.011516124341936633,0.4898959860361103,0.38315175421058517,0.7883864847675732,0.4697496655468203,0.4898956502200282,0.9949435754255815,172.3412352475253,147.86684145710686,0.0015897317366166549,0.0015897317366166549,0.6085724256170745,0.16277368705381046,0.0008712415100260713
73,0.013063097087634278,0.5386109901497265,0.41628331834009646,0.5981042976104439,0.6044112729548733,0.5386106155363662,0.994514140215787,81.02538254044272,51.70479862256484,0.003557075153697621,0.003557075153697621,0.6184434599166376,0.16675730168142103,0.0008694135174242088
74,0.012733489898536569,0.5100710078459758,0.39572112581223756,0.8207032924348657,0.49747632559681987,0.5100706811782004,0.9950499968095259,143.6783468506553,116.93931860273534,0.0018089034340598366,0.0018089034340598366,0.6320222180167382,0.15215333991430022,0.0008675850976709641
75,0.011753318748361934,0.5448450915451516,0.42491044579916365,0.6070671406108076,0.5863592260952011,0.5448447085515833,0.9943932403217662,78.75637542117725,52.68788773363287,0.003470810976895419,0.003470810976895419,0.621094100693881,0.15128610232336956,0.0008657562496658164
76,0.013533447517199848,0.530607017742644,0.41429013095457917,0.6874991969098846,0.5602809707006371,0.530606666978897,0.9949304840781472,125.34010024504228,100.37361314079978,0.002615625208074396,0.002615625208074396,0.6152663970027458,0.14742364378815348,0.0008639269723028191
77,0.012963417981719148,0.4297966850471289,0.3322875894325223,0.880132255229083,0.39217483743925624,0.4297964102280808,0.9948504621332342,230.99770806052467,212.5948237505826,0.001128651879050515,0.001128651879050515,0.5893884249096366,0.1449958998709917,0.0008620972644705603
78,0.012025412244336873,0.5160530522245856,0.39652546235617014,0.7833752550928633,0.4624692124941049,0.5160527021520188,0.9950255914167925,119.75215794823386,93.08912632682107,0.0013159405101429331,0.0013159405101429331,0.6215128270295364,0.16603209772570568,0.0008602671250521225
79,0.0118218859130431,0.5496259740093218,0.43150742378306006,0.7551055469296195,0.5565501547042622,0.5496256046430633,0.9951794364235618,121.36204301227222,93.07991541515698,0.0018986355174671519,0.0018986355174671519,0.650944153227928,0.17582280544394796,0.000858436552925043
80,0.012185718302197498,0.44984645293296455,0.34088279229113716,0.8922382904724642,0.3818195556048208,0.449846138299508,0.9948024749755859,163.2004735253074,143.08192159912804,0.0008274208415638317,0.0008274208415638317,0.6192092897201126,0.1553179393099113,0.0008566055469612726
81,0.011592570459470153,0.5014618779369051,0.3807686837649833,0.4523302262821485,0.6108127894463006,0.5014615018260575,0.9918748898939653,78.11883536252108,51.610350131988525,0.0057956738905473185,0.0057956738905473185,0.5488636768125368,0.10676425424489108,0.0008547741060271343
82,0.01377515542192449,0.4744120472190952,0.3691929932679185,0.7888629689763054,0.4265228389674172,0.47441174391666247,0.9951158436861905,168.79039055650884,148.5110157403079,0.0010417374697598543,0.0010417374697598543,0.5656108424664126,0.13992577452551236,0.0008529422289832824
83,0.011729652704349879,0.4459670432548485,0.356163447509431,0.8485416282307018,0.4548837176337797,0.4459667655033906,0.9949668537486683,188.87728643417358,169.67112225835973,0.0018100305037064986,0.0018100305037064986,0.6067063224459575,0.14613226597959345,0.0008511099146846599
84,0.012524622422910628,0.4704602795903538,0.3684106585989504,0.8826762058518149,0.43070323646710856,0.47045996954425157,0.9951812787489458,205.36390634016558,186.6479347185655,0.0011326182972301137,0.0011326182972301137,0.6159870433621109,0.17027204602279447,0.0008492771619804566
85,0.01127745874022701,0.49628696296887154,0.3856733839537087,0.6613414222016177,0.516656564924519,0.4962866314897102,0.9946718866174872,82.00338812307878,55.30000850287351,0.0027516321702436967,0.0027516321702436967,0.60988969448557,0.1424561661075462,0.0008474439697140658
86,0.011291660925095108,0.5150256187425444,0.4054752706299307,0.6857061863745965,0.5325268598214979,0.5150252629672136,0.994920318776911,107.693960276517,80.31090215119448,0.0024934898723255505,0.0024934898723255505,0.6197990474333479,0.15007383867420934,0.0008456103367230419
87,0.011334417684902919,0.5313167786404359,0.41165271411658727,0.7025095719911201,0.501751564898735,0.531316414504073,0.9950747923417524,121.89980461380698,80.48751017180356,0.0013241334394975142,0.0013241334394975142,0.6304507547042291,0.15969243848865683,0.0008437762618390562
88,0.011853494514154548,0.5586093529275319,0.4326687821504191,0.6696347080236432,0.542039012508858,0.5586089939103326,0.9949043447321112,90.56815715269609,68.62652442672037,0.002164125442504883,0.002164125442504883,0.6368278563869271,0.13919443213804203,0.0008419417438878526
89,0.013184521564057675,0.4376718298357367,0.33482487746884004,0.8269179696180696,0.37091859380969106,0.43767152293066275,0.9947897737676447,152.17820848118174,127.91369387236509,0.0007229718295010654,0.0007229718295010654,0.6121323272924531,0.16476509550755675,0.000840106781689204
90,0.012393578485553634,0.51761223300812,0.40469372473198834,0.826952806927941,0.4978559203196884,0.5176118931179453,0.9951615983789618,151.7402464693243,121.51814100959085,0.0015575885772705078,0.0015575885772705078,0.6409088475074068,0.16660023548386313,0.0008382713740568662
91,0.01280750715623385,0.4572956711149953,0.36053897612776425,0.5281154518074707,0.5306324407353654,0.45729532013212726,0.9931183945048939,110.07595623623241,90.83698998798023,0.004423791711980646,0.004423791711980646,0.5477714379508556,0.1424194056202065,0.0008364355197985339
92,0.013412855694006229,0.4854762362067336,0.3785807260359555,0.7826649539849975,0.46613151079348564,0.48547590669684804,0.9951003248041327,122.64434450322932,96.94059484655207,0.0015407042069868608,0.0015407042069868608,0.6120945182432975,0.16156870787116615,0.0008345992177157936
93,0.011090530427815071,0.5457527069932847,0.42711541815736903,0.7278899474383526,0.5608375636077249,0.5457523386179757,0.9951832511208274,119.06278677420183,102.82702285593206,0.002185453068126332,0.002185453068126332,0.6246841495515334,0.17031814767555756,0.000832762466604078
94,0.011448406946213767,0.5280640966576118,0.4144126875897209,0.8275733725591139,0.5054394749818386,0.5280637486540829,0.9952554269270464,140.554335789247,112.48090228167447,0.0014911564913662996,0.0014911564913662996,0.6323488320393319,0.17249042743986304,0.0008309252652526187
95,0.01108601846967706,0.5378666412738115,0.4174564449600076,0.6453852492297876,0.5435129029300405,0.5378662663097346,0.9949483004483309,78.79141887751493,53.2950082692233,0.002351370724764737,0.002351370724764737,0.6257564513414929,0.15684370781210336,0.0008290876124443998
96,0.010999981940178007,0.5308849483187964,0.40774872565994813,0.47071917910074923,0.6546565441038801,0.5308845833113575,0.9926821535283868,81.22820789163762,49.716070857915014,0.005389408631758256,0.005389408631758256,0.5825206424421843,0.13335889560932462,0.0008272495069561094
97,0.011632007246986887,0.5657522073309768,0.44791181244527417,0.7089713004348035,0.5678909345916051,0.5657518310466724,0.9954206510023638,91.04910982738842,74.36272165992044,0.001816836270419034,0.001816836270419034,0.6530828826018312,0.18075619688765568,0.0008254109475580918
98,0.010782612774028689,0.5361427837225985,0.42226785020954777,0.6066753463066146,0.5742649046836253,0.5361424082776775,0.9946176572279497,80.33927410299128,57.91704779321497,0.0031606284054842863,0.0031606284054842863,0.6170575810300017,0.15964987569234587,0.0008235719330142989
99,0.012589150635611224,0.41913680906837736,0.3107665703120397,0.841116253233613,0.34015349607799905,0.4191365165570513,0.9945249557495117,124.1855809471824,104.04950309883465,0.0006473714655095881,0.0006473714655095881,0.6387705573473464,0.15412996997210113,0.0008217324620822401
100,0.010808607781487891,0.5523551302145644,0.437863673005023,0.656508431633969,0.5526841973149037,0.5523547243198172,0.9952756708318536,84.26655450734225,55.181758403778076,0.002188053998080167,0.002188053998080167,0.6620815392287279,0.17164343730969864,0.0008198925335129345
101,0.010069742850991416,0.5733206640044219,0.44623037606985655,0.752110847579149,0.5491046645873046,0.5733202823935606,0.9952819347381592,66.52962693301114,42.456757458773524,0.0015635707161643288,0.0015635707161643288,0.6709569288333032,0.1679371293972839,0.0008180521460508585
102,0.010534504182294182,0.5759650628880787,0.4452473371040265,0.7682362297098748,0.5369229471505439,0.5759646685669539,0.9952346845106645,58.929562135176226,45.5548801205375,0.0015312975103204901,0.0015312975103204901,0.6755128017711368,0.1822238022630865,0.0008162112984338965
103,0.011330778392074609,0.5918739750353837,0.4617920904724145,0.7136179328710665,0.5623459485237574,0.5918735794380032,0.9953996701674028,74.29944888028231,50.87870862267234,0.0015421130440451882,0.0015421130440451882,0.6688066878440705,0.18336467986757105,0.0008143699893932899
104,0.01018848506219942,0.5775689064831984,0.4552714423646899,0.5772541398808543,0.6320604859516605,0.5775685010025765,0.9946876222437079,52.29613223942843,22.399869149381463,0.0034183588894930754,0.0034183588894930754,0.6531459018164738,0.16977118988606063,0.0008125282176535839
105,0.011587145637945625,0.5672900694663552,0.45255552023753354,0.6923320780181011,0.5668468504032673,0.5672897028348761,0.9953919540752064,75.99438129771839,50.865316737781875,0.0017647959969260476,0.0017647959969260476,0.666002031870779,0.1978946988555518,0.0008106859819325769
106,0.010672199297642827,0.5552482611279074,0.43614900938187673,0.6051669656288238,0.5902269693603474,0.5552478761398937,0.9952118613503196,48.550385063344784,24.907496744936164,0.002402327277443626,0.002402327277443626,0.6589448259804737,0.18627059171822938,0.0008088432809412661
107,0.009920241362040585,0.424750939710629,0.32492275607024174,0.7964720062503741,0.3655643485929939,0.4247506429822483,0.9948102560910311,104.37422500957142,85.29751880602403,0.0007927851243452592,0.0007927851243452592,0.6511130756698549,0.16825240935114297,0.0008070001133837954
108,0.010521793541305795,0.5173587195643696,0.40686660130579005,0.6388551467198046,0.4988490345031519,0.5173583638709687,0.9951149116862904,53.76642816716974,33.21793101050637,0.0019060481678355825,0.0019060481678355825,0.630488932165132,0.17279116944833237,0.0008051564779574008
109,0.010039848612685656,0.5911566654373206,0.4628131349829863,0.6062324226037054,0.6283193061408455,0.5911562264582898,0.9950458786704324,41.8016487901861,32.071019714528866,0.002805883234197443,0.002805883234197443,0.6579902761361816,0.19150543382222002,0.0008033123733523561
110,0.010047415911016622,0.5798708731764551,0.4593029652109247,0.6812205677967521,0.5644940760011773,0.5798704622290816,0.9954585812308572,78.23235875909978,57.18250633369792,0.0018056305972012606,0.0018056305972012606,0.6420950119473591,0.1739804773506793,0.0008014677982519177
111,0.010207571663315696,0.6071295236743514,0.4801773100846143,0.5802171657691955,0.6833194256298486,0.6071291129151382,0.9946555874564431,73.2519507191398,43.32364842024717,0.003441008654507724,0.003441008654507724,0.6759757599952123,0.19085204872218045,0.0007996227513322692
112,0.01065093912478622,0.48505436596583046,0.3813060679273559,0.772182883082563,0.4571765457791942,0.4850540534606625,0.9952674779024991,52.91957061940973,29.864166964184154,0.00135150822726163,0.00135150822726163,0.6716592485000464,0.17339663901789623,0.0007977772312624649
113,0.009820393017685876,0.6057227988304517,0.479865232706962,0.6857193353069871,0.6169129658917716,0.605722416278883,0.9953929727727716,43.484770731492475,20.842035802927885,0.0023046840320933948,0.0023046840320933948,0.703848747589456,0.21067738295956093,0.000795931236704373
114,0.009714176868966341,0.6189575847778971,0.493060532842051,0.6295065118451396,0.6463621021845027,0.6189571597876197,0.9954717376015403,56.46257625926625,24.655817140232433,0.002385182814164595,0.002385182814164595,0.6920134279802865,0.2144475711340254,0.0007940847663126185
115,0.009152248703831828,0.6049967065072533,0.4730345198556527,0.7456894205375151,0.5845043745357543,0.604996300461194,0.9953911954706366,41.6554020318118,16.43003431233493,0.0018543113361705434,0.0018543113361705434,0.6991629041731358,0.20237915065478196,0.0007922378187345249
116,0.010882140418257693,0.5750191184846397,0.4473799587551048,0.8067172047766772,0.5202211800524339,0.5750187185478245,0.995357708497481,100.81661612337285,72.16263042796741,0.0012478394941850142,0.0012478394941850142,0.679543885381215,0.21380398100750012,0.0007903903926100556
117,0.010954537634984001,0.6087838405906285,0.47890309673798126,0.7459406792882443,0.571138717134546,0.6087834503484946,0.9955357638272372,59.544085242531516,22.935603391040456,0.0013101967898282137,0.0013101967898282137,0.6966815855015408,0.20864224061369896,0.0007885424865717544
118,0.009296276227935035,0.6414356433645193,0.5152418801843068,0.7147195271660948,0.6441975831312116,0.6414352390421653,0.9956360080025413,47.64628650925376,26.781069885600697,0.001990600065751509,0.001990600065751509,0.7130416098939762,0.22548549029637466,0.0007866940992446861
119,0.008720301423521563,0.6117708560192768,0.48230118718793924,0.7760685842112501,0.5543067788201204,0.6117704635168157,0.9956629276275635,35.64054608345032,22.294266695326026,0.0011823177337646484,0.0011823177337646484,0.7113621923225847,0.22246033952317454,0.0007848452292463757
120,0.010097082700291327,0.558989834294135,0.4395409353836748,0.7975423556561094,0.5310170236216931,0.5589894692184573,0.9953633871945468,57.229488676244564,45.01952055367556,0.0016216364773837004,0.0016216364773837004,0.684498627500778,0.1944991277361458,0.0007829958751867468
121,0.009358941199359667,0.563061757635892,0.4424418164717452,0.8268832979661904,0.5125219775748252,0.5630613904786627,0.9955286329442804,118.1277413151481,95.2165004123341,0.0011523420160466974,0.0011523420160466974,0.6827957139096477,0.20315452936020764,0.0007811460356680608
122,0.008977560133769595,0.5582681269034427,0.43077603566596,0.7797353608650032,0.48786134520077284,0.5582677516682949,0.9951852668415416,48.93715058673512,24.712984171780672,0.0008921623229980469,0.0008921623229980469,0.67517933241007,0.18639512478627943,0.000779295709284853
123,0.009201965130191168,0.6276733222612392,0.5006108112658756,0.6643625759836993,0.660721104582005,0.6276729108604916,0.9955606243827126,53.87496050921354,25.74910405549136,0.0022546594793146305,0.0022546594793146305,0.6962460210885514,0.2212668193334883,0.0007774448946238706
124,0.008457141777168659,0.5282657992402097,0.41162815894618343,0.7758071320624836,0.4896499047398471,0.5282654593040157,0.9954333738847212,51.88320025530729,28.703402454202827,0.0013191483237526634,0.0013191483237526634,0.6905298601751301,0.21109655330126936,0.0007755935902640081
125,0.008065918002855676,0.6274682178950228,0.4991385281958824,0.7218955866992474,0.6215969880053049,0.6274677796341723,0.9955797412178733,53.48922382701527,40.22010962529616,0.0017703663219105113,0.0017703663219105113,0.6983828441377475,0.22829618575898084,0.000773741794776243
126,0.008261910349334023,0.6172221998091448,0.4878809405490756,0.7193288308652964,0.6093414993533357,0.6172217829999599,0.9954898140647195,31.616025036031548,18.490278141065076,0.001967971975153143,0.001967971975153143,0.6859007507287473,0.2123138283125379,0.0007718895067235705
127,0.00932705258126317,0.6191731373755354,0.49035007679085746,0.6439028929127631,0.6397146211306045,0.6191727342521468,0.9954914396459406,52.6580666845495,20.97720007462935,0.0020246288993141866,0.0020246288993141866,0.6967358277496797,0.21160702525892042,0.0007700367246609375
128,0.009253132002476346,0.4906757157215189,0.37041176306546253,0.7323662331824767,0.42370167674381504,0.49067534758671055,0.9945495778864081,79.79594870047136,54.3747461329807,0.0008432648398659446,0.0008432648398659446,0.625226120125841,0.13942710784348575,0.0007681834471351756
129,0.00955921695661335,0.6240995887859399,0.4987790668935528,0.6298353279780026,0.6688989147886537,0.6240991821134285,0.9951273528012362,33.313317038796164,17.88445969061418,0.0028769969940185547,0.0028769969940185547,0.6882413226306777,0.20103381049226632,0.0007663296726849344
130,0.00928454813493908,0.6234348505325162,0.5045527555701844,0.678226137030824,0.6518138680801546,0.6234344479119808,0.9954707839272239,81.8999526717446,46.490798982706934,0.0022755319421941585,0.0022755319421941585,0.6801923648851119,0.22744602608409795,0.0007644753998406124
131,0.010726749846155102,0.43262205026005335,0.31829594013978335,0.801837230886957,0.35849459202237816,0.43262175793422597,0.9935021833939985,82.51643501628529,41.158636299046606,0.0003316185691139915,0.0003316185691139915,0.6600677938285199,0.17454867776144634,0.0007626206271242884
132,0.009237803236431518,0.6454897303158886,0.5212201853011103,0.6497605010964378,0.6908200007333117,0.6454893111423039,0.9954779581590132,54.24022436141968,22.765034903179515,0.00268764929337935,0.00268764929337935,0.6983967469211414,0.2269566495987502,0.0007607653530496521
133,0.009331197890014142,0.6069127831777389,0.47961862326007,0.7088085480711677,0.5806393200023607,0.6069123712791638,0.9956416433507745,47.549308798529886,25.78913572701541,0.0015048547224564986,0.0015048547224564986,0.6856112121181055,0.22213433632119137,0.0007589095761219332
134,0.008403356150916681,0.6234226403978841,0.5012817910183155,0.7583726701692463,0.6006444555198217,0.6234222464116551,0.995900652625344,46.925867795944214,22.36679855259982,0.0014306415211070669,0.0014306415211070669,0.7205102107148956,0.25782028009945696,0.0007570532948378305
135,0.00794648174624676,0.6463614476493688,0.5217035895285832,0.63272798032056,0.7124961466617109,0.6463610504505951,0.99560546875,44.97688174247742,24.44433798573234,0.0024862722917036576,0.0024862722917036576,0.7203043879814107,0.2416816084561023,0.0007551965076854392
136,0.007564114365892635,0.6335239647781815,0.5055548076158051,0.6902350059456446,0.6301478797315874,0.6335235307395289,0.9955456907098944,49.37163591384888,19.78355506333438,0.0019187277013605292,0.0019187277013605292,0.7034528168680315,0.2295761238783598,0.0007533392131441786
137,0.008448447170399729,0.5802817089654906,0.4554715339266164,0.8301721839907795,0.524073728800894,0.5802813214901015,0.9956057938662443,63.28782783855092,43.309111486781724,0.0010662729089910333,0.0010662729089910333,0.7049463033591482,0.24052996357733553,0.0007514814096847186
138,0.007768259963138436,0.6392823196243679,0.5140453915423813,0.780565260989952,0.5898853242147278,0.6392819289312404,0.9959080002524636,42.31577574123036,21.815907619216226,0.0011381235989657316,0.0011381235989657316,0.7318669294684448,0.28094493225216866,0.000749623095768904
139,0.007437424409074773,0.6520852624828316,0.5293331208097137,0.6530310068460214,0.6826542582620855,0.6520848383459269,0.99566312269731,43.376505396582864,19.380556225776672,0.002160787582397461,0.002160787582397461,0.7242059555507943,0.25723894888704474,0.0007477642698496805
140,0.008147750542921967,0.4950232443841818,0.3853622624415363,0.7114236520356889,0.45326852168326875,0.4950229050603371,0.995076222853227,56.06412402066317,27.571676005016673,0.0011889067563143644,0.0011889067563143644,0.6124626061328772,0.18426006761464206,0.0007459049303710179
141,0.008448369459827142,0.6629824248904531,0.5396443778140978,0.7424451454796575,0.6611351442353969,0.6629820018160072,0.99604962088845,34.46575897390192,20.115592560984872,0.0016978870738636363,0.0016978870738636363,0.7345598554238677,0.2655703801323067,0.0007440450757678328
142,0.007965317131796231,0.5728160163078213,0.4497329984143471,0.7843755279139927,0.5136837787168174,0.5728156523521143,0.9956909959966486,63.697910113768145,31.932547417553987,0.0010416074232621627,0.0010416074232621627,0.6844075399038213,0.21147057820450177,0.000742184704465911
143,0.00774112592408455,0.6533767107281495,0.5301523424938999,0.7061170590194789,0.6488393239295956,0.6533762789331377,0.9957123019478538,30.938065810637042,19.499925607984718,0.0018910061229359019,0.0018910061229359019,0.7161932242610916,0.259509246119044,0.0007403238148818282
144,0.007905494700046792,0.6509356807834508,0.527014954786252,0.7716500832382635,0.6164884204218237,0.6509352700654635,0.9959947195920077,40.38501811027527,21.46244168281555,0.0013460029255260122,0.0013460029255260122,0.739166063171896,0.28777256269346585,0.000738462405422871
145,0.007530101275890423,0.6652414038015361,0.5420681153932079,0.7400449192659422,0.6638707191768017,0.6652409548617222,0.9961700656197288,48.00656394525008,21.816720268943094,0.001598986712369052,0.001598986712369052,0.7353274992413141,0.272858854721893,0.0007366004744869555
146,0.010042927322919941,0.6198976357316603,0.5062010741133757,0.6121600500845218,0.6642307701947918,0.6198972144435206,0.9956371567466042,58.5021356235851,29.282749474048615,0.0023825385353781962,0.0023825385353781962,0.6833129430411976,0.26668840020217677,0.0007347380204625457
147,0.008562818753008527,0.6366286432609205,0.5119356863015998,0.7126688366006206,0.6406863814985791,0.6366282381465903,0.9959349198774858,40.35370622981679,23.906400778076865,0.0016292875463312323,0.0016292875463312323,0.7106225884053856,0.2319715510715138,0.0007328750417285716
148,0.007791789221823558,0.6601617278277196,0.5361229839565401,0.7115801503373818,0.6623898018469018,0.6601612996098332,0.9959858330813322,34.14582265507091,19.662582202391192,0.001595063643022017,0.001595063643022017,0.7375833854841237,0.28578396378593013,0.0007310115366543449
149,0.007851542020484206,0.6211583833159322,0.4982501640441694,0.7136624516126197,0.589711275053692,0.6211579772663677,0.9959763180125843,29.929753303527832,20.026568618687715,0.001414212313565341,0.001414212313565341,0.7044486383013215,0.2431445876983079,0.0007291475035994755
150,0.007410090705031936,0.6607861034682263,0.5399440358376034,0.6332356066937563,0.7255094754620492,0.6607856556188443,0.9956144419583407,36.1105101108551,19.876787239854988,0.002779765562577681,0.002779765562577681,0.731624642770674,0.269878896122629,0.0007272829409137847
151,0.007515427101157263,0.6311083077170355,0.5176114482755242,0.7933177505574537,0.5869988218990989,0.6311079272805946,0.9960614334453236,45.65763759613037,24.442163201895628,0.0009238503196022727,0.0009238503196022727,0.7188871635378085,0.28664168681610713,0.0007254178469372199
152,0.00742143555410506,0.6557665740390394,0.535254344944927,0.6712598855394124,0.6731287990446698,0.6557661534555475,0.9959244511344216,49.222032655369155,28.373621035705913,0.002055536616932262,0.002055536616932262,0.7314303562214429,0.2836539455774156,0.0007235522199997669
153,0.006962237232659097,0.6456860408864238,0.5219741223633967,0.6645457026633349,0.7144491796974431,0.6456856208599426,0.9957345832477916,47.02218077399514,26.65891089222648,0.002467567270452326,0.002467567270452326,0.7167560872621834,0.26460925388065254,0.0007216860584213608
154,0.009877237171502035,0.6407250422743909,0.518661090741971,0.7401930712958602,0.6422597890020214,0.6407246404399025,0.9959526712244208,46.406556909734554,22.022476835684344,0.0017686973918568003,0.0017686973918568003,0.7276376085355878,0.2652059387076985,0.0007198193605117973
155,0.007021675410883865,0.6367039627745922,0.5125171109072023,0.6258231668617877,0.6781557248231943,0.636703528210791,0.9953996918418191,50.132633859461,16.95307195186615,0.0025058659640225496,0.0025058659640225496,0.699186743575741,0.24926483021541077,0.0007179521245706413
156,0.007213326814001019,0.6337536910723689,0.5143288842069288,0.7066200593732791,0.6596628076739512,0.6337533142764518,0.9958398125388406,50.17025091431358,22.93075097690929,0.0017174373973499644,0.0017174373973499644,0.7254415829242631,0.25684401426802983,0.0007160843488871357
157,0.007160501432840595,0.6395116199802776,0.5145682599236765,0.6187014582630416,0.7138432531659915,0.6395111682994122,0.9953322410583496,64.22687792778015,20.574001214720987,0.002887769178910689,0.002887769178910689,0.7071736088943329,0.2500138662078164,0.0007142160317401089
158,0.00683106863924741,0.6656731256199154,0.5466935738222674,0.7234275280921296,0.69664946236563,0.6656726952430538,0.9962221492420543,46.13797350363298,21.79621713811701,0.0018011006441983309,0.0018011006441983309,0.7375178870491006,0.304796221412041,0.0007123471713978799
159,0.00732131954416333,0.6383776701246959,0.5169905197320822,0.7514629883830253,0.6242385886466422,0.6383772585542431,0.996043248610063,57.82423231818459,20.38775292309848,0.0012683218175714667,0.0012683218175714667,0.7276352461617948,0.28255479562688957,0.0007104777661181647
160,0.006532899181668957,0.6566942036473636,0.5357152865515957,0.65835203371246,0.6819889305735976,0.6566937712494223,0.9960878762331876,61.69075666774403,31.90605512532321,0.0018239888277920809,0.0018239888277920809,0.7161124969187024,0.2602195438336242,0.0007086078141479791
161,0.00652388599567415,0.6458789531475166,0.523213708061562,0.7029569152396439,0.6673911490058261,0.64587854009903,0.9959367188540372,42.984330437400125,22.20556628704071,0.0019076304002241654,0.0019076304002241654,0.7122720338361845,0.26998162354257976,0.0007067373137235415
162,0.006931221880682412,0.6615690142280182,0.5439676860372634,0.7244553663843918,0.6707314254720006,0.6615686088132153,0.9963226968591864,40.854185039346866,21.966516402634706,0.0013233531605113637,0.0013233531605113637,0.7368010288443078,0.29884705218401825,0.0007048662630701754
163,0.006382183809416775,0.6635248800849095,0.5418619991982248,0.6677910473984784,0.6949626795042428,0.6635244547986212,0.9960589842362837,40.87217031825673,19.856991020115938,0.0018742301247336648,0.0018742301247336648,0.7290327959609303,0.2867274667051705,0.0007029946604022085
164,0.007730038744269003,0.6592242275883458,0.5384135651497608,0.6420017343530736,0.7169700117299963,0.6592238057743753,0.9960976080460981,63.077355818314985,24.699564240195535,0.002094312147660689,0.002094312147660689,0.7355751117098738,0.28599563325670635,0.0007011225039228726
165,0.0067243106394267544,0.654321784927862,0.5336904724844106,0.7145311342017008,0.6363778128038656,0.6543213578205116,0.9961540265516802,45.77502393722534,19.46580151536248,0.001464865424416282,0.001464865424416282,0.7321048893288455,0.28119758652015164,0.0006992497918242011
166,0.006486359157401469,0.6609810559153644,0.543835172360941,0.7455502954798366,0.6564037459229107,0.6609806525955617,0.9961987842213024,47.71398039297624,22.162841840223834,0.001401641152121804,0.001401641152121804,0.7456672027791765,0.30241653086109593,0.0006973765222869263
167,0.006611508729428738,0.665795424574154,0.5481695722047046,0.7487554471024157,0.6599235575480799,0.6657950239773271,0.9962643926793878,46.43100079623136,22.16983826593919,0.0014160763133655894,0.0014160763133655894,0.7487810415385122,0.32088279046795587,0.0006955026934803739
168,0.006363709301998218,0.6444642743428668,0.5215615640134642,0.6271941955601641,0.6958002043129949,0.6444638488317133,0.9953194531527433,61.27120874144814,35.350745006041095,0.0028020035136829724,0.0028020035136829724,0.7115666130002037,0.2508776133710688,0.000693628303562358
169,0.009819349967847824,0.5867277841608233,0.467235251115595,0.6562704841269104,0.5992906784219402,0.5867273850090289,0.9956329952586781,56.49817124280062,30.714909661899913,0.0019191395152698863,0.0019191395152698863,0.6733265481472533,0.21558186259459367,0.0006917533506790733
170,0.007638033923703706,0.6665143737230789,0.543312179940668,0.712259952486916,0.6570972274904224,0.6665139164436947,0.996091755953702,33.900770057331435,18.464615578001197,0.0015012350949374113,0.0015012350949374113,0.7249841234562072,0.2773697076534683,0.000689877832964987
171,0.006847819554935284,0.6723397719589147,0.5542779684765264,0.7770109768025577,0.6508481505496259,0.6723393364386125,0.9963628595525568,31.137657620690085,21.51997856660323,0.001245260238647461,0.001245260238647461,0.7518625019795515,0.3329461860385808,0.0006880017485427283
172,0.006351965519026907,0.6757580620499186,0.5594611466701424,0.6604560446266995,0.7156758304350659,0.6757576118482681,0.9960583990270441,45.892199689691715,19.228700280189514,0.0021025917746803975,0.0021025917746803975,0.7373177346784029,0.29881120117550547,0.0006861250955229781
173,0.006276942616938774,0.6672110651825919,0.5493458512514136,0.6928652332799872,0.7206032570323434,0.6672106503475488,0.9962118105454878,39.38547023859891,23.518084688620135,0.0020884600552645597,0.0020884600552645597,0.728315822018141,0.2983688293871554,0.0006842478720043559
174,0.006158073623423818,0.6613119365745255,0.5412874136876705,0.7648984589853274,0.6283196727278508,0.6613115352165584,0.996352650902488,46.605880455537275,25.215324981646106,0.001127481460571289,0.001127481460571289,0.7345295200886374,0.29414892636916856,0.0006823700760733055
175,0.006729959656789513,0.6691500821903081,0.5495761423446648,0.7087121697633404,0.6612599139190437,0.6691496787946444,0.9963020194660533,44.75116786089811,22.612253546714783,0.0012508955868807707,0.0012508955868807707,0.7433851310475306,0.30136536925353785,0.00068049170580398
176,0.0060478318690044015,0.6685129196637056,0.551304803436241,0.7575759989294139,0.6601197254230183,0.6685124925358898,0.9962525367736816,31.018239173022184,21.11068425395272,0.0014498884027654474,0.0014498884027654474,0.7425199107012965,0.31056192093952134,0.000678612759258125
177,0.005872491494907687,0.6832286924440722,0.5690668183611168,0.7406566842981182,0.6927235058089453,0.6832282949586822,0.9964071620594371,31.092140306125987,21.154862122102216,0.0015981197357177734,0.0015981197357177734,0.7499287723648277,0.3344047572463751,0.0006767332344849599
178,0.005967232260863757,0.6643086821249606,0.5462386781250554,0.653247121063888,0.7057608245960595,0.6643082529986271,0.995906266299161,44.82457600940358,20.741646360267293,0.0022795417092063212,0.0022795417092063212,0.718576699463566,0.29394934834404424,0.0006748531295210577
179,0.006188030288442327,0.6772448368702831,0.5620740214187044,0.7714455709499404,0.6553626940335643,0.6772444310863314,0.9964816787026145,42.46466135978699,21.771674519235436,0.0011745366183194246,0.0011745366183194246,0.758023715197024,0.33816789886490867,0.0006729724423902248
180,0.006117155103028977,0.6650582376337869,0.5448239771288909,0.7489794527346376,0.6515967339789229,0.6650578291584606,0.9962806051427667,42.162486639889806,21.69164353067225,0.0012851628390225496,0.0012851628390225496,0.7345797190950676,0.28155890395018185,0.0006710911711033769
181,0.005747443602966337,0.6839013177986172,0.5687465772392567,0.7469918752216141,0.6983075555498627,0.6839008650700138,0.9964923208410089,40.18479353731329,21.344635009765625,0.0014188289642333984,0.0014188289642333984,0.757753361270509,0.3393840452825481,0.0006692093136584148
182,0.005827758937603098,0.6886767516182055,0.5770904784783549,0.7586175648015966,0.6834115627479728,0.6886763520209357,0.9966476613825018,45.15588326887651,20.20493338324807,0.0012128569863059304,0.0012128569863059304,0.766702120700343,0.3562724586914886,0.0006673268680400988
183,0.0060125154994385335,0.653512107965488,0.5354834317858269,0.7720116083073243,0.6119038886563926,0.6535117058942462,0.9962959723039106,44.225059812719174,18.833084317770872,0.0008416392586447976,0.0008416392586447976,0.7345224324592643,0.2927032277326692,0.0006654438322199202
184,0.005751076465855278,0.6562808304318423,0.5352754267919242,0.7664662875646311,0.6268635526134113,0.6562804319063352,0.9962575002150102,42.092596010728315,21.139319923791017,0.0009682611985640092,0.0009682611985640092,0.7298326165076684,0.29227190092206,0.0006635602041559724
185,0.007516497272420032,0.6339476803812112,0.5111064044914461,0.7765892112114866,0.589493328976757,0.6339472808468005,0.9959739338267933,36.60291554711082,21.734879065643657,0.001246864145452326,0.001246864145452326,0.7295462929813022,0.26983758265321905,0.00066167598179282
186,0.006687921060425839,0.6115185496197028,0.4960793097461942,0.7022625646114213,0.6282681157790244,0.6115181577037664,0.9958141500299628,41.27833164821971,28.304869743910704,0.0017205801877108488,0.0017205801877108488,0.7051178007809953,0.2475289859893647,0.0006597911630613657
187,0.006335651451834188,0.6602865573153726,0.5410688641870034,0.804002532193829,0.6032739235261528,0.6602861615411076,0.996380394155329,34.592340382662684,22.032606981017373,0.00066596811467951,0.00066596811467951,0.7550077647902071,0.3174751339988275,0.0006579057458787157
188,0.006150718810486382,0.6783784307563854,0.56287363693362,0.7516791394992275,0.6737133831065948,0.6783780030570751,0.9963854442943226,47.68742539665916,21.343253433704376,0.0014554370533336294,0.0014554370533336294,0.7499401227317073,0.3236264417117292,0.0006560197281480442
189,0.005611421656794846,0.6705838882590013,0.5572797044723511,0.7286143047341695,0.6860916530718472,0.6705834582472806,0.9964020252227783,31.59519724412398,21.72480926730416,0.0014999996532093394,0.0014999996532093394,0.7498366201127117,0.3191495808688077,0.0006541331077584547
190,0.005569257124142465,0.6881123591976409,0.5762452835703946,0.771822658071125,0.6802182054168291,0.6881119154859334,0.9966149113394998,28.48719221895391,19.107869159091603,0.0013267993927001953,0.0013267993927001953,0.766531218986281,0.3581733720546419,0.0006522458825848401
191,0.005491358019617632,0.6709381735738399,0.5520422334298862,0.7913191695029497,0.6261094173696692,0.6709377481181541,0.9963910579681396,43.45253738490018,21.23028412732211,0.0008808699521151456,0.0008808699521151456,0.7448344377123497,0.3218608278442513,0.000650358050487742
192,0.005866628662741946,0.670803516013369,0.5605957136089734,0.7956305570797381,0.6415727556878653,0.6708031177353659,0.9965250492095947,31.70740853656422,21.445054498585787,0.0009975216605446556,0.0009975216605446556,0.7577779795974493,0.33367851562798023,0.0006484696093132058
193,0.005596185037826091,0.6712720045684603,0.5575895833901572,0.7304980572903588,0.6865963159640985,0.6712715961044066,0.9963609305295077,43.69098650325429,21.594812680374492,0.0015288266268643465,0.0015288266268643465,0.7335628630932082,0.31977789324115624,0.0006465805568926364
194,0.0064993867457940665,0.6252981631088652,0.5078656234189179,0.7370493859394048,0.6147180582061991,0.6252977694942586,0.9961178736253218,69.51676422899419,45.997449457645416,0.0015432184392755682,0.0015432184392755682,0.6940322269643233,0.2634983499619094,0.0006446908910426501
195,0.007187742956689206,0.6484135042066389,0.5305570186359215,0.7037897548553619,0.6843450394014574,0.648413090389857,0.9959161715074019,34.60185553810813,24.086571660908785,0.002180966463955966,0.002180966463955966,0.7261665668338537,0.29744113626127894,0.0006428006095649255
196,0.00585707838127882,0.6589595469218028,0.5462875652714828,0.7478562247862797,0.6525380532853886,0.6589591536167158,0.9961955330588601,47.773561304265804,21.979073085568167,0.001426068219271573,0.001426068219271573,0.7222507801753554,0.29933516562662343,0.0006409097102460521
197,0.0055191910165982945,0.6666987110342961,0.5498159049831123,0.6999909926089387,0.6905288908973239,0.6666983130647248,0.9961683316664263,32.126469352028586,19.06814386627891,0.0017899599942294035,0.0017899599942294035,0.7225134694864127,0.29817021604288707,0.0006390181908573774
198,0.007117978784914032,0.6767151766419741,0.559667553503438,0.7259279366103327,0.6818123840138219,0.6767147715165371,0.9961945793845437,49.04305076599121,18.061497834595766,0.0016740018671209161,0.0016740018671209161,0.7339404819094025,0.2924811787564646,0.0006371260491548504
199,0.005881483312000403,0.6843654657651057,0.5745304710676703,0.7434689164844596,0.6985210637650611,0.6843650496822961,0.9964990832588889,45.169542355970904,21.470856417309154,0.0016013925725763495,0.0016013925725763495,0.7567823172377591,0.3526987775482915,0.0006352332828788649
200,0.0058111969920828,0.6656320746141401,0.5486378858119927,0.7375240908427672,0.6689353154718198,0.6656316568312998,0.9963508736003529,42.13870464671742,25.954193472862244,0.0015321861613880503,0.0015321861613880503,0.7267259818247773,0.30016725171696057,0.0006333398897540993
201,0.005678239904060403,0.6671232299096036,0.5576816564584575,0.8000109889967875,0.6332640396748584,0.6671228252816945,0.9964622801000421,47.62089395523071,21.9668366746469,0.0009103038094260476,0.0009103038094260476,0.7379438916898586,0.31151402386074717,0.0006314458674893553
202,0.005330154364500409,0.6905416607306424,0.5804836136521772,0.7439959818835963,0.7140168391422115,0.6905412436674603,0.996606935154308,36.19818344983187,21.058217281644996,0.0015440637415105646,0.0015440637415105646,0.761863432993943,0.360867155207829,0.0006295512137773931
203,0.005341186685937232,0.6874659911475398,0.5717923943461343,0.7685452311892401,0.6793913665989583,0.6874655576592142,0.9964841279116544,32.91645906188271,19.888424255631186,0.0012988393956964667,0.0012988393956964667,0.7504332656548782,0.3350557651032101,0.0006276559262947659
204,0.005295206587922214,0.6789463600289806,0.5643412178866956,0.7453641395073629,0.668914259005396,0.6789459598117265,0.9965201941403475,30.71565669233149,19.49458201906898,0.0013554096221923828,0.0013554096221923828,0.7456262486309491,0.327982286837968,0.00062576000270165
205,0.005649974915579004,0.6777415214614435,0.5612229120240293,0.7452009864871136,0.6840639494528825,0.6777410939843818,0.9964271025224165,56.51417853615501,27.227790745821867,0.0014211481267755682,0.0014211481267755682,0.737003350249407,0.3110559247434139,0.0006238634406416756
206,0.005254486187671621,0.6777322584001179,0.5620358534771103,0.7107835115483877,0.7234761244194075,0.6777318372941491,0.9960896535353227,37.30565443905917,21.60860442573374,0.002155412327159535,0.002155412327159535,0.7394739800471474,0.30791983160782943,0.0006219662377417515
207,0.005459433593773872,0.6815095307009126,0.5660066482166506,0.7310467855158177,0.6755280905318531,0.6815091130027379,0.9964807683771307,43.48843023993752,18.946452194994148,0.0014224919405850496,0.0014224919405850496,0.7421009024943818,0.32825676030056045,0.0006200683916118909
208,0.005258918653547378,0.6748683954991231,0.5625681240979413,0.7974380469796333,0.6520015522308479,0.6748679856431078,0.9965748570182107,26.468323013999246,17.127389149232343,0.0012651140039617364,0.0012651140039617364,0.7533621107101102,0.35552154447544704,0.0006181698998450326
209,0.005005265462972309,0.6762920605043203,0.5611259923002344,0.7692603892443153,0.6589452670574649,0.6762916513468027,0.9965041333978827,41.74090925129977,20.58108638091521,0.001243569634177468,0.001243569634177468,0.7514849675141952,0.3274384520270608,0.0006162707600168605
210,0.0053113553112362055,0.6747743931852959,0.5576558139767837,0.7543599598787047,0.6779898611236025,0.6747739790007472,0.9962278279391202,40.63425421714783,20.60514887896451,0.0016404932195490057,0.0016404932195490057,0.7360446609726007,0.3002691644836556,0.0006143709696856199
211,0.0051476034779374584,0.6872787938707254,0.5746428399262103,0.7803139855915849,0.6792353752323173,0.687278376892209,0.9966970357027921,35.98699270595204,20.61941558122635,0.0012241276827725496,0.0012241276827725496,0.7623802636834708,0.35898109762506053,0.0006124705263919325
212,0.004906974780378628,0.676213834604079,0.5570991875773127,0.8257141939618371,0.6339667441154068,0.6762134404006329,0.9965476339513605,30.903377532958984,20.931712730364367,0.0009709271517666904,0.0009709271517666904,0.7357609560713172,0.32221561280841177,0.000610569427658607
213,0.005024838775473957,0.6770940101909161,0.5617262282697109,0.7435128995742141,0.6816187523563381,0.6770936024637739,0.996486013585871,36.31202613223683,21.338184036991812,0.0015131560238924894,0.0015131560238924894,0.7347696549682454,0.31680987284264783,0.0006086676709904492
214,0.006116946594489889,0.6943758699982401,0.5825338186593276,0.7814612280277564,0.6694881108869667,0.6943754379809642,0.9966880841688677,46.43685698509216,22.974059549244966,0.0009990171952681108,0.0009990171952681108,0.7582507950507782,0.3432431739162315,0.0006067652538740668
215,0.005153314211812599,0.6919010094028305,0.5812913491522935,0.7161226514726877,0.6926717199490998,0.6919005733163265,0.9965064742348411,38.43801060589877,17.614038927988574,0.0014970952814275568,0.0014970952814275568,0.7472167055715214,0.3350815637545152,0.0006048621737776744
216,0.0051270105622457235,0.6721578697226032,0.5594045688373566,0.7634135140697655,0.6599652360536061,0.6721574824986883,0.9965283220464533,44.53714041276412,21.72160617871718,0.0011312094601717863,0.0011312094601717863,0.7400786400857297,0.322265316139568,0.000602958428150892
217,0.0048541514154111474,0.6678735359107624,0.5598514403598948,0.7721458807606829,0.6531376974745812,0.6678731498297243,0.996548132462935,46.92921497605064,26.593299811536614,0.0009926232424649324,0.0009926232424649324,0.7561450400601395,0.344082427973097,0.0006010540144245451
218,0.004804717664521231,0.6883451779457656,0.5731645139272917,0.7555460062893954,0.7029694867405024,0.6883447387001731,0.9965033531188965,31.05929684638977,20.9534129337831,0.0015715685757723722,0.0015715685757723722,0.7455932132222436,0.32402985492213204,0.0005991489300104574
219,0.004738046302280828,0.6925138560208407,0.5798110078004274,0.7313332958993587,0.6970816797322847,0.6925134214318611,0.9965876015749845,40.53446578979492,19.377994678237222,0.0013914541764692826,0.0013914541764692826,0.7467916211621328,0.3414000772278417,0.0005972431723012443
220,0.005293781848372784,0.6686232738270932,0.5534097414664839,0.7425409483892674,0.6800058589168739,0.668622854096942,0.9964120171286843,67.6121980493719,19.622275509617545,0.0014188072898171165,0.0014188072898171165,0.733905639308928,0.3100024260241877,0.0005953367386701004
221,0.006144163697548532,0.5929408767475395,0.47386409412169356,0.8187324569354462,0.5208868004111525,0.5929404855073842,0.995877439325506,34.82080398906361,24.620683539997447,0.0005680214275013317,0.0005680214275013317,0.7071245420216159,0.2707596446641467,0.0005934296264705859
222,0.005250005283655235,0.673204796219414,0.5592115007298575,0.7772448691116138,0.6563467003447427,0.6732043987563388,0.9965175065127286,41.014981573278256,22.4059715162624,0.001008120450106534,0.001008120450106534,0.744932886551727,0.31695671819827775,0.0005915218330364093
223,0.004813720097152473,0.6798739509858106,0.5673757457195527,0.7409503058403392,0.6926467129960656,0.6798735237204131,0.9964614131233909,41.964112216776066,21.59140178832141,0.0015854835510253906,0.0015854835510253906,0.7476118472828106,0.3402728316458789,0.000589613355681206
224,0.0051014532466237055,0.6671027354896069,0.5512380634688518,0.759423125704581,0.6583596166773614,0.6671023027632724,0.9963604970411821,31.072829246520996,21.598812731829558,0.0011740381067449396,0.0011740381067449396,0.7258095228197899,0.3098132153126327,0.0005877041916983153
225,0.004756744646590374,0.6843120580412109,0.5719900615830821,0.7673302265307442,0.67601580274376,0.6843116232617334,0.9967105171897195,43.74645109610124,21.397558970884845,0.0011805621060458097,0.0011805621060458097,0.7555667454884811,0.3480125174603679,0.0005857943383605531
226,0.004737938161144547,0.683077286469859,0.5712126460077314,0.7422817711572685,0.6911326871342184,0.6830768953507861,0.996697252446955,34.514400547200985,21.731057394634593,0.0013191266493363814,0.0013191266493363814,0.7461396326649595,0.33851973306049,0.0005838837929199803
227,0.004831857456766797,0.6848260554358024,0.5715442353340966,0.7050118994137103,0.6954632867233489,0.6848256171850319,0.9965850656682794,48.67638696323741,19.624970295212485,0.0013621503656560724,0.0013621503656560724,0.7397922762161628,0.32629745216532186,0.0005819725526076705
228,0.004691191184891109,0.6808749314675492,0.5668246266540694,0.7427315913684908,0.6910846088277128,0.6808745076205082,0.9965421069752086,39.8057147806341,20.21009408343922,0.0014319636605002663,0.0014319636605002663,0.7487854650244117,0.3438331750644879,0.0005800606146334708
229,0.004791409092026645,0.6897579780144786,0.5773047703762793,0.7690932818434455,0.680900283030827,0.6897575550246984,0.9966197664087469,47.29661564393477,20.775173664093018,0.0012134205211292613,0.0012134205211292613,0.7443017615428702,0.3393971285020763,0.000578147976185762
230,0.004930476666743942,0.6699453063139861,0.5535333738238974,0.7800248292359439,0.6604798563163389,0.6699448846788569,0.9964155067097057,55.56010623411699,19.61685391989621,0.0011451677842573686,0.0011451677842573686,0.7302348174747418,0.29885197295383975,0.0005762346344312134
231,0.005116994750629789,0.6624157248826866,0.5474953042734838,0.752842760189775,0.6560856929387558,0.6624152996386825,0.9964572299610485,54.00529796426947,20.45821983164007,0.0011560700156471946,0.0011560700156471946,0.7365471039983359,0.3003495034169067,0.0005743205865145341
232,0.004863726907481985,0.6849118817534129,0.5737278891293417,0.7591735135171224,0.6848473382203586,0.6849114389941943,0.9966211102225564,36.50689911842346,21.408111826940015,0.0013257156718860972,0.0013257156718860972,0.738297721540386,0.3386731544001536,0.0005724058295582214
233,0.005190953550607383,0.6779010974188696,0.5625070385275515,0.7698769096925997,0.6575100284073744,0.6779006870427307,0.9965083815834739,45.9595750245181,20.686206167394463,0.0010706511410799894,0.0010706511410799894,0.7410332867875695,0.3160886310718276,0.0005704903606623043
234,0.004690298886204289,0.6814256017202173,0.5682757151768204,0.7079171805896542,0.7302252927011895,0.6814251756083898,0.9963946342468262,44.32513566450639,21.667268585075032,0.001924753189086914,0.001924753189086914,0.740569984328679,0.33880814452740277,0.0005685741769040841
235,0.004607208900089408,0.6759183691306547,0.5598458622751589,0.7766007753935728,0.6664312405681069,0.6759179616346955,0.9964904568412087,37.366644165732644,20.738236156376924,0.0012549270283092153,0.0012549270283092153,0.72777443472296,0.3168072844432159,0.0005666572753378695
236,0.004804209702656251,0.6815060523702116,0.5700636665361625,0.7467692535901341,0.6895950407916632,0.6815056236126406,0.9963792020624335,47.93371738087047,21.64286777648059,0.001595150340687145,0.001595150340687145,0.7489865317263387,0.3317575580017133,0.0005647396529947098
237,0.004874995624948956,0.681373879821463,0.5668228976428509,0.6781023007986898,0.7274010244079612,0.6813734281300143,0.9963148723949086,46.219840895045884,18.566194864836607,0.001934029839255593,0.001934029839255593,0.7309461261611432,0.32620436850596557,0.000562821306882122
238,0.0045358092633167,0.6858340674221595,0.573800236143747,0.7516344917003113,0.6877584774744563,0.6858336524829917,0.9965755939483643,45.04397177696228,21.146176652474836,0.0013348622755570846,0.0013348622755570846,0.7469945862381295,0.3277304050597278,0.0005609022339838143
239,0.00441845103073999,0.6950973724015057,0.5841380481989208,0.787011228163134,0.6823313952508298,0.6950969345952299,0.9967290704900568,42.21526993404735,20.84388446266001,0.0012154145674272017,0.0012154145674272017,0.750523540022021,0.3463625332171267,0.0005589824312594061
240,0.0044643858339953315,0.6836243390359662,0.5692958565513518,0.7799878838387403,0.6802979855036194,0.6836239185861566,0.996601863340898,47.72237012603066,16.92130000482906,0.0013355558568781073,0.0013355558568781073,0.7408172219822352,0.3256522969088771,0.0005570618956441422
241,0.00457063311177049,0.6717944635836958,0.5573232937177516,0.7724515062304654,0.6563688521759197,0.6717940597332323,0.9965656020424583,33.64665415070274,11.40934373031963,0.0012652873992919922,0.0012652873992919922,0.7471191198988394,0.30776969055560505,0.0005551406240486037
242,0.0047276853617205785,0.6906152433349775,0.5793103117436703,0.7760556894198846,0.6675141457297875,0.6906148225661639,0.9967368732799183,29.795536453073677,19.705569738691505,0.0010036338459361684,0.0010036338459361684,0.741663711484183,0.34018315916711633,0.0005532186133584137
243,0.004927215565145872,0.6958367134885974,0.5865548811495458,0.7975981778463315,0.6607905473537863,0.6958363010063858,0.9968051910400391,42.60106576572765,22.073745581236754,0.0009385455738414418,0.0009385455738414418,0.7588498287156902,0.3521395940333605,0.0005512958604339385
244,0.004515487679625572,0.6958557832986116,0.5844152803024785,0.7788861102678559,0.6957676114768467,0.6958553640341217,0.9967422485351562,29.306287852200594,18.001761084253136,0.0011972297321666372,0.0011972297321666372,0.7481589056551456,0.3403551414270293,0.0005493723621099843
245,0.004322334760050664,0.6681281868833767,0.5536666895564237,0.7642997636564804,0.6533838126616842,0.6681278060004682,0.996475566517223,37.30445278774608,23.38525181466883,0.0011150836944580078,0.0011150836944580078,0.7264780932190743,0.3051923985847018,0.0005474481151954883
246,0.0043428251359226375,0.6839682849716734,0.5689816790717569,0.7689735218882561,0.6638831805585969,0.683967869093811,0.9966817985881459,38.49083091995933,18.760305762290955,0.0011366930874911222,0.0011366930874911222,0.7496146896684711,0.3204082121903246,0.0005455231164732059
247,0.004607987542296813,0.6901800208407539,0.5785151628555137,0.7776327785104513,0.6705642412945797,0.6901796052168886,0.9967342940243807,43.460156830874354,21.002879538319327,0.0011414397846568715,0.0011414397846568715,0.7489551232958381,0.3379574133591218,0.0005435973626993919
248,0.004291249629800561,0.6661682846716365,0.5513488124432796,0.700454475922448,0.7084528607780911,0.6661678846022878,0.9962594942613081,45.240044203671545,23.681582895192232,0.0019031004472212358,0.0019031004472212358,0.7204867137003351,0.2996813976629214,0.0005416708506034778
249,0.004365592900243449,0.6844649927836751,0.5734472656493492,0.7510257023238018,0.6899952908976801,0.6844645890822498,0.9966029253872958,31.157793933695014,20.987670865925875,0.001529173417524858,0.001529173417524858,0.7407537169585173,0.327744749290022,0.000539743576887742
250,0.004601702785544932,0.6959219267366318,0.585832870881466,0.7774324696791727,0.6782746790150254,0.6959215163854207,0.996873595497825,31.436567631634798,21.382613518021323,0.0010146661238236861,0.0010146661238236861,0.7586975572630763,0.3463309600271962,0.0005378155382269764
251,0.00480277632729782,0.6805651482642406,0.5665335957048833,0.7502151474960317,0.6766812888677608,0.6805647267455278,0.9965731230649081,33.684032158418134,21.101463561708275,0.0012399933554909446,0.0012399933554909446,0.7372172183187847,0.3156836266544732,0.0005358867312681466
252,0.0040699442906770855,0.6776715700044761,0.5626052141799209,0.7535693960962814,0.6680644478245674,0.6776711674705564,0.9965077963742343,57.252592997117475,22.045794156464662,0.0012635967948219993,0.0012635967948219993,0.7264930774373087,0.3076402780345895,0.0005339571526300471
253,0.0041924148638085084,0.6837658545806665,0.5708503856281326,0.7608074513687328,0.6807450050255284,0.6837654403643683,0.9966875423084606,47.99433946609497,21.873274488882586,0.0011469450863924894,0.0011469450863924894,0.7364817144857212,0.3431912125511603,0.0005320267989029498
254,0.004905615990443541,0.6792703259905631,0.56305817887187,0.7484823086891662,0.6950658603825353,0.679269901053472,0.9964391101490367,31.985462773929942,21.542078776793048,0.0015936331315474076,0.0015936331315474076,0.724692337426611,0.3147347139363939,0.0005300956666482484
255,0.00485972130514585,0.6771621398458426,0.561172329439697,0.7917770309881731,0.6620711394670334,0.67716171533208,0.9963437643918124,38.31260022250089,20.144921416586097,0.001320383765480735,0.001320383765480735,0.7361840134994551,0.31444961205124855,0.000528163752398095
256,0.005007912820317493,0.6745589795437726,0.5586044747297737,0.7119049711830236,0.6807614318941805,0.6745585543950173,0.996216665614735,42.2037839456038,19.092288878830995,0.001735708930275657,0.001735708930275657,0.7254597699978728,0.29957292635332455,0.0005262310526550319
257,0.004625753282459624,0.6873560270125215,0.5734121227128939,0.7322414473376491,0.7035033478486267,0.6873555828563191,0.9965676827864214,34.36012374271046,21.469707548618317,0.0015685124830766158,0.0015685124830766158,0.740471684712578,0.32620208405635576,0.0005242975638916167
258,0.004183202316909601,0.6850912835110318,0.5724968665321781,0.7511916962261735,0.6906052777035669,0.685090840593065,0.9966443451968107,34.933795495466754,24.59006402167407,0.0013208172538063743,0.0013208172538063743,0.7391089820726351,0.33259556764228776,0.0005223632825500419
259,0.004157164709805779,0.6717706531794234,0.5584203862077133,0.7442796596918594,0.6868872761895711,0.6717702207917516,0.9964053197340532,43.900490522384644,22.179833796891298,0.001611969687721946,0.001611969687721946,0.7276979367333379,0.3129892968996005,0.0005204282050417462
260,0.0043876617051321135,0.700312685390765,0.5894648258743639,0.770392445339398,0.7052563218484548,0.7003122533417561,0.9967865943908691,41.44917045940053,25.179184008728374,0.001330700787630948,0.001330700787630948,0.7472251052544876,0.3525971155613661,0.000518492327747022
261,0.004102022562379381,0.6606241304596717,0.5475672467357733,0.7979333343153651,0.6229003104804591,0.6606236980719999,0.9966005195270885,45.17139482498169,20.154214279218152,0.0007832267067649148,0.0007832267067649148,0.7297127057205547,0.31587675789540465,0.000516555647014613
262,0.004681691232983066,0.660951438698579,0.5423935411751948,0.7315848732197826,0.6643194592642513,0.6609510030089454,0.9961104393005371,44.14121861891313,23.779442142356526,0.0017441186037930574,0.0017441186037930574,0.702139022146267,0.27463406121188944,0.0005146181591613082
263,0.004842042821946543,0.6584194968031212,0.5456107658630406,0.765828950330615,0.652581998125904,0.6584190922281281,0.9964478666132147,36.525592132048175,20.579256897622887,0.0011906407096169212,0.0011906407096169212,0.7292721938680519,0.31212520734830335,0.0005126798604715261
264,0.00422766823997325,0.6721906988796863,0.5555913811126216,0.7411618855866519,0.6927590614438734,0.6721902675080028,0.9963827349922874,51.384794105183,35.71965855360031,0.0017021786082874644,0.0017021786082874644,0.7332858754406598,0.3134428040886467,0.000510740747196894
265,0.004425568407101707,0.6679444512860342,0.5606254791756246,0.772562791000713,0.6711325344460254,0.6679440423507582,0.9965034181421454,31.51887960867448,21.450500455769625,0.0013381351124156606,0.0013381351124156606,0.747703346339139,0.3300740280273286,0.000508800815555818
266,0.004101302071297863,0.6825346274470742,0.5681101787327365,0.776685256510973,0.6688646642829884,0.6825341854921796,0.9965949708765204,39.05601809241555,13.774636729197068,0.0012906247919256036,0.0012906247919256036,0.7406148785217241,0.3148272587833079,0.0005068600617330473
267,0.003826311572345145,0.6796140507794917,0.5660748784430325,0.7650324020704086,0.6732486336999997,0.6796136293983595,0.9965438409285112,42.9285239089619,21.24825629862872,0.0013464364138516512,0.0013464364138516512,0.7293212230909955,0.3140601497143507,0.0005049184818792296
268,0.004128645789065537,0.6796378235713664,0.5670259425374256,0.7847410080298274,0.6487892498579723,0.6796373985496096,0.9966928091916171,49.50917142087763,27.429809846661307,0.0009761723605069247,0.0009761723605069247,0.7349134570791979,0.32442113604735245,0.0005029760721104597
269,0.004925749210129631,0.687581465410238,0.5745471017011865,0.7280240290882912,0.7253992068157955,0.6875810375098478,0.9965044801885431,36.648113532499835,21.51678772948005,0.0018464435230601919,0.0018464435230601919,0.7490550698712468,0.3444515273652293,0.0005010328285078191
270,0.004217934769969006,0.6623732998744923,0.549102579621831,0.7300205502013507,0.6729615227721463,0.6623728752284396,0.9963068095120516,46.09251995520158,22.675490233031187,0.001582058993252841,0.001582058993252841,0.7234164541587234,0.2985788969831033,0.0004990887471169086
271,0.004176683539602284,0.6670156035318293,0.5500636311798272,0.6844006219286133,0.694486065196212,0.6670151733031328,0.9963117079301314,43.229916074059226,26.141045608303763,0.0016314983367919922,0.0016314983367919922,0.7090273411436514,0.29150018671696837,0.0004971438239473716
272,0.004802082144406399,0.6847317594335667,0.5714515667281027,0.7395390042243034,0.6990914359243199,0.6847313527358062,0.9964567097750577,46.54726639660922,27.94968911192634,0.001622395081953569,0.001622395081953569,0.7357680104164914,0.3244269879704172,0.0004951980549724098
273,0.004169627081572035,0.6738213616507974,0.563456943152811,0.7710588744164191,0.6629370007219471,0.6738209474662488,0.9964939030733976,39.36721543832259,21.894607408480212,0.001268148422241211,0.001268148422241211,0.7296654430048709,0.32014672102575953,0.0004932514361282894
274,0.00404120836592274,0.6612752511758696,0.5471911520104517,0.7577821012078361,0.6477535428394648,0.6612748240798034,0.9964304187081077,39.454654173417524,27.247136316516183,0.0013352524150501597,0.0013352524150501597,0.7114841937172142,0.2915163678540425,0.0004913039633138389
275,0.0038940938764677286,0.6920968592801894,0.5803431852678345,0.7440726059827615,0.7027003130113537,0.6920964202674275,0.9966487667777322,34.93079365383495,21.008373081684113,0.0015140880237926137,0.0015140880237926137,0.7350774667733773,0.31698767840862274,0.0004893556323899376
276,0.003843937625161147,0.6757858662273396,0.5631156932901252,0.7188719907055863,0.7085028442723508,0.6757854503494772,0.9964234828948975,52.284906062212855,29.28771742365577,0.0017941865054043856,0.0017941865054043856,0.731796523640779,0.3192430876872756,0.00048740643917899543
277,0.003907508998420143,0.6693561602891847,0.5544255861419846,0.7318585764362731,0.6849103319162334,0.6693557329602878,0.9963392994620583,45.498012434352525,21.290909534150902,0.0016323219646107066,0.0016323219646107066,0.7164263977584514,0.2938284186477011,0.00048545637946442196
278,0.003811211184726964,0.68590367695486,0.5729098581412638,0.7969194853847678,0.6741085453593935,0.6859032695435665,0.9966424161737616,36.75882556221702,20.420352518558502,0.0012595653533935547,0.0012595653533935547,0.7393763908185065,0.32518563250249083,0.0004835054489900874
279,0.003948293156632832,0.6765128890560432,0.5614530625753105,0.7644920318641446,0.6725488863462075,0.6765124534087424,0.9965276501395486,30.95946281606501,21.49414052204652,0.0013686743649569426,0.0013686743649569426,0.7452881918712095,0.32743669843131845,0.0004815536434597723
280,0.0037110883736883923,0.6852334496480498,0.5729880217378113,0.7452370548112826,0.6917876653711904,0.6852330133657564,0.9966655211015181,42.708607110110194,25.33290342309258,0.0013359026475386186,0.0013359026475386186,0.733361526180736,0.3097890332679857,0.0004796009585366077
281,0.003690026954569768,0.6768347375010225,0.5622536319371482,0.7482449232854627,0.7163592621641741,0.6768343246922913,0.9963927052237771,38.85997548970309,22.69252998720516,0.0019137642600319602,0.0019137642600319602,0.716969948346642,0.3082222195172852,0.0004776473898425048
282,0.0040646480659328015,0.6443022450601513,0.5297209239903499,0.7529965076934207,0.6427108018913053,0.6443018298596144,0.9961546334353361,43.36738243970004,23.547760437835347,0.0015372579747980292,0.0015372579747980292,0.709874704818834,0.2745134898207404,0.00047569293295757415
283,0.003867615511421457,0.6592387332242321,0.5497564834923568,0.7654904731633988,0.648843167794191,0.6592383037786931,0.9965231852097944,45.40682461045005,28.00018668716604,0.0011524937369606712,0.0011524937369606712,0.7053147891155359,0.2955436703156341,0.0004737375834195338
284,0.0038066256668247366,0.6815184725194492,0.5711377708939835,0.7715987781147388,0.6695921459150586,0.6815180468415334,0.9967772310430353,40.59897075999867,26.762168548323892,0.0011097951368852096,0.0011097951368852096,0.7495709587079049,0.33310575173659757,0.0004717813367231056
285,0.0037541401939835913,0.6725337352087609,0.5608421707496611,0.7300616611603009,0.6985010239887256,0.6725333155007702,0.9964859485626221,45.57991675897078,27.768885336138986,0.0014780868183482778,0.0014780868183482778,0.7110657109455629,0.3148277811706066,0.00046982418831940226
286,0.003519819695308494,0.672812788493254,0.5603716833178293,0.786555443297733,0.6680521252988414,0.6728123775260015,0.9964031522924249,42.58541664210233,22.465413667938925,0.0012950463728471236,0.0012950463728471236,0.7152497915720398,0.3039900680834597,0.0004678661336153
287,0.0035741574312600404,0.6674687500450421,0.5541892488148402,0.7114421101710335,0.7027663861994039,0.6674683158370581,0.9963899525729093,43.19636624509638,27.541773237965323,0.0016926418651234019,0.0016926418651234019,0.7040176222693514,0.2941405598751523,0.00046590716797280114
288,0.004703403382639711,0.6694323334165595,0.554041466633366,0.7613599903204225,0.6770219581878998,0.669431921348653,0.9963517405770042,48.05378530242226,21.540233687921003,0.0017273642800071023,0.0017273642800071023,0.731768075927076,0.30081694945693016,0.00046394728670838385
289,0.003902190843605083,0.6710236337543889,0.5547117295844312,0.7353198390284722,0.6781425942582163,0.6710231931541454,0.9964175441048362,54.19721445170316,20.085353347388182,0.0014596202156760476,0.0014596202156760476,0.7117838690226729,0.287342936985872,0.0004619864850923394
290,0.0037725532575290993,0.6874668914824724,0.5743178313132375,0.7070245502347295,0.6981744883920659,0.6874664313667878,0.996479099447077,30.936494653875176,19.19026778502898,0.0016552751714533026,0.0016552751714533026,0.715717561553571,0.3094666437669234,0.0004600247583480966
291,0.003465949413206043,0.6877144126814198,0.5753544349519705,0.7466987400654365,0.695448211775246,0.6877139738168229,0.9966379512440074,46.98006718808954,21.18251619013873,0.00149093974720348,0.00149093974720348,0.727540530285544,0.31221288527277385,0.00045806210165153324
292,0.0035811283922722115,0.6783713758923113,0.563123234611174,0.754359518262473,0.6876280183734541,0.6783709655177187,0.9963821497830477,36.85150798884305,20.718076039444316,0.0016538663343949752,0.0016538663343949752,0.7235494916835292,0.304160592908209,0.0004560985101302735
293,0.0034118338390026004,0.6815898858264766,0.5654721497769721,0.785760560496287,0.6591066327157684,0.6815894620323723,0.996593562039462,42.24074396220121,21.22855773297223,0.0010074485432017934,0.0010074485432017934,0.7200529629533942,0.300610214471817,0.00045413397886297295
294,0.0036903211651918553,0.6865147934295237,0.5742305649698458,0.800431331450289,0.6729322226125408,0.6865143843672492,0.9967155673287131,30.451293685219504,20.420248568058014,0.0013168725100430574,0.0013168725100430574,0.7443791184659031,0.3263266184790568,0.0004521685028785876
295,0.00361230561891758,0.6804027293216098,0.5634321849793196,0.7407437013462186,0.6907802298665047,0.6804022899913517,0.9963466687635942,45.64992091872475,23.458946363492444,0.0016423138705166903,0.0016423138705166903,0.7127908659167588,0.2896136992018331,0.0004502020771556299
296,0.004154770552607563,0.66508808452636,0.55138512624597,0.7788719409568743,0.6335080671547488,0.6650876485827294,0.9965392676266757,52.08254521543329,21.996862362731587,0.001028906215320934,0.001028906215320934,0.7181493319486353,0.29007951728999615,0.0004482346966214095
297,0.004172143252230592,0.6855966027148745,0.5693893770856614,0.7736559732055123,0.6730785559100861,0.6855961774814535,0.9966132857582786,43.82079068097201,21.326203514229167,0.0011425668543035333,0.0011425668543035333,0.7363088080998171,0.31194774129173974,0.0004462663561512584
298,0.0034028825640475013,0.6842929979108952,0.5707682920619845,0.7589457866481759,0.6848589342341505,0.6842925675552,0.996531529860063,41.49006039446051,21.14446004412391,0.0014555020765824752,0.0014555020765824752,0.7285290813412179,0.30512148853052745,0.0004442970505677413
299,0.0036460403058592274,0.6887420086721863,0.577698253283791,0.772923452175286,0.6744510144777377,0.6887415870392047,0.9966471628709273,48.17757025631991,22.341551851142537,0.0011749917810613458,0.0011749917810613458,0.7260261107849973,0.3158330422910777,0.00044232677463984944
300,0.0033858422644572846,0.6724074182354591,0.557778033322062,0.7924000060355122,0.6416086675810881,0.6724069942720234,0.9964901533993807,31.291983344338156,21.51195488734679,0.000936768271706321,0.000936768271706321,0.7127127242274582,0.29191175915978174,0.0004403555230821779
301,0.003314389839859401,0.6929714073088359,0.5804063001097265,0.7420773656869476,0.708383358316496,0.6929709717462008,0.9966069785031405,45.46795747496865,21.152650719339196,0.001545580950650302,0.001545580950650302,0.7194374345073645,0.3058362862264568,0.00043838329055408696
302,0.003691293062185922,0.6820186866785992,0.5670635941099714,0.7354721791026267,0.6964817476374182,0.6820182493803176,0.9965462034398859,47.998440915888004,21.25104619698091,0.0016200108961625533,0.0016200108961625533,0.7222727652723816,0.32189145565710287,0.00043641007165884534
303,0.0036855677765628174,0.6842930897731673,0.5696164218243212,0.8148603391918269,0.6473354671616107,0.6842926954850554,0.9966211969202216,30.69941694086248,20.667533733628012,0.0009775595231489701,0.0009775595231489701,0.7236396334218708,0.30741636929186905,0.0004344358609427563
304,0.0034443739100477135,0.6797820306383073,0.5635679627303034,0.7618328324011103,0.6766465702094138,0.6797816179777411,0.9965056506070223,31.249350807883523,21.466493221846495,0.0012710961428555574,0.0012710961428555574,0.7127051212909546,0.2929693738167936,0.0004324606528942658
305,0.003457781271647726,0.6840676106512547,0.5701529758305035,0.6895643422718752,0.712814581072466,0.6840671857141636,0.996294996955178,45.28474252874201,21.395110623403028,0.0018923716111616654,0.0018923716111616654,0.7114361937327142,0.29678052105009556,0.0004304844419430511
306,0.0040551004809228405,0.6603758885757998,0.5422268397841518,0.7363033414479684,0.6687306911599907,0.6603754715972834,0.996310992674394,34.77279916676608,21.913943008943036,0.0017007914456454191,0.0017007914456454191,0.7046091152693738,0.2787568728354844,0.00042850722245909174
307,0.004160499383545555,0.6900081466460093,0.5791197275658223,0.7935980815779079,0.670340639539063,0.690007712522691,0.9966809749603271,41.05714273452759,16.626432554288343,0.0012068098241632636,0.0012068098241632636,0.7599679767154157,0.344173765656623,0.00042652898875171984
308,0.0034311443392318493,0.6864486548901451,0.5735177622144957,0.8046447866680947,0.6480295579478313,0.6864482299848036,0.9967012838883833,43.77077395265753,18.347641505978324,0.0009548880837180398,0.0009548880837180398,0.727222693618387,0.31405450065027585,0.00042454973506865094
309,0.0033468251023240836,0.6819362664722245,0.568003710814413,0.7659031980755654,0.6747974806719206,0.6819358412599699,0.9965987638993696,31.54104356332259,21.3436702652411,0.0012634667483243074,0.0012634667483243074,0.7246391734700989,0.3034429411319169,0.00042256945559499383
310,0.003251881753636428,0.6860193548385393,0.5699466397901151,0.7639748833396218,0.6869964624585753,0.6860189354047179,0.9964708631688898,60.21277921850031,26.984396744858135,0.001525358720259233,0.001525358720259233,0.7226671616292812,0.30229765617034654,0.0004205881444522394
311,0.00311618236923221,0.6705316196788441,0.5532882419330153,0.7403928026218306,0.676684801466763,0.6705311701040376,0.9963783134113658,43.440129258415915,27.408708772876047,0.001485044305974787,0.001485044305974787,0.6957440533336591,0.2714809147133069,0.0004186057956972281
312,0.003371602058445435,0.6820626218898476,0.56735987479227,0.7368454702875831,0.6924876067046584,0.682062182739504,0.9963212229988792,42.00446319580078,20.131863176822662,0.0017446387897838247,0.0017446387897838247,0.7056308301081035,0.2892401453784921,0.0004166224033210947
313,0.00367369335853955,0.6698021168439564,0.5516335037219423,0.7271431979977272,0.6841300370658494,0.6698016839906235,0.9962557012384589,67.87308684262362,21.594446393576536,0.0017784508791836824,0.0017784508791836824,0.72105220396241,0.2760577823289416,0.0004146379612481899
314,0.003517408539131605,0.6739913348362527,0.5595149561148983,0.7464998372491788,0.6765685231657699,0.6739909087561748,0.9964798797260631,54.590990196574815,27.39225699142976,0.0012754527005282316,0.0012754527005282316,0.6962222872217271,0.2952780799770897,0.00041265246333497955
315,0.0035934476817465633,0.6812787100207061,0.5668894685540263,0.7431327700720761,0.68864052539522,0.6812782789241861,0.9963645284826105,51.22032172029669,26.508853375911713,0.0016554485667835581,0.0016554485667835581,0.7118850861337375,0.2941604019566016,0.00041066590336891814
316,0.0032507999789775296,0.6801105094226924,0.5640788417394188,0.7762753317894583,0.6611348427832127,0.6801100878722288,0.9964183677326549,37.032951008189805,21.2486941001632,0.0013054284182461824,0.0013054284182461824,0.7153738050890918,0.29770356315103447,0.0004086782750672989
317,0.003168755432560066,0.6777263854799623,0.5606794029008597,0.7261060823009096,0.6959572281603786,0.6777259519069709,0.9962968176061456,46.14977643706582,20.96562614766034,0.0017857334830544212,0.0017857334830544212,0.7002126099118455,0.28861290656707506,0.0004066895720760775
318,0.0031660430187870608,0.6791054437529634,0.5647687863304534,0.770789603956721,0.6679209383119914,0.6791050255467946,0.9964371594515714,37.50872425599532,21.22606107863513,0.0012534314935857599,0.0012534314935857599,0.7077871901406483,0.29059807854619896,0.00040469978796866976
319,0.0031755162799736248,0.6833410377360203,0.568016545783559,0.7129337946799669,0.7095548791641538,0.6833405953577973,0.996296925978227,37.10786030509255,20.643251012672078,0.0017881826920942826,0.0017881826920942826,0.7025309978052974,0.28698653473772784,0.0004027089162447227
320,0.0036228928298839293,0.6610294214280491,0.5400899138343944,0.6733692732470279,0.7020114145495675,0.6610289983959361,0.9959423758766868,60.85112253102389,25.888352616266772,0.0020813941955566406,0.0020813941955566406,0.6698718677190217,0.23868191411549394,0.00040071695032885756
321,0.0034822751664230064,0.6816777875025537,0.566380177943378,0.7637575092940228,0.6724797099340827,0.6816773872654387,0.9965594465082342,43.91085711392489,28.23679719729857,0.0011336153203790839,0.0011336153203790839,0.7152088836512782,0.29895568706772546,0.0003987238835693844
322,0.003208715772562682,0.6785176895580001,0.5637433410421099,0.7480238661148839,0.6804770343534817,0.6785172584720633,0.9964725754477761,39.902701746333726,21.416793926195666,0.0014461604031649504,0.0014461604031649504,0.7104773605454036,0.29417470368472015,0.00039672970923698735
323,0.003195490958717727,0.6905546577393331,0.577994849554009,0.7549340081909164,0.6965127488682893,0.6905542214147069,0.9965946240858599,38.84872687946666,22.51190699772401,0.0014128901741721413,0.0014128901741721413,0.7239434015725486,0.30600718154825945,0.0003947344205233804
324,0.0030710047708714552,0.6693092141808434,0.5494118500924245,0.7533815232190219,0.6651400308209386,0.669308802366934,0.9963901259682395,61.303421844135634,26.904119822111998,0.0014572793787175958,0.0014572793787175958,0.6869143612513487,0.25780829380859027,0.00039273801053993075
325,0.003203330322833807,0.684219565094364,0.5735314320561222,0.7179153646257791,0.710733880839226,0.6842191306323829,0.9964812885631215,43.942101218483664,25.85805901072242,0.0016717477278275924,0.0016717477278275924,0.708482317414812,0.31086702340028505,0.000390740472316252
326,0.0032115307447216847,0.6762705401503021,0.5612847469722054,0.7006851516543744,0.687927143749759,0.6762701260055182,0.9963983839208429,49.6136298829859,26.164568906480614,0.001621268012306907,0.001621268012306907,0.6973947817036374,0.2771459760313684,0.0003887417987987635
327,0.003153176571613167,0.6864272748333917,0.574444865827153,0.7559338259870355,0.6852753761667878,0.6864268728322004,0.9965660572052002,32.5584276155992,22.191562777215783,0.0013660084117542613,0.0013660084117542613,0.7129877538060431,0.30108365924520925,0.00038674198284921577
328,0.0036581074553019978,0.6565360015124262,0.5364066740268767,0.7032821433503046,0.6645487326958253,0.6565355906936771,0.9959809129888361,70.92219686508179,31.66958717324517,0.0018803856589577415,0.0018803856589577415,0.6845739106224342,0.256676021116701,0.0003847410172431821
329,0.0032712596665329203,0.6818358655497305,0.5681933826054743,0.7265629393765853,0.7004991877907668,0.6818354705523156,0.9963993592695757,38.291481733322144,26.29679796370593,0.0017484968358820136,0.0017484968358820136,0.7036626392298124,0.2937542741948908,0.00038273889466851373
330,0.0030981414888158506,0.6796526302818705,0.5638062336992461,0.7583366033630519,0.6611960550028274,0.679652224781909,0.9965453798120673,32.04693100669167,19.063564836978912,0.0010867985812100496,0.0010867985812100496,0.7056700437626039,0.28190755082125013,0.00038073560772375803
331,0.0031694882195081628,0.6742239967579016,0.55916630615437,0.768408783522431,0.666329976103416,0.6742235858694445,0.9963678663427179,42.75813479857011,22.237962955778297,0.0014650604941628196,0.0014650604941628196,0.698796828083604,0.2805170840160413,0.0003787311489165393
332,0.003085334990682059,0.6763027579819952,0.55980160667307,0.7700196788646281,0.6602345419073985,0.6763023421252993,0.9964222691275857,46.952420473098755,21.279103544625368,0.0012912750244140625,0.0012912750244140625,0.6960076425563205,0.27390623499046673,0.0003767255106619003
333,0.003346870290369716,0.6724314694716171,0.5537665238265287,0.7539465688169003,0.6661699425259774,0.6724310264160688,0.9963364601135254,46.55492856285789,26.987125759774987,0.0014408718455921519,0.0014408718455921519,0.6938137572089379,0.2685358571735295,0.0003747186852806031
334,0.0034340806974462053,0.6878352677449584,0.5726043700917878,0.800260803238912,0.6608959932134233,0.6878348483958028,0.9966392950578169,54.1610810323195,19.29634020545266,0.001142740249633789,0.001142740249633789,0.7170238547789102,0.3079348101534627,0.00037271066499738924
335,0.003499648305781496,0.6834488155489619,0.5698480153117668,0.7997362667440691,0.6515023407780312,0.6834483790126714,0.9966870437968861,42.73568829623136,27.187055186791852,0.0009139884601939808,0.0009139884601939808,0.724046404346485,0.31638942777433177,0.00037070144193919653
336,0.0032543194351113006,0.6806821663101966,0.5655274699145759,0.7023202163929289,0.6901747178370979,0.6806817171163857,0.9964112585241144,45.73255838047374,25.070956528186798,0.0016367652199485085,0.0016367652199485085,0.7057672143987888,0.29384665428237483,0.00036869100813333194
337,0.0033668772024423653,0.6693344581872225,0.5516812846022234,0.7066236805509437,0.6834909763208337,0.6693340336205438,0.9963204427198931,58.719359918074176,34.706630408763885,0.001604318618774414,0.001604318618774414,0.7003266622037203,0.27513155121017585,0.00036667935550559937
338,0.003207125110904975,0.6750654774484091,0.5575140956692941,0.7575710006058216,0.6729908858340184,0.6750650529514729,0.9964355988935991,62.86250166459517,37.58423591743816,0.0014655590057373047,0.0014655590057373047,0.697084235958755,0.27005452950569714,0.00036466647587838003
339,0.0029536307195265747,0.6756042656423066,0.5590174019017052,0.7595673446075488,0.6673079130979545,0.6756038697966308,0.9964209686626088,43.30105850913308,27.307234850796785,0.0013608715750954368,0.0013608715750954368,0.6943899879274382,0.2750152926892042,0.0003626523609686652
340,0.0028585628760261356,0.6814865813251924,0.5664579370376569,0.7775384174046022,0.6631473562129858,0.6814861488316886,0.9964785142378374,42.81772611357949,21.35285464741967,0.0011984868483109908,0.0011984868483109908,0.7006482980849053,0.2935685224153779,0.00036063700238603866
341,0.0028650789212531827,0.680080781521445,0.5635129292283885,0.7519190528176047,0.6785863076590679,0.6800803621722893,0.9964390017769553,41.401208964261144,25.602565109729767,0.0013697147369384766,0.0013697147369384766,0.6989264890805564,0.2848331084982915,0.0003586203916306077
342,0.002919497724084569,0.6641920341857476,0.5442252518631708,0.7531324529269441,0.6554247597929888,0.6641916230539306,0.9961423873901367,48.377083865079015,21.989825292067096,0.001406517895785245,0.001406517895785245,0.6835617533334616,0.2562440058047121,0.0003566025200908819
343,0.002992226477262789,0.6794272399380464,0.5647640182022852,0.7092672851550478,0.7026498772584918,0.6794268059946428,0.9962811686775901,43.464817177165635,27.109161870046094,0.0018122846429998224,0.0018122846429998224,0.7021765773057599,0.2855036167258566,0.0003545833790415959
344,0.0032208990225375727,0.6646462582390417,0.5433750033844262,0.7250909602100198,0.650420454267243,0.6646458286665041,0.9961243759502064,48.331708973104305,21.848894650285896,0.001647429032759233,0.001647429032759233,0.6925469520713456,0.2648746660825881,0.0003525629596414768
345,0.0037057010082918724,0.6697593166228265,0.5526429901037078,0.7336513036315666,0.6642622969980049,0.669758909911879,0.9963545582511208,39.88812593980269,23.085854438218202,0.0014453801241787996,0.0014453801241787996,0.7027996743140235,0.28417218781330367,0.0003505412529309526
346,0.0029615602170347355,0.6725803511066318,0.5560675567521246,0.6759624504249662,0.6971588935977138,0.6725799246504794,0.996130726554177,48.27310982617465,19.408206392418254,0.0019280043515292082,0.0019280043515292082,0.6945930084012534,0.27181450311433186,0.0003485182498298004
347,0.0037431305594843992,0.6664568999082647,0.5496617326660033,0.8099456554786726,0.6493226861516642,0.6664564945775239,0.9963082400235262,65.55257478627291,39.60406294735995,0.0013927979902787642,0.0013927979902787642,0.6916001867714592,0.26839978857473895,0.0003464939411347329
348,0.002920682446016855,0.6813274064752123,0.5655496568434891,0.7635703825603284,0.6673395416592453,0.6813269967905847,0.9965209093960848,41.79929109053178,22.217633707956836,0.0012391263788396661,0.0012391263788396661,0.7008559534707192,0.2770665643567389,0.0003444683175169201
349,0.0028763178551312663,0.6723381765376053,0.5548602774060709,0.7424820034357021,0.6701961557168126,0.6723377529793182,0.9961438829248602,57.231130296533756,22.474599832838233,0.0016384558244185014,0.0016384558244185014,0.6925862628003497,0.2794345116073435,0.00034244136951944463
350,0.0029547810286882966,0.6679001340790737,0.5507441970932466,0.7760809269966558,0.6453156801342795,0.6678996991620145,0.9963549267161976,56.069068605249576,21.275608507069673,0.0012754527005282316,0.0012754527005282316,0.6910884050567719,0.273856664753773,0.0003404130875546888
351,0.002815230341257538,0.6637302040207115,0.5443150100340559,0.783170919526707,0.6479721982243725,0.6637297945774414,0.9962112036618319,50.19730260155418,21.17552538351579,0.0014498667283491654,0.0014498667283491654,0.6878803581930697,0.25809062204577704,0.0003383834619016499
352,0.002892567090196374,0.6641345437968084,0.5463056689056925,0.7543996322896419,0.6533053376859005,0.664134134136713,0.9964090260592374,61.03918489542875,31.010446884415366,0.0012537566098299894,0.0012537566098299894,0.6797428351975131,0.2674164582382549,0.00033635248270318287
353,0.002966280728872951,0.6723088570932894,0.5562809317604505,0.792199279774319,0.675712199824417,0.6723084563768285,0.9964669184251265,69.36339993910356,45.76396990364248,0.0014110261743718927,0.0014110261743718927,0.6910048851489343,0.27740124917843123,0.0003343201399631669
354,0.002822176053860471,0.663727506339042,0.5472118694292889,0.7784051116217267,0.6541239699475806,0.663727099605074,0.9963066577911377,44.65151752125133,21.435807634483684,0.0014574527740478516,0.0014574527740478516,0.6891453786837783,0.27598687481473794,0.0003322864235435932
355,0.0029722649945968485,0.6682366414461285,0.5503717178415338,0.7448946196924556,0.6795902419623665,0.6682362283410673,0.9961691119454124,36.97611275586215,26.876661371101033,0.0017564513466574929,0.0017564513466574929,0.6878218129277229,0.2717715942046859,0.00033025132316157177
356,0.002680256794341947,0.6779235816499789,0.5619939758720108,0.7574713229138773,0.6699652175100471,0.6779231718454528,0.9964723803780295,40.77523452585394,27.315598471598193,0.0013674172488125887,0.0013674172488125887,0.690364217421368,0.26883181336928497,0.00032821482838625376
357,0.0026822342940782807,0.6714442829955988,0.5530481228874767,0.7422739196131942,0.6759838889923405,0.6714438798224848,0.9962170340798118,47.39003270322626,28.543250506574456,0.0016585913571444426,0.0016585913571444426,0.684003795878115,0.26197066852314904,0.0003261769286356675
358,0.0026463515393840066,0.6785005359590898,0.5624526429009198,0.7511945882341517,0.6767990896117401,0.6785001230682979,0.9964051463387229,49.856638063084,27.33986586332321,0.0014349980787797408,0.0014349980787797408,0.6879924477596598,0.276355078951879,0.0003241376131734635
359,0.0027766958855550156,0.6749353629561018,0.5585814888401511,0.7593066104997015,0.6659105854298363,0.6749349633578046,0.9964975660497492,47.895358540795065,27.494590304114602,0.0012346614490855825,0.0012346614490855825,0.6830778624015775,0.26931999335912143,0.00032209687110556687
360,0.0027614094021906756,0.6831618976743788,0.5674930279488657,0.7721840401571293,0.6661892160200719,0.6831614941531817,0.9965465285561301,43.64117973501032,27.281608055938374,0.001234834844415838,0.001234834844415838,0.7016619799700989,0.29611054909500206,0.00032005469137673224
361,0.002876236730545556,0.6735358640372678,0.5571539286853163,0.7222231745453526,0.6875470488987306,0.673535448799478,0.9962742545387961,35.89715935967185,18.852467450228605,0.0017796212976629083,0.0017796212976629083,0.6913110117893666,0.2787988055497408,0.0003180110627669995
362,0.0027593210998229445,0.6826466105624356,0.5661321616287089,0.7275340085722167,0.6917310141196306,0.6826461550610309,0.9964203834533691,44.62948673421686,24.16863405162638,0.001566301692615856,0.001566301692615856,0.6943197239783,0.2797245896336707,0.00031596597388804456
363,0.0030495668818301723,0.6718277631958309,0.5544081937813833,0.7315378101971806,0.6740610906493377,0.6718273619193592,0.9962399439378218,50.78555609963157,19.938663683154367,0.0016306313601407137,0.0016306313601407137,0.6781326556070284,0.26211293905296107,0.0003139194131794234
364,0.0028308391353267983,0.6722052028237745,0.5576344732940354,0.753559605696895,0.6774947094497137,0.6722048136661841,0.9962108785455878,42.849805333397605,22.662790780717675,0.0016883503306995738,0.0016883503306995738,0.6886339088272176,0.2719225411049344,0.00031187136890470395
365,0.002679019670962923,0.6814195662313565,0.565881626659327,0.7101595412770455,0.702861044682901,0.6814191364259883,0.9962579120289196,40.00456636602228,25.39822929013859,0.0018536177548495207,0.0018536177548495207,0.6905050888784569,0.29098019071600656,0.00030982182914748223
366,0.002698066777512217,0.6775809517024424,0.5615288901132193,0.7631030199541287,0.6669585796983235,0.6775805300567299,0.99643874168396,36.69547854770314,21.00084441358393,0.0013213591142134233,0.0013213591142134233,0.693475182284601,0.2774158472364599,0.0003077707818072785
367,0.0028180277219909274,0.6856329017742113,0.5687976084988225,0.738315318457105,0.6900295951319012,0.6856324599886482,0.9964386333118785,41.79974991625006,19.94446284120733,0.0015303438360040839,0.0015303438360040839,0.6945421583103862,0.2820123942060904,0.0003057182145953083
368,0.0027081616120493233,0.6818812123330479,0.5684053716249764,0.7509242697957564,0.6936727778943763,0.6818807926452295,0.996360106901689,42.89411358399825,21.654674232006073,0.001650723544034091,0.001650723544034091,0.7020296534438702,0.29931696064092894,0.00030366411503012506
369,0.0027462731308876484,0.6747981180881404,0.5594483650268309,0.743570427886549,0.6732089384353127,0.674797692738304,0.996490478515625,52.73995484005321,25.698185709389772,0.0013373548334295099,0.0013373548334295099,0.6849035658894784,0.28286643292416225,0.00030160847043312673
370,0.0025792101091349326,0.6769531834447249,0.5603015462296422,0.7559541221073066,0.6799083285414699,0.6769527602644468,0.9963608438318426,55.84978114474904,21.58372027765621,0.0014974420720880682,0.0014974420720880682,0.6849565130700781,0.29003770734098827,0.00029955126792392453
371,0.0025908568703058316,0.6783430466047403,0.5617671075742692,0.7541577890515327,0.6781725415917621,0.6783426134974103,0.9964203184301202,56.524657249450684,27.314772286198355,0.001452272588556463,0.001452272588556463,0.6874466518956152,0.2744833476502787,0.00029749249441556524
372,0.0026493177571248307,0.6767439005287226,0.561222741907838,0.7620921699063139,0.6678767598254218,0.6767434910455449,0.9964035641063343,48.76074049689553,22.758441697467457,0.0012892159548672762,0.0012892159548672762,0.6839187232967974,0.278276248073036,0.00029543213660960366
373,0.0026299340902003407,0.6666083038446643,0.5486044291026616,0.7514422679843474,0.6649709785715882,0.6666078875694785,0.9961927370591597,54.79031018777327,27.642978223887358,0.0015737576918168502,0.0015737576918168502,0.6781874189407311,0.26055601476268336,0.00029337018099101795
374,0.0029210083408417694,0.6714646031638857,0.5552684796617531,0.7495317804861433,0.6770337441659907,0.6714641992850655,0.9962301471016624,53.171645641326904,21.626804194667123,0.0015358708121559837,0.0015358708121559837,0.6823218656195835,0.26344763267446647,0.00029130661382296226
375,0.0028265086591415024,0.6647142084798936,0.5482250831065436,0.6989840902209934,0.6729771982813882,0.6647137926516479,0.9962805184451017,41.719039700248025,25.594241754575208,0.0016008507121693003,0.0016008507121693003,0.67156768521421,0.26569739458235825,0.0002892414211413496
376,0.0026555143976811557,0.6630800471281294,0.5448970094122078,0.7345702619588171,0.6714814897012812,0.6630796279483051,0.9962432167746804,56.83203356916254,27.512161281975832,0.0015386017886075106,0.0015386017886075106,0.6634868509559468,0.2536576840687882,0.0002871745887492587
377,0.0028268310290576635,0.6690327823162079,0.550619552906772,0.7956933040510524,0.6398670846511695,0.6690323556011374,0.9964085708964955,54.08932107145136,26.831645250320435,0.0010677901181307707,0.0010677901181307707,0.6799967406232926,0.2559231245382266,0.0002851061022111573
378,0.0026297014698067724,0.6709904395975173,0.5528347683562473,0.7275338003581221,0.672774098125625,0.6709900240371511,0.9961550669236616,56.66332190687006,19.200363977388903,0.0016837336800315163,0.0016837336800315163,0.677923305933787,0.26410602642731235,0.00028303594684693387
379,0.00276842881137928,0.6720498849807138,0.5564105554314499,0.7583016566932201,0.6735250096217814,0.6720494587101381,0.996332667090676,43.22210634838451,26.77328442443501,0.0014806660738858309,0.0014806660738858309,0.6836749904958362,0.2828467738899318,0.00028096410772573076
380,0.0026095475860665306,0.6698422432792458,0.553382768406829,0.7515248110814189,0.6689111044820906,0.6698418303964321,0.9962282180786133,39.261632442474365,21.651271158998664,0.0015970360149036753,0.0015970360149036753,0.6748442190424115,0.26090284233743494,0.0002788905696595702
381,0.002516651127003026,0.6773819982666861,0.5609985498330471,0.7614229019223289,0.6734604157761417,0.6773815684613179,0.99639892578125,47.1200094873255,27.23018452796069,0.0014154260808771307,0.0014154260808771307,0.6798771456603638,0.26666443930430844,0.0002768153171967635
382,0.0026953519417652755,0.6700562575662677,0.5527208247222006,0.7548848573457111,0.6761433837765997,0.6700558473610065,0.9962107051502574,42.67885223301974,21.1322286399928,0.0015882795507257636,0.0015882795507257636,0.6801029186357151,0.2655617310242219,0.0002747383346150956
383,0.0026111755467919185,0.6721225064671175,0.5547661243895576,0.7334629192271016,0.6703833027065478,0.6721220746721056,0.9963008490475741,59.29220995036039,24.894900013100017,0.0014654939824884589,0.0014654939824884589,0.6720689698969099,0.2581267585469918,0.00027265960591477443
384,0.002533890614212469,0.6742501531050287,0.5565516916421157,0.754285172813318,0.6728838091631505,0.6742497297130864,0.996282924305309,38.68944495374506,21.30773916569623,0.0015633106231689453,0.0015633106231689453,0.6771084885642101,0.26183194176039915,0.0002705791148111353
385,0.0025461051862649404,0.6701619932004674,0.5508828744059429,0.7496983067725193,0.6699904029003598,0.6701615665700625,0.9961903528733687,58.29560043595054,21.49181652610952,0.0016064643859863281,0.0016064643859863281,0.6676093519411304,0.24367600222202865,0.000268496844727089
386,0.0026286029709829553,0.6722183536251329,0.558203283988405,0.7525841804348271,0.6764043964318592,0.6722179125380617,0.9964286847548052,44.87424830956893,27.526881938630883,0.0013860355723987925,0.0013860355723987925,0.6754586295626889,0.2796363388611512,0.0002664127787853039
387,0.0025347057868286313,0.6815118219449439,0.5665689053289085,0.7570863359671255,0.6793236764867536,0.6815113956955346,0.9964969158172607,46.62187649986961,27.284985634413633,0.001365054737437855,0.001365054737437855,0.6825930759183724,0.27548648535527964,0.000264326899800108
388,0.002567991732931482,0.6760776447640224,0.5599405095827851,0.7452049534344538,0.6864637699274515,0.6760772140484981,0.9962263324043967,42.19347203861583,27.61116351322694,0.0017099813981489701,0.0017099813981489701,0.6812809050315991,0.264957331628962,0.00026223919026910044
389,0.0026306736166923487,0.6693972466499591,0.550923180223151,0.7447791723770059,0.671555688314626,0.6693968429149798,0.9962342002175071,60.103364424272016,27.47676175290888,0.0016640316356312144,0.0016640316356312144,0.6765787490241398,0.26401408118280495,0.0002601496323644581
390,0.0025107520088003465,0.6743357377550141,0.5558511812282219,0.7704956192861904,0.6584848372096365,0.6743353064256635,0.9964228976856578,48.43343665383079,27.398982113057915,0.0012117949399081144,0.0012117949399081144,0.6722209719433025,0.2540363853966648,0.0002580582079239239
391,0.0034420689487302592,0.6638886982956055,0.5455899032425474,0.7477489020675421,0.6666063565591519,0.6638882714958693,0.9962736043063077,63.05290603637695,32.96748321706598,0.001579826528375799,0.001579826528375799,0.6813523561524396,0.2662196308374405,0.00025596489844146203
392,0.0026426962869517483,0.6744187159929425,0.5563140825199132,0.7609626064288684,0.6630990745457397,0.6744183001574129,0.9963330789045854,50.81229691071944,25.476949214935303,0.0014266317540949042,0.0014266317540949042,0.6825827948579734,0.265951344743371,0.0002538696850575648
393,0.0025697070202019452,0.6682136831489465,0.5496409253367296,0.7328026560142014,0.6814281416442026,0.6682132861836054,0.9960794015364214,60.962715517390855,27.495992162010886,0.0018912228670987215,0.0018912228670987215,0.6770094831564083,0.25199794125827873,0.00025177254854919455
394,0.002455174129947367,0.6669731729844883,0.5473884841946844,0.727233779107397,0.6821117020613211,0.6669727462262529,0.9961079250682484,62.55268866365606,36.62832767313177,0.0018285621296275747,0.0018285621296275747,0.6698833920156837,0.24692803773690353,0.00024967346931934365
395,0.002407662751120997,0.6696075194737535,0.5522335277319971,0.7373634975678711,0.6777695733948018,0.6696070969337597,0.9962553761222146,65.33503270149231,27.419208336960185,0.0016181902451948686,0.0016181902451948686,0.6713332240893082,0.26059101996096695,0.00024757242738619403
396,0.0024783949413866705,0.6697714655297663,0.5515226463678825,0.7531277200203351,0.6640916148432396,0.6697710621261413,0.9963533878326416,50.63301428881559,27.463582017204978,0.0014394196597012606,0.0014394196597012606,0.6717975545391461,0.2565689823505553,0.00024546940237185757
397,0.0026645064750357114,0.6749942197083411,0.5580008053697053,0.7329649327280507,0.6769765559054742,0.674993781235323,0.9964071187106046,48.5277869051153,25.586300920356404,0.00144085017117587,0.00144085017117587,0.6778302847418342,0.27491035583344375,0.0002433643734906761
398,0.0025644810512680666,0.6698403355412177,0.5531779053029003,0.7222749731073669,0.6718425944044291,0.6698399407130492,0.9963869615034624,58.70556831359863,25.49513386596333,0.0015088644894686613,0.0015088644894686613,0.6717838713613508,0.25776885873214767,0.00024125731953706037
399,0.002442783108145004,0.6834713472902342,0.567923605251777,0.7633848258840423,0.6782120274950277,0.6834709413183486,0.9965123696760698,51.397626183249734,27.313117005608298,0.0013510964133522727,0.0013510964133522727,0.6869804431811314,0.27949325858869334,0.00023914821887284436
400,0.002361463855442875,0.6758086858105592,0.5593014349525963,0.7507804069583389,0.6784326382701031,0.6758082785262641,0.9963524341583252,56.43966702981429,26.43877299265428,0.0015821673653342507,0.0015821673653342507,0.6824563641884279,0.2705557102506811,0.00023703704941413096
401,0.0024170328194915115,0.6730805148412897,0.558193173751616,0.708533776818182,0.6803156143710525,0.6730800953228027,0.9964118003845215,48.53319478034973,25.389625641432676,0.0014849142594770951,0.0014849142594770951,0.6750748382024043,0.2711741192774339,0.00023492378861760376
402,0.0024309982855947442,0.6698826288552293,0.5516814201521787,0.7487686852961385,0.6731822732686777,0.6698822185654328,0.9961206696250222,44.05452684922652,27.49307643283497,0.0017417994412508879,0.0017417994412508879,0.6720455639932136,0.2525210334834727,0.00023280841346627672
403,0.0025365810509136847,0.6751952076439867,0.558012768091028,0.7779868142580242,0.6529544032749247,0.6751948100199017,0.9964016567577015,39.39107398553328,20.891052278605375,0.0013007033954967153,0.0013007033954967153,0.6766155074160038,0.2593507600778883,0.0002306909004546538
404,0.002466013050409323,0.6620613563890484,0.5428336789746854,0.7371085170995105,0.6682489898733117,0.6620609372092242,0.9960527203299783,48.319790146567605,27.531093564900484,0.001726410605690696,0.001726410605690696,0.6586769375399771,0.2531332519244064,0.00022857122557326718
405,0.0024179686728969282,0.6793581742200662,0.5633600309110162,0.766039596193216,0.670805455989797,0.6793577460233461,0.9964935562827371,42.91988860477101,27.190699821168725,0.001265417445789684,0.001265417445789684,0.6818718991073017,0.2784392461180687,0.00022644936429256138
406,0.0024234737219735875,0.6740532606756844,0.5579002394172977,0.7551134444530276,0.6733877193245141,0.6740528602964099,0.9963724396445535,39.88439950076017,28.5285024209456,0.0015043562108820136,0.0015043562108820136,0.6801304962877608,0.29188817502422765,0.0002243252915460891
407,0.0024018237835944406,0.6683603777792037,0.5508169274976716,0.7181808805941412,0.6613562357124061,0.6683599450204182,0.9962631572376598,46.83991456031799,22.616246553984556,0.0014885772358287465,0.0014885772358287465,0.6649148638124726,0.2544893253255974,0.00022219898171298088
408,0.002335441253956236,0.6736308872566164,0.557536612556251,0.7425029630647395,0.6787560738854908,0.6736304879360406,0.9962548125873912,51.63551018454812,24.681894426996056,0.0016630346124822443,0.0016630346124822443,0.6761013361147806,0.27009109289131383,0.00022007040859965013
409,0.002396452612472409,0.6811379746914926,0.565519076062959,0.7570931557777592,0.6838543754155663,0.6811375508127226,0.9963644417849454,56.53171489455483,21.365384324030444,0.0015807151794433594,0.0015807151794433594,0.6814488911768422,0.2813953604887832,0.0002179395454206905
410,0.002364681503767597,0.6748829360752467,0.5589372652580301,0.7609504800599631,0.6657246374375899,0.674882520879454,0.9964295517314564,46.41021360050548,27.45732639052651,0.0013805519450794566,0.0013805519450794566,0.6775479334530907,0.27117049490863626,0.00021580636477892232
411,0.0023060195424310305,0.67303860924122,0.5561040913241662,0.7518570444292643,0.6746256003918295,0.6730381901248951,0.9962923526763916,56.968616637316615,27.447629885240033,0.0015750581567937677,0.0015750581567937677,0.6775136692661115,0.2715194145725532,0.0002136708386445385
412,0.0022626370027655973,0.6728626181456175,0.5550065479262478,0.7502694601743397,0.6744875256818804,0.6728621930391951,0.9962860670956698,60.60943904790011,27.387469681826506,0.0015376697887073863,0.0015376697887073863,0.6686558234082027,0.25231668911874294,0.00021153293833330034
413,0.002327487690507397,0.6743172492417789,0.5583449998117673,0.7426563976169415,0.6836846501163243,0.6743168478876705,0.9962715669111772,53.474516825242475,27.397288100285962,0.0016496614976362748,0.0016496614976362748,0.6736607094935607,0.2611349020153284,0.0002093926344837281
414,0.0023329223837501413,0.670163817018165,0.5526159530296205,0.7473652871363291,0.6723245755535416,0.6701634117742974,0.996133414181796,64.74230061877857,27.39671295339411,0.0016891739585182884,0.0016891739585182884,0.6655265793617052,0.2606249385598031,0.0002072498970332279
415,0.0023148007479820124,0.6701639471736538,0.5537290802830885,0.7524589071500022,0.6678843721704001,0.6701635327408328,0.9963627078316428,48.15196583487771,27.443857182155956,0.0014749223535711114,0.0014749223535711114,0.6676741471932143,0.2646310195665468,0.00020510469519309334
416,0.0023916757776971972,0.6612628037190799,0.5415760512883239,0.7416936684041556,0.6593153998212332,0.6612623974863574,0.9961373589255593,50.23736251484264,29.705549521879718,0.0016481442884965377,0.0016481442884965377,0.656377723251353,0.23946944624185562,0.00020295699742231397
417,0.0024981229915952675,0.6775650594446977,0.5632746320810508,0.7773343057329343,0.6578714409631423,0.6775646342324432,0.9965389641848478,53.90656373717568,27.335710698908027,0.0011413530869917436,0.0011413530869917436,0.6776290241396055,0.2744836397469044,0.0002008067714001198
418,0.0023274505321918613,0.6766965547576547,0.5605511571047828,0.7818826838311824,0.6534864027264782,0.6766961242961274,0.9965400479056619,46.48979347402399,27.234149932861328,0.0011333118785511363,0.0011333118785511363,0.6765132007527758,0.2686984437433156,0.0001986539839971847
419,0.0022754415147302233,0.6692919341466305,0.5530003525094468,0.7488336972998116,0.6690684894988821,0.6692915159298785,0.9963965849442915,48.24543705853549,27.3947731256485,0.0014131502671675248,0.0014131502671675248,0.670176895853894,0.26467241448434914,0.00019649860124540636
420,0.0022842269287118152,0.6584026342765852,0.5401794301684607,0.7465981498191302,0.6571858907753433,0.6584022117947991,0.9962796731428667,58.50654591213573,27.556546232917093,0.0014448599381880326,0.0014448599381880326,0.6531332373957742,0.2525606052103368,0.00019434058830617405
421,0.0022675040159267426,0.66115237645072,0.5428013185169072,0.7462335168625227,0.6606115448689717,0.6611519742929063,0.9961977221749045,38.920997793024235,27.463773077184502,0.0015564398332075639,0.0015564398332075639,0.6567102995746112,0.2530359293926846,0.00019217990943702903
422,0.0023177678806535983,0.6703125875458248,0.5527188754147553,0.7517240949792975,0.6683187784096855,0.6703121891378193,0.9963610605760054,54.04883269830184,27.411341873082247,0.0014814246784556997,0.0014814246784556997,0.6678907779972757,0.25834591314196587,0.00019001652795661513
423,0.0023056782056823715,0.6670787318538565,0.5490184569363934,0.7721034370382589,0.64439962096925,0.667078333293281,0.9963970617814497,38.934363560243085,27.46340401606126,0.001202258196744052,0.001202258196744052,0.6637013008148642,0.25003730065443297,0.0001878504062078088
424,0.002281321828178633,0.6635290663856814,0.5460001956309756,0.7415829586007425,0.6634328836976248,0.6635286715730907,0.9962786544453014,44.33812364664945,27.50595977089622,0.0014858896082097833,0.0014858896082097833,0.6604456487521847,0.25271449610590935,0.00018568150551890957
425,0.002418165004660975,0.6668147773651237,0.548913030736995,0.7615099267991767,0.6556776967746291,0.6668143385851925,0.9963318651372736,42.99861051819541,27.49088021841916,0.0013369213451038706,0.0013369213451038706,0.6667708316923712,0.259552752091126,0.00018350978616276273
426,0.0022955313507245383,0.6666220884283327,0.5477786433396183,0.7684587885636244,0.6479192353806205,0.6666216467486017,0.9963130734183572,47.79731245474382,27.530856696042147,0.0013013969768177378,0.0013013969768177378,0.6695819037585434,0.2538424943658439,0.00018133520731367455
427,0.002222897179977401,0.6693994290915064,0.5507540007714521,0.7847695833664726,0.6373915882696483,0.6693989909889008,0.9963963248512961,55.35736036300659,27.358203877102245,0.0010661211880770597,0.0010661211880770597,0.6646661893464625,0.2490036240355535,0.00017915772700197077
428,0.0022867192594861695,0.6719737184941276,0.5551710068616862,0.7645221895057733,0.6603180171391624,0.6719733217140931,0.9963674111799761,39.588735060258344,27.55945772474462,0.0013866424560546875,0.0013866424560546875,0.6709788237719543,0.273266443813389,0.000176977302066035
429,0.0022688119040150463,0.6711894486110065,0.5550260980830486,0.7496735006623733,0.6721156981075183,0.6711890308652073,0.9963743686676025,42.52120403809981,27.521201269193128,0.0014423673803156073,0.0014423673803156073,0.6728450360586232,0.2678730403157798,0.00017479388810165137
430,0.002274823478749557,0.6682645663296597,0.5513262624275918,0.7605904762981518,0.6581324173665641,0.6682641595314824,0.9963346394625577,41.43539812348106,27.335281014442444,0.0014120015231045809,0.0014120015231045809,0.6657605750383069,0.2557992469519377,0.00017260743940845976
431,0.002183417309508472,0.6678267583589662,0.5497467586643655,0.7583495972212404,0.6602968535047363,0.6678263358983465,0.9962605346332897,51.963130409067325,27.55745051123879,0.0014769597487016158,0.0014769597487016158,0.6643180162249006,0.2508218977600336,0.00017041790893331673
432,0.0022711306549448133,0.6692135906129254,0.5529849617939637,0.7595410233798774,0.6617076456693883,0.6692131874582644,0.9964580535888672,39.646781552921645,27.419525384902954,0.0012820850719105113,0.0012820850719105113,0.6667595709203108,0.26538603685118933,0.00016822524821033595
433,0.0022188709620934986,0.6696812763429162,0.5523991528422233,0.7532214513260194,0.6694783306659453,0.6696808538505469,0.9963001337918368,41.14598152854226,22.42630987817591,0.0015776807611638849,0.0015776807611638849,0.6647369092547293,0.2554605611684648,0.00016602940729736244
434,0.0023965252904240147,0.6735033796877395,0.5564902284383145,0.7618352148991097,0.6611103509530545,0.6735029794619698,0.9963939840143378,38.72723249955611,27.272257512265984,0.0013579672033136542,0.0013579672033136542,0.663833961828707,0.25806959718465805,0.00016383033470861356
435,0.002295313097252885,0.6710060462778942,0.553162081701554,0.7595785546370528,0.6628398556071757,0.6710056229177016,0.9962877793745561,41.281831459565595,22.194659200581636,0.0014726682142777877,0.0014726682142777877,0.6684794648158872,0.2525918453254483,0.0001616279773431937
436,0.002212338030623304,0.6719885730617654,0.5548835422684074,0.7594588427228932,0.664654353724432,0.6719881564552858,0.9963344660672274,48.61387779495933,27.446519775824115,0.0014481111006303267,0.0014481111006303267,0.6670273974172729,0.26229083131660114,0.00015942228040916463
437,0.0022729093567856276,0.6693958261219616,0.5515512601599436,0.7643431313335896,0.6620860806327652,0.669395405375822,0.9963862245733087,35.013184785842896,22.13057998093692,0.0013924728740345347,0.0013924728740345347,0.6670219661371614,0.25831971960988914,0.00015721318734282117
438,0.0024615316802298584,0.6558712742884051,0.5347877745304934,0.7623112838376652,0.6393749817084013,0.6558708759151738,0.9960489489815452,38.41040873527527,19.307590885595843,0.0014451850544322622,0.0014451850544322622,0.6511108196679164,0.22884254834868692,0.0001550006397227912
439,0.0026751840120815703,0.6649705872166,0.547555601644866,0.7547868681361467,0.6586261650355822,0.664970178033333,0.9962420246817849,50.03560107404535,27.64648063616319,0.0014884038404984908,0.0014884038404984908,0.6701971368853595,0.2573245758698745,0.0001527845771785392
440,0.002303522722808987,0.6675898681165733,0.551855348743117,0.7445472533658678,0.6720163442722558,0.6675894584678498,0.9962959289550781,37.366415760733865,27.573663635687396,0.0015244700691916726,0.0015244700691916726,0.6677320880454235,0.271781361238523,0.00015056493729281325
441,0.0022372758951327153,0.6673552592204168,0.5505424051041423,0.7392484290058916,0.6739962410074863,0.6673548548827921,0.9962098164991899,37.852079369805075,27.51704799045216,0.0016691251234574752,0.0016691251234574752,0.6666149735948156,0.2629114323380319,0.00014834165549752873
442,0.002248424118058221,0.6662590250571173,0.5491052360133521,0.7435866154953085,0.6673159996025384,0.6662586182782795,0.9962773539803245,48.29442338509993,27.473273103887383,0.0015337467193603516,0.0015337467193603516,0.6635089316861756,0.2565901501273567,0.0001461146649625295
443,0.0021948148013057785,0.6692508377088469,0.5526627849868141,0.7510265350356259,0.6651651482371903,0.6692504334607615,0.9963231953707609,37.28761072592302,27.469817822629754,0.0014871683987704191,0.0014871683987704191,0.6669075011225438,0.2703552417118441,0.00014388389647661083
444,0.0021544517571208247,0.6667297999583431,0.5492087303954338,0.743947978931688,0.6701034319818817,0.6667294106031126,0.9962544007734819,48.629976749420166,27.43687152862549,0.0016158277338201349,0.0016158277338201349,0.6621100188322916,0.25779945792799647,0.0001416492783201228
445,0.0021666586528707498,0.6666140291891629,0.5492332387767369,0.7475592759624751,0.6664505142526991,0.6666136193518313,0.9962867606769908,37.436332962729715,27.52712456746535,0.0015107501636851919,0.0015107501636851919,0.6585322593481661,0.2566818677904931,0.00013941073612839947
446,0.002162539765630827,0.6664433949883094,0.5495274550833907,0.7526224339530507,0.6616415766722897,0.6664430039776157,0.9963542764837091,49.46788311004639,27.504503174261615,0.0014175501736727629,0.0014175501736727629,0.6585032601684692,0.2630867219784043,0.0001371681927451782
447,0.0022289602755168826,0.6672834158572418,0.5517292401154407,0.7519903056329873,0.6652733114483463,0.6672830101195357,0.9964130575006659,37.52791976928711,27.435445406220175,0.001392342827536843,0.001392342827536843,0.6666115941122619,0.26528812758624554,0.0001349215680650786
448,0.0021618757968642696,0.6638241896448149,0.5461849850517783,0.7435184944505718,0.6652957876530391,0.6638237768995829,0.9962811470031738,49.517721609635785,22.360166853124444,0.0015157786282626066,0.0015157786282626066,0.6551925198873505,0.2494492419064045,0.0001326707788641081
449,0.0021183039234006435,0.6635105741703918,0.5467691605176642,0.7468725173545468,0.6649956594664723,0.6635101701308607,0.9962501959367231,53.9229119907726,27.572591272267427,0.00157607685435902,0.00157607685435902,0.659607517912677,0.2570213551887057,0.00013041573861703878
450,0.0021380636241921254,0.6691025356440098,0.5518479559714199,0.7603623679231515,0.6599110178923524,0.6691021285958484,0.9963573542508212,47.9249014637687,27.444521383805707,0.0013566450639204545,0.0013566450639204545,0.6628274969261838,0.2544027702374892,0.00012815635730036785
451,0.0021606810264999912,0.6665424444563727,0.5491267033703665,0.7517873962010203,0.6643857289887746,0.666542023930541,0.9963285056027499,50.643894867463544,26.83300274068659,0.0014886422590775924,0.0014886422590775924,0.6652923943395515,0.2601747710935094,0.00012589254117941672
452,0.002220241427515237,0.6641189465299249,0.5451764662919397,0.7452453484081409,0.6656073814427311,0.664118513930589,0.996212980963967,58.665316971865565,27.48373987457969,0.0015496123920787465,0.0015496123920787465,0.657954972660677,0.24529936300082641,0.0001236241925779498
453,0.002149819633113916,0.6679820331392432,0.5508357727166734,0.7482812203891918,0.6702147672565605,0.6679816282448716,0.9962593642148104,40.69421859221025,27.378630031238902,0.0015647628090598366,0.0015647628090598366,0.6613590431291165,0.2646770253777504,0.00012135120962849047
454,0.0021264221423557134,0.6631143335147168,0.5448027454126119,0.7423830301373858,0.6672393293860792,0.6631139015503735,0.9961471991105513,54.40112252668901,27.60349919579246,0.0016679547049782493,0.0016679547049782493,0.6564791531391992,0.24712366610765457,0.00011907348600128
455,0.0022638860267678,0.6613296494610549,0.5450344705322191,0.7385883131624783,0.66885168006506,0.6613292537474231,0.9962735176086426,41.25986315987327,27.280615069649436,0.0015906637365167792,0.0015906637365167792,0.6543094442220702,0.2626994208178737,0.00011679091060955954
456,0.0021695396578576332,0.6666217640842074,0.5493585611689006,0.7520148031438345,0.6633866104486773,0.6666213676595598,0.996336655183272,47.85970562154596,27.43633940003135,0.001466382633556019,0.001466382633556019,0.663108198300258,0.25646179575811734,0.00011450336728854525
457,0.0022423524321217476,0.6625578103709961,0.543898820766603,0.7551360048942235,0.6524979292731513,0.6625574056762745,0.9963175816969438,53.474744428287856,26.47078981182792,0.0014028765938498757,0.0014028765938498757,0.6561579023678363,0.2502913654527881,0.00011221073444511076
458,0.0021087142193774245,0.6613732040723329,0.5427717500102842,0.7392932667511086,0.6655259693781204,0.6613727952366525,0.9962011684070934,60.82715489647605,27.470189278775994,0.0016303279183127663,0.0016303279183127663,0.6540218085230497,0.24666544202376495,0.00010991288467477625
459,0.0020779778930156536,0.6661080584948119,0.547904840082311,0.7516054385068022,0.6607979406580449,0.6661076618961826,0.9963212229988792,51.888444748791784,27.3891361951828,0.0014477859843860972,0.0014477859843860972,0.6580467028768247,0.24519035000015388,0.00010760968434212009
460,0.0021327783655704416,0.660904599617047,0.5430671550342623,0.7453135788285382,0.6607221282488364,0.6609041946944899,0.9962634390050714,61.91397320140492,27.522147980603304,0.0015223026275634766,0.0015223026275634766,0.6523629019065993,0.25672187469899654,0.00010530099312016371
461,0.0020708096621426934,0.6628788507712836,0.5452654021210037,0.7411828657337041,0.6670365097869019,0.6628784222994,0.9962391203100031,61.38034532286904,27.511020281098105,0.001589580015702681,0.001589580015702681,0.6541901673163838,0.25807902674106037,0.00010298666348361787
462,0.002078195499428869,0.6597549007854728,0.5412067839906008,0.7368849978102431,0.6666210814526256,0.659754497507718,0.9961693720384077,50.28256806460294,27.45080851424824,0.0016625144264914773,0.0016625144264914773,0.648718894100801,0.2429383507167751,0.00010066654015009615
463,0.0020939231149875023,0.6581515449797735,0.5396524208481424,0.7384317551781847,0.6631841517625038,0.6581511281176724,0.9961557388305664,51.65851031650197,22.463823220946573,0.0016692768443714488,0.0016692768443714488,0.6486648945587645,0.2480958957563747,9.834045946247941e-05
464,0.0022575214327729158,0.6640489722961899,0.5448446874559688,0.7508416353851896,0.6599909323373471,0.664048539696854,0.9962429350072687,51.0571813583374,27.461238806897942,0.0015391653234308417,0.0015391653234308417,0.6556396923948672,0.24912924150174315,9.600824870451702e-05
465,0.0021582437302327135,0.6577544167226286,0.5377307921744481,0.7372381458677385,0.6629571450767312,0.6577540035790063,0.9960290735418146,41.943810354579576,27.62572226741097,0.0017700628800825639,0.0017700628800825639,0.6445108634176325,0.2277204611084678,9.366972534044407e-05
466,0.0021130580926914805,0.663510937683651,0.5450251016889726,0.7517849574357502,0.6574821052711916,0.6635105194191939,0.9963005456057462,41.3167650049383,27.502783493562177,0.001430489800193093,0.001430489800193093,0.6530680962023325,0.2440782937813889,9.132469616782773e-05
467,0.0021284658124940685,0.6664052694436342,0.5482452029948048,0.7558625778406384,0.6595042850249652,0.6664048510367228,0.9963050755587491,41.18225594000383,26.47309671748768,0.001454461704600941,0.001454461704600941,0.6573249991369349,0.24923343075947327,8.897295637097126e-05
468,0.002105177344266598,0.6652143807502771,0.5467788072189623,0.7509066792918442,0.6610380516619287,0.6652139865560148,0.9962589524009011,41.11665699698708,26.864372025836598,0.001513372768055309,0.001513372768055309,0.6557935272020669,0.24928258562629874,8.661428845992607e-05
469,0.0020985709815741055,0.6687702808697862,0.5503026250960882,0.7615565330412198,0.6572205458660815,0.6687698652562998,0.996354644948786,41.08319302038713,26.508443388071928,0.0014146674763072622,0.0014146674763072622,0.6631590699332512,0.24954619732770053,8.424846107739114e-05
470,0.002115429047362654,0.6697218255139887,0.5523667552624829,0.7607800941279327,0.6593974088636142,0.6697214139434933,0.9963301311839711,43.19110941886902,27.369506554170087,0.0013969594782049005,0.0013969594782049005,0.6617645207919519,0.26151596585457976,8.18752276523933e-05
471,0.0020524799713701673,0.6613439915745922,0.5422377709851496,0.7476276379527165,0.6572435615350358,0.661343589172475,0.9962230595675382,37.32740471579812,27.323074958541177,0.0015197667208584871,0.0015197667208584871,0.65101213992404,0.2442844652316787,7.949432487547622e-05
472,0.0020448667169200665,0.664926776397957,0.5471123626181186,0.7459383394189069,0.6652925570176865,0.6649263689987701,0.9962393370541659,39.718339226462625,26.571409485556863,0.0015706582502885299,0.0015706582502885299,0.6558308870219414,0.25293163887479087,7.710547096497543e-05
473,0.002073946025057953,0.6643096933522347,0.5459471049887891,0.7542080898684534,0.6581650848119435,0.6643092622557147,0.9963012608614835,58.92731417309154,22.325086561116304,0.001436992125077681,0.001436992125077681,0.6552650276095268,0.24316711723804474,7.470836368753417e-05
474,0.002047436917752654,0.6661991006887321,0.547734816937747,0.7533772149424458,0.6599246368975245,0.6661986792044348,0.99627685546875,37.39934886585582,27.437389958988536,0.0014776533300226386,0.0014776533300226386,0.6558541734464763,0.24256380613554607,7.23026780879678e-05
475,0.0020881902960720525,0.6621975142148916,0.5435272558507594,0.7424919121814045,0.663365031349134,0.6621970806101506,0.9962316643108021,40.343612324107774,22.279923352328215,0.0015734975988214667,0.0015734975988214667,0.6503093872081742,0.24197658828713678,6.988806387340599e-05
476,0.0020595696275878496,0.6612965722610666,0.5427839704577557,0.7490785860202529,0.6597236972090534,0.6612961554307152,0.9962193965911865,39.6790180423043,22.3793643171137,0.001578656109896573,0.001578656109896573,0.6503087239371698,0.24968927827748386,6.746414238367822e-05
477,0.002063735399091477,0.6657529477432201,0.5477281661005691,0.7496953226668253,0.6622589336898685,0.6657525365431369,0.9963166280226274,59.16709680990739,27.35476417974992,0.001465363935990767,0.001465363935990767,0.6557382827648491,0.24308244409886273,6.503050306324746e-05
478,0.0020498477461769237,0.6668582417576978,0.5484851530708862,0.7595823486317183,0.6550649016607673,0.6668578348225531,0.996316367929632,37.709819468584925,26.483756683089517,0.0014328523115678267,0.0014328523115678267,0.6556368999061472,0.24446089599620213,6.258669932838723e-05
479,0.002095846654131377,0.6698111004719681,0.5526950758389453,0.7565688744391806,0.6651624282461118,0.6698107119576541,0.9963770346208052,37.18149081143466,27.31429549780759,0.0013807903636585581,0.0013807903636585581,0.6612935767599001,0.26377889581701974,6.01322436949885e-05
480,0.002070108940172539,0.6652540955613686,0.5471218420664082,0.7495613631399138,0.6609167322705874,0.6652536854506086,0.9962606646797874,37.172851670872085,26.50005608255213,0.0015019070018421519,0.0015019070018421519,0.6563067004873037,0.2492897625673901,5.7666601994895854e-05
481,0.00208604434754662,0.6624249637719583,0.5434425739063458,0.7501829057423905,0.6596041993788359,0.6624245446767997,0.9962143031033602,39.84838351336393,22.39041869206862,0.0015401406721635299,0.0015401406721635299,0.6551102817439559,0.25002616677771916,5.518918645844863e-05
482,0.0020426917630823158,0.6658820905090204,0.5484433160377645,0.7472441462732615,0.6651470712871834,0.6658816859557899,0.9962971860712225,39.69321729920127,27.392076936635103,0.0015043128620494497,0.0015043128620494497,0.657206641066957,0.2505182071842931,5.2699347372755836e-05
483,0.002123877685533799,0.6656196221004257,0.5470415056697786,0.7564339343552834,0.6548961297544348,0.6656192172418485,0.996322588487105,37.065108581022784,26.77630260857669,0.0014022913846102629,0.0014022913846102629,0.6563615470023995,0.24763872338966889,5.019636293147572e-05
484,0.002043256069461269,0.6673756554214791,0.549097371192395,0.7596385443413799,0.6564755804455754,0.6673752330031923,0.9963397112759677,50.2697057723999,27.312054363164034,0.0013903704556551847,0.0013903704556551847,0.6590916329005267,0.2501001249660145,4.767942676090328e-05
485,0.002040002033737991,0.664765595021811,0.5467293583231565,0.7464529949764269,0.6629726514494336,0.6647651824817002,0.9962667768651788,39.58611460165544,27.317667289213702,0.001513307744806463,0.001513307744806463,0.6556516063111221,0.2531284097243439,4.5147632421134877e-05
486,0.002039460153700302,0.6652009282968048,0.5468372304318428,0.7538379156246054,0.6591526282886672,0.6652005343202572,0.9962909655137495,39.716113328933716,27.303702874617144,0.0014584281227805398,0.0014584281227805398,0.6563002239272464,0.2429545677521012,4.259995391188707e-05
487,0.0020821637307740642,0.66426327065033,0.546099297197468,0.7491932222577184,0.6600351324790701,0.6642628606757413,0.9962877143513073,39.64411820064891,27.29170962897214,0.0014706741679798472,0.0014706741679798472,0.6553775741909207,0.24314392087134448,4.003522081490459e-05
488,0.002019102307723637,0.6660577452275902,0.5481391026193954,0.7504136999222365,0.6624095936792649,0.6660573141945695,0.9962946935133501,39.2952944798903,27.28809758749875,0.0014662092382257636,0.0014662092382257636,0.6574767128582938,0.24686598066579213,3.745208610377897e-05
489,0.0019940243174700633,0.6662917531158944,0.547664434437386,0.7500471800819717,0.6630796064008874,0.6662913317453455,0.9962736910039728,50.28816884214228,27.21928731961684,0.001508431001143022,0.001508431001143022,0.6562684346043336,0.24559328230944547,3.484898371928687e-05
490,0.0019798570768519617,0.6674750523773999,0.5491582916250498,0.7549418092643783,0.6598095238398204,0.6674746528536034,0.9963071779771284,39.67160099202936,26.61766097762368,0.0014554804021661932,0.0014554804021661932,0.6579607779594053,0.24641215733506464,3.2224071517527e-05
491,0.0019970812271790706,0.6657538664015319,0.5474756944074012,0.7482425451166786,0.6630381107054094,0.6657534588815964,0.9962886246767911,59.83725001595237,26.936598496003583,0.0015028173273259943,0.0015028173273259943,0.6560913010656474,0.24588831073858522,2.9575152732566297e-05
492,0.0020070757066908604,0.6648910561845504,0.5461983740175432,0.7492881906781687,0.6609007927270557,0.6648906460885812,0.99626239863309,48.67997607317838,27.36593426357616,0.0015019936995072799,0.0015019936995072799,0.653720427186768,0.24159679223190655,2.6899564852898082e-05
493,0.002033651756820531,0.66513873821205,0.546249091311063,0.7518362757650472,0.6590402545681513,0.6651383387781545,0.9962756633758545,49.08682532743974,27.26933595267209,0.0014864531430331144,0.0014864531430331144,0.654263597542674,0.24471444297920575,2.419401716265777e-05
494,0.0020450887394213952,0.6634293345057152,0.5445220759932206,0.7474241880911656,0.660939208411781,0.6634289100237022,0.9962496540763162,50.47487432306463,27.373994025317106,0.0015257705341685903,0.0015257705341685903,0.6513324950210517,0.24447195570577274,2.1454343618097682e-05
495,0.002017896942896019,0.6642157724973831,0.5453175682447512,0.7503837859893049,0.6592775018017908,0.6642153514337472,0.9962572834708474,41.03605383092707,27.266476425257597,0.0015075423500754616,0.0015075423500754616,0.6525548302002293,0.24458095973188226,1.86751079733455e-05
496,0.002018534894176256,0.6647325091021643,0.5460966945975088,0.7501923006281934,0.6609646587061103,0.6647320832337507,0.9962651946327903,50.04204108498313,27.25619480826638,0.0015026872808283026,0.0015026872808283026,0.6528800404154357,0.24502652477134357,1.5848931924611145e-05
497,0.0019927057594826296,0.6647459723436359,0.5460206834990955,0.7513170142192394,0.660104777505198,0.6647455520949073,0.9962735609574751,48.5853787985715,27.052423618056558,0.0014903111891313033,0.0014903111891313033,0.6529929147218354,0.24506290527907285,1.2965252773542109e-05
498,0.001980175481622118,0.6642052395189784,0.5455799836882231,0.7496796320814099,0.6599717592798293,0.6642048376707896,0.9962620735168457,39.73096305673773,27.271515293554828,0.001501365141435103,0.001501365141435103,0.6521469685632671,0.24160076677799225,1.0007742567915822e-05
499,0.002014810504758431,0.6643842363732188,0.5459582719953983,0.7504427273145411,0.6601762959415044,0.664383826355078,0.9962693777951327,41.116454514590174,27.29461495442824,0.0014978538859974253,0.0014978538859974253,0.6526750754287192,0.24209304492581973,6.947906928878752e-06
500,0.0020429270451382637,0.6640096523387053,0.5454978183685243,0.7499603293290398,0.6601402612507802,0.6640092396103956,0.9962633523074064,41.13541546734896,27.34564186226238,0.0015056350014426491,0.0015056350014426491,0.6525467767853776,0.24209187890995632,3.7232911332721414e-06
