epoch,train_loss,val_dice,val_iou,val_precision,val_recall,val_f1,val_accuracy,val_hausdorff,val_hausdorff_95,val_fp_per_volume,val_fp_per_image,val_ap,val_mAP,lr
1,0.81691796791095,5.617760483563371e-11,5.617760483563371e-11,1.0708566365377972e-10,2.396367623566867e-10,4.6175287152239125e-14,0.9895031818976769,219.59373180682843,171.48341927161584,0.004670436565692608,0.004670436565692608,0.008536888229383085,0.0,0.0002
2,0.7927327803694285,9.160597040540448e-11,9.160597040540448e-11,2.7843085689602465e-10,2.396367623566867e-10,1.255978753932926e-13,0.9924228007976825,225.6747163625864,181.5779151916504,0.001750817665686974,0.001750817665686974,0.014365977782290429,0.0,0.0004
3,0.7553955436899111,1.233797191016248e-10,1.233797191016248e-10,5.573154619422136e-10,2.396367623566867e-10,2.779390849562647e-13,0.9933104881873498,228.4132182781513,192.5458532480093,0.0008631302760197566,0.0008631302760197566,0.074694595420554,0.0,0.0006
4,0.664677246258809,2.3961622963586393e-10,2.3961622963586393e-10,0.884615447802153,2.396367623566867e-10,4.482253666784256e-10,0.9941734350644625,531.3123280451848,530.725583589994,1.8339890700120193e-07,1.8339890700120193e-07,0.13678393544306836,0.0,0.0008
5,0.5532348981270423,0.2087801268176167,0.13008335010781086,0.14724753937787669,0.5926129409228147,0.20877989472893368,0.9751744453723614,176.34867272010217,128.25276947021484,0.022645840278038613,0.022645840278038613,0.2604092804820259,0.004368437024263235,0.001
6,0.47624439058395535,0.22950893832324168,0.14333760268402454,0.16716917131563688,0.5872599118235083,0.22950867864375393,0.9794188462770902,195.60747381357046,150.6955314049354,0.018207880166860726,0.018207880166860726,0.2936489647807915,0.004511138280996909,0.0009909954834128342
7,0.4360731507723148,0.3012080296388307,0.19476367203103045,0.27044842671091296,0.48598118244326993,0.30120768588789626,0.9893680169032171,148.3926240480863,109.27589530211229,0.007563205865713267,0.007563205865713267,0.2733891409253164,0.0019063323449630004,0.000989193491307027
8,0.40799980524640816,0.30384417351304427,0.19836559179136481,0.2503913553245246,0.5678709637561437,0.30384386710536815,0.9870715508094201,156.6655673980713,113.97955949489887,0.010415352307833158,0.010415352307833158,0.28414817597681225,0.006955256972175378,0.000987391134388305
9,0.39342266220885974,0.31513226147151074,0.20713984020897144,0.26606961028383413,0.5616557988884124,0.3151319370820053,0.9880560361422025,152.13595801133377,109.62894898194533,0.009388483487642728,0.009388483487642728,0.2825100618538272,0.005103390950423021,0.0009855884118426005
10,0.3814594695487848,0.34276478194169047,0.22809403254617783,0.38592304276415246,0.3903665526626468,0.34276442645263105,0.9930462103623611,133.7073185260479,89.30091366401085,0.0032678017249474158,0.0032678017249474158,0.27356679455932376,0.00381270323235255,0.0009837853228523705
11,0.37788214821081895,0.36066334724143706,0.24078759199979477,0.3545927454391492,0.49018986399300357,0.36066297983501305,0.9919919967651367,129.94846035883978,95.80549984711867,0.004877915749183068,0.004877915749183068,0.2785159647229683,0.007640025936640226,0.0009819818665965754
12,0.3692121561616659,0.3042233190870116,0.1986481066662592,0.24524684551371934,0.6068934352197103,0.3042230146149096,0.9862178655771109,141.93407381497897,112.10193468974187,0.011430703676663913,0.011430703676663913,0.3093311283737421,0.018607467269668214,0.0009801780422506556
13,0.37284440289323145,0.35593194916234705,0.2388771521697609,0.3313724592105025,0.5235674210464705,0.3559316049974831,0.9912100938650278,147.41279176565317,103.60210668123685,0.005887324993426983,0.005887324993426983,0.29020991209500396,0.008737727140004817,0.0009783738489865113
14,0.363514816818329,0.36851100115246604,0.24886322319243478,0.3547719989416515,0.516838307115827,0.36851062732996454,0.9917915784395658,133.94679326277512,92.01984504552988,0.005128713754507212,0.005128713754507212,0.30749492563952047,0.01862599800985593,0.000976569285972478
15,0.36089600837574554,0.3378386220986626,0.2245217240793947,0.30446323162473665,0.5224204217000425,0.33783824833182674,0.9904305201310378,141.71784474299506,100.29247206908006,0.006523939279409556,0.006523939279409556,0.27728064982847384,0.017061173915863037,0.0009747643523733044
16,0.3587680169596122,0.3553297027546592,0.23942741397361006,0.3065337885851911,0.5920785233852721,0.3553293666157678,0.9897656073937049,151.44424658555252,103.98049347217267,0.007769401256854718,0.007769401256854718,0.3062458131063907,0.015163583537706962,0.0009729590473501306
17,0.35787193964307124,0.3592220219587178,0.2413182433426654,0.32108041313845664,0.5523665049030007,0.3592216481024927,0.9907700098477877,152.02539135859564,107.68749911968524,0.006486654281616211,0.006486654281616211,0.2979925504187122,0.01028693739611369,0.0009711533700604632
18,0.3528364494156379,0.36848532216158036,0.24834734314479778,0.3348252369703943,0.5535071636466802,0.36848494226042455,0.9912736782660851,148.63187672541693,100.68466014128465,0.005921473869910607,0.005921473869910607,0.3107055306592464,0.015521041475809537,0.0009693473196581535
19,0.3586086625090012,0.3356515163426522,0.2230576387119141,0.2747136007005714,0.6226030379951923,0.33565117576375186,0.9881358696864202,151.2205701974722,109.81205811867348,0.009583784983708309,0.009583784983708309,0.31346704384598595,0.019592355363644086,0.0009675408952933734
20,0.3438172244395201,0.37783484515835747,0.25604291511299804,0.33864755871565166,0.56775855412276,0.3778344849841065,0.9913452038398156,136.2163482079139,103.58768268731924,0.005962885343111479,0.005962885343111479,0.31814721367304016,0.015321362763643265,0.0009657340961125918
21,0.3519100479495067,0.3650093184659044,0.2461858120263699,0.321549766054089,0.5880957868654917,0.36500896456150866,0.9904694190392127,137.47227727449857,100.30417273594783,0.006971671031071589,0.006971671031071589,0.32099803479818195,0.017102236071458228,0.0009639269212585509
22,0.3413268025391377,0.380261264170189,0.25815780120732545,0.3276773312219986,0.6194851399459295,0.38026090854636596,0.9906268303210919,142.35052526914157,102.55186025912946,0.006988708789532001,0.006988708789532001,0.33563170961749095,0.022225258155510977,0.0009621193698702417
23,0.3491686068188686,0.36763012882223367,0.24760017623023217,0.32502372233531857,0.5743786695043405,0.3676297641717569,0.9908175835242639,141.0316844353309,99.29069295296303,0.006505159231332632,0.006505159231332632,0.3110480157730098,0.01514064477613339,0.0009603114410828803
24,0.3360817991197109,0.3625374203205054,0.24632878273951342,0.3044959206257204,0.6165252910628691,0.36253707479829633,0.9894813941075251,136.73458378131573,101.1640818302448,0.008208714998685397,0.008208714998685397,0.3164281545524808,0.024949698350750484,0.0009585031340278833
25,0.3375840807476869,0.39558752901318595,0.2741327977877558,0.3558683988678494,0.5788164395540729,0.3955871539029336,0.991578432229849,133.901290673476,89.7876688517057,0.005830306273240309,0.005830306273240309,0.3389892590169508,0.02852515518092192,0.0009566944478328421
26,0.339394095282142,0.3820258265819909,0.2620437359466225,0.335744221769637,0.5889163356446214,0.3820254752555823,0.9908638000488281,137.98747730255127,95.8934919650738,0.006585102814894456,0.006585102814894456,0.33237141485946825,0.0335769671946764,0.0009548853816214997
27,0.342826400238734,0.40714632376577636,0.27971751214915397,0.41153899466478455,0.49817744367227046,0.40714594263298715,0.993260383605957,132.052449629857,81.9094570691769,0.003529035128079928,0.003529035128079928,0.31409183951081315,0.020944226533174515,0.0009530759345137246
28,0.3353451667353511,0.39032813085104223,0.26663220684323824,0.33823468319488026,0.6068998732623743,0.3903277693120538,0.9910291341634897,141.4408779144287,100.22786554923424,0.006525388130774865,0.006525388130774865,0.32601016292364177,0.019923565336144887,0.0009512661056254851
29,0.33112714310678154,0.41329091415166475,0.2865207278420337,0.3859447700800584,0.5613454856436897,0.41329053603114,0.9925349492293137,128.9547138947707,78.25472844563998,0.004691325701200045,0.004691325701200045,0.32517827524302095,0.02559470456953232,0.0009494558940688246
30,0.3375108658980865,0.40135070237826087,0.2792629437169415,0.36951184814121035,0.5543374764890614,0.4013503149080301,0.9922026487497183,125.00409947908841,71.77515367361215,0.005036262365487905,0.005036262365487905,0.3242620604416096,0.031278316504680194,0.0009476452989518352
31,0.3398673153267457,0.41277695469119613,0.2892277918869754,0.37160041330567056,0.5784112635942594,0.4127765742059072,0.9921789352710431,137.4958237868089,81.81658383516165,0.005307289270254282,0.005307289270254282,0.358518071573109,0.04013731502569639,0.000945834319378632
32,0.33182412987718213,0.37796614398039263,0.25842703309488935,0.3103470920170378,0.6518543157285,0.377965796094109,0.9895716813894418,141.2265660946186,102.6360028707064,0.00835558084341196,0.00835558084341196,0.3523777209204407,0.03281826869799541,0.000944022954449327
33,0.3286156543315603,0.3991711565960234,0.2786080354775123,0.34611259619573226,0.5963100357829154,0.3991707857125197,0.9913134941687951,130.79835517589862,84.08526321557852,0.006373863953810472,0.006373863953810472,0.3473693471169099,0.03922503083371199,0.0009422112032600019
34,0.32876689230593353,0.43230666199104406,0.30326716244055935,0.39448192544168903,0.5855671480097439,0.43230628200736293,0.9926736905024602,134.68774208655725,87.88713117746207,0.004743062532865084,0.004743062532865084,0.36710025402135216,0.03458353905723645,0.0009403990649026824
35,0.31907639065040994,0.43290015568721774,0.3072690149989268,0.40867309559906234,0.5562313962424154,0.4328997840102082,0.9931617516737717,124.13407604510968,62.94575812266423,0.004149638689481295,0.004149638689481295,0.34644006245406883,0.04454416294510548,0.0009385865384653104
36,0.32331442102216756,0.4236717650056215,0.2944708040304812,0.3884977845407255,0.5745471406398395,0.423671369225945,0.99268416258005,133.10946816664475,80.71399087172288,0.004588090456449068,0.004588090456449068,0.35622973214440906,0.032535018829198986,0.0009367736230317175
37,0.33267224666017753,0.40752186397515106,0.2854633423055064,0.37224117874921325,0.5714635936096434,0.4075215092072261,0.9920756816864014,133.76022793696478,84.45183185430673,0.005300081693209135,0.005300081693209135,0.35163566077468345,0.03510947024019865,0.0009349603176815974
38,0.31989949769698656,0.42040459565975297,0.2948638020947719,0.3711648725839043,0.60974380902766,0.4204042271896873,0.992022807781513,129.29491798694318,82.09492325782776,0.005590255443866436,0.005590255443866436,0.36678526397960154,0.04488712893082546,0.0009331466214904777
39,0.31808623829140115,0.4125160312747441,0.28956805313238176,0.37749876232817975,0.5636154672159509,0.412515650718272,0.9925007269932673,121.24258936368503,75.02829832297105,0.004806151756873498,0.004806151756873498,0.34804107252365124,0.04290372849656986,0.0009313325335296929
40,0.3139900876065859,0.44081330571946614,0.3137079032726844,0.39652660831547776,0.6045774452775055,0.44081292467981076,0.9928060861734244,131.1373797930204,66.44984546074501,0.004807655627910907,0.004807655627910907,0.3720528667707605,0.04724504282841316,0.0009295180528663554
41,0.3121886532037304,0.41977988960968615,0.2938558100202837,0.3528485227787963,0.6578982632452255,0.4197795208042149,0.9912779514606183,136.4095267515916,88.37074133066031,0.006676362111018254,0.006676362111018254,0.36043090442231357,0.04037204728676723,0.0009277031785633282
42,0.30756003595888615,0.41770386408156457,0.2927774843206582,0.359848385092215,0.6182314711987319,0.41770346935552943,0.9918026373936579,126.37719308412991,85.10975982592656,0.0059044177715594955,0.0059044177715594955,0.34138645164001413,0.04084682980409035,0.0009258879096791951
43,0.32021818661059326,0.42685095740526313,0.2956374636794767,0.36019557353039683,0.6469590268828538,0.42685058567888934,0.9916469500615046,142.83278589982254,93.51287207236656,0.0061168670654296875,0.0061168670654296875,0.3783435111262037,0.034670570148871496,0.0009240722452682321
44,0.3067053689693029,0.4475962525452163,0.318538540265383,0.3837701752898637,0.6517669479417236,0.4475958868861349,0.9925104471353384,122.87008476257324,73.31391444573036,0.005400254176213191,0.005400254176213191,0.3806138955591835,0.049842357205656856,0.0009222561843803788
45,0.31194443671176064,0.41566303315247816,0.29231868114929127,0.345386513868858,0.6618303619600036,0.4156626660663441,0.9906390997079703,138.71054355914777,96.71106446706332,0.007396918076735277,0.007396918076735277,0.3634083823383732,0.043907803984788746,0.0009204397260612089
46,0.301146155796372,0.4198871412597907,0.29358783837806385,0.353207679475699,0.6455680499839218,0.41988679279502955,0.9914950040670542,122.82651233673096,83.38805288534898,0.006486324163583608,0.006486324163583608,0.34950657693843823,0.03678567764850763,0.0009186228693518994
47,0.30564942805526346,0.4462288326530009,0.3165991427366727,0.3990403907873885,0.610642121174873,0.44622845641482023,0.9927804653461163,115.94216324732854,70.06566616205069,0.004865334584162786,0.004865334584162786,0.36851038474686415,0.048387538928252,0.0009168056132892021
48,0.3015615828335285,0.42578346794685856,0.2989786080768884,0.3769264200974997,0.6075036660684765,0.4257830774877333,0.9922349819770226,120.80250813410832,86.41299359615033,0.005360621672410231,0.005360621672410231,0.35951747862978106,0.047651974197763666,0.0009149879569054125
49,0.2977288704938613,0.43836420299149437,0.30726069287383456,0.3766189772620437,0.6305775840755042,0.43836381004300456,0.9923190703758826,130.65880669080295,81.82134578778194,0.005490266359769381,0.005490266359769381,0.363491150452039,0.036644038815911,0.0009131698992283396
50,0.29217029140832335,0.4670927685119158,0.33288693371512024,0.43308490974301894,0.587087175133722,0.46709237706204665,0.9937794208526611,111.84049371572641,63.23055120614859,0.0037143780634953426,0.0037143780634953426,0.3705887148893313,0.048827626957343176,0.0009113514392812751
51,0.2933324145583006,0.43230351347523843,0.3079860280659511,0.36940041088068176,0.636474522655972,0.4323031492531417,0.9915207532735971,134.88386887770432,82.58301011415628,0.006391543608445387,0.006391543608445387,0.3694306080564834,0.04795324014356503,0.0009095325760829623
52,0.30156745045230937,0.4361867162204132,0.3089311406682569,0.367082322294889,0.6569807951413353,0.43618634912422366,0.9918846900646503,117.00955159847553,78.10113409849313,0.006134528380173903,0.006134528380173903,0.3600964825126049,0.044901798837460004,0.0009077133086475646
53,0.30347900178570014,0.45751299766263476,0.3285405597856999,0.40681140889607853,0.607554031875467,0.4575126001481737,0.9934123479402982,102.86852898964516,59.88987887822665,0.004353945071880634,0.004353945071880634,0.3786787502781058,0.052970644946281724,0.0009058936359846345
54,0.2952248211233662,0.429769875951887,0.30481305295299366,0.3519758423664899,0.6801998475939025,0.4297695246955074,0.9909428999974177,119.2529916213109,80.67010168845837,0.0073055854210486776,0.0073055854210486776,0.3727379318487902,0.048862745268986776,0.0009040735570990808
55,0.29682501083096635,0.4366340493985356,0.30946748561025,0.3799778380718736,0.6234155745443366,0.4366336940572951,0.9922245465792142,112.90865949484018,63.155562565876885,0.005532484788161058,0.005532484788161058,0.36184249837802224,0.05294563377705904,0.0009022530709911372
56,0.29487383637863857,0.4731106318477009,0.3406179757244318,0.4164078610767633,0.6255463176295867,0.47311022230695265,0.9936079612145057,100.07865140988277,62.751405055706314,0.004250214650080754,0.004250214650080754,0.3915752857423146,0.056464591421760045,0.0009004321766563289
57,0.2971617407523669,0.4456451271654366,0.3162272374855829,0.38561629762724337,0.6411538239837962,0.44564476265358566,0.9924720250643216,120.45863195566031,72.20159895603473,0.0054072416745699365,0.0054072416745699365,0.3978080043812567,0.051621111969535165,0.0008986108730854411
58,0.2996768832493287,0.4657487164397949,0.3310877061881995,0.43531495276404186,0.579021018397935,0.46574832670965516,0.9938481037433331,106.34501473720258,62.425733713003304,0.0034768764789287862,0.0034768764789287862,0.3775263327434179,0.0440912119184549,0.0008967891592644846
59,0.2826699732731168,0.45315614058404763,0.3224845601903207,0.3942214706701342,0.6278522477786118,0.4531557497640212,0.9928702574509841,106.48587410266583,69.96534532767076,0.00498667130103478,0.00498667130103478,0.3852693907118429,0.05668044921297293,0.0008949670341746629
60,0.28835007627136433,0.4613844683393179,0.3326946568012011,0.41905879152658526,0.5775428548945034,0.4613840415930706,0.9935943896953876,101.1302919938014,58.9699332347283,0.004106943423931415,0.004106943423931415,0.38148000430709755,0.05422198371245311,0.0008931444967923387
61,0.29218702333477825,0.45546827180055377,0.3227112299106662,0.37846313586270863,0.6582503927424673,0.4554678969669324,0.9924492285801814,110.55866993390597,80.45246493816376,0.0056742704831636865,0.0056742704831636865,0.3755061076237605,0.044524550008086056,0.0008913215460889999
62,0.28772548557474065,0.44670260067879286,0.31609201517952457,0.3868824862607946,0.6171205812904821,0.4467022281426828,0.9929611499492939,107.17055660027724,66.66273258282588,0.004810791749220628,0.004810791749220628,0.3715371728388933,0.046749673497218355,0.0008894981810312246
63,0.29016837649620497,0.46862965016818375,0.33734431829352773,0.40831524577595146,0.634786619734591,0.4686292734427129,0.9927366696871244,106.40497655134935,61.96824641411121,0.005273929009070763,0.005273929009070763,0.4039851404033051,0.06356929600811921,0.0008876744005806469
64,0.29210397307402813,0.5007710490591172,0.36303480396482013,0.46707232146983707,0.5923512371342905,0.5007706235807892,0.9942202201256385,112.50430684823256,57.218963943994964,0.0034301097576434794,0.0034301097576434794,0.42942839921978215,0.0634140926771439,0.000885850203693922
65,0.2869724194304301,0.47569919468362865,0.34256965561579855,0.4054608847660788,0.6630326529044139,0.4756988179467107,0.9925874563363882,117.73526442967929,65.00661729849301,0.005603790283203125,0.005603790283203125,0.40628101593028987,0.05847530654416634,0.0008840255893226908
66,0.27681863787942207,0.46876121434669316,0.3354937821461857,0.4137570203270553,0.6275177468703332,0.468760823616056,0.9933016300201416,108.2449533205766,62.76200028566214,0.004517096739548903,0.004517096739548903,0.3876458063400955,0.059150534467055246,0.0008822005564135439
67,0.28488831415485877,0.4663324786001671,0.333963165497665,0.4168764289877332,0.5987155232274884,0.46633207855318176,0.9934899073380691,112.69463111804082,57.092544839932366,0.0041757730337289665,0.0041757730337289665,0.3782557128713681,0.06011711519498091,0.0008803751039079861
68,0.28225172053162867,0.4456260210109889,0.31873278607031325,0.3809159882442472,0.6335086984112982,0.4456256490487496,0.9923047285813552,110.02661422582773,62.25601992240319,0.005716782349806566,0.005716782349806566,0.37171654475199867,0.05686346169274587,0.0008785492307423999
69,0.279642085186564,0.4342991792841324,0.30915035293374626,0.35676617605496663,0.6871979816487113,0.4342988242323702,0.9904714731069711,116.27783701970027,64.48896237520071,0.00780331171475924,0.00780331171475924,0.36886066306620846,0.0516996316325206,0.0008767229358480086
70,0.28155759607370084,0.47897004150446637,0.3444186858461121,0.4227744996001342,0.6254307497876537,0.4789696473420203,0.9932131767272949,104.38896212211021,61.903935698362496,0.004562414609468901,0.004562414609468901,0.40037489567811674,0.06285169949898353,0.0008748962181508392
71,0.2798525492589061,0.45382740693109846,0.322744042547566,0.3740821655643302,0.6756236256298087,0.4538270590397169,0.9922068119049072,117.21761967585637,62.73621594905853,0.005997859514676607,0.005997859514676607,0.37779865299279874,0.052692378083100684,0.000873069076571686
72,0.2888666186481714,0.4678637947169237,0.33664292723905587,0.41409256458455374,0.5945386629593693,0.46786337407629797,0.9931557545295129,103.4045423911168,57.30538538786081,0.004659175872802734,0.004659175872802734,0.38202140087042397,0.05898010000013388,0.0008712415100260713
73,0.2933472324019441,0.44902007035135455,0.3203194464536623,0.3791902218289792,0.6503047064462523,0.44901970114847045,0.9921576243180495,111.30989421330966,60.62671565092527,0.00595255998464731,0.00595255998464731,0.3713358560903893,0.05423757820748366,0.0008694135174242088
74,0.2721923276638755,0.47074698829410766,0.3369647877788374,0.4099031804362792,0.6308994729914468,0.470746612892717,0.9929029941558838,108.34370651611916,58.060776453751785,0.00506428571847769,0.00506428571847769,0.37472689581605106,0.047817711933301046,0.0008675850976709641
75,0.2805853970348835,0.4569026415219029,0.3278921538875009,0.38842506392126375,0.6433447210817506,0.4569022695605722,0.9921086751497709,99.90163863622226,60.524961948394775,0.005983187602116511,0.005983187602116511,0.3887211289825617,0.06339718587696552,0.0008657562496658164
76,0.2761936831789521,0.45405941675315675,0.32476486382331404,0.3751240684318995,0.6790127839738136,0.4540590293562318,0.9913752445807824,109.83394189981314,72.01235446563133,0.006892589422372671,0.006892589422372671,0.3763894269359298,0.0523879207097567,0.0008639269723028191
77,0.27578643480172527,0.4657989191384748,0.333415756897095,0.38953635033218426,0.6723852285158803,0.4657985388392103,0.9919533729553223,115.66794213881859,61.733471338565536,0.006264723264254057,0.006264723264254057,0.39509550767049334,0.05028713451555142,0.0008620972644705603
78,0.26745331867669636,0.479540842930973,0.3450893222301056,0.404124699539793,0.6772950148725728,0.47954046482651624,0.9925003601954534,112.3353442962353,62.28219118485084,0.005714985040517954,0.005714985040517954,0.4035191075459946,0.06646263384475158,0.0008602671250521225
79,0.2840960913409407,0.49296105883323454,0.3585715563354148,0.46371235098802555,0.5915918637909692,0.49296066852718895,0.9939960333017203,100.6540304514078,56.99784787801596,0.003658257997952975,0.003658257997952975,0.4072888186917855,0.07129044372301835,0.000858436552925043
80,0.2715419097445332,0.4902399434564518,0.3550551797406344,0.4472645117207526,0.5998387647345785,0.49023954283734383,0.9936276215773362,101.06509678180402,56.512830541684075,0.004070740479689378,0.004070740479689378,0.40595303646430764,0.06386461194891196,0.0008566055469612726
81,0.2719538752706005,0.45320195890313875,0.3243766529734089,0.3803599332708404,0.6653077231027822,0.45320157239286524,0.9917789422548734,109.09496237681462,61.222829598646896,0.006345418783334585,0.006345418783334585,0.3721713830656462,0.052242905617906496,0.0008547741060271343
82,0.2667636461555958,0.48035343764804594,0.3461939489214417,0.4054988155254469,0.6809671986585689,0.4803530621037988,0.992022862801185,111.14514332551222,64.67292795731471,0.006258707780104417,0.006258707780104417,0.41101626960915805,0.05400724150240421,0.0008529422289832824
83,0.263177048200025,0.45852383886409487,0.33320809798045803,0.3981054882525559,0.6307932354452508,0.4585234593744008,0.9925156556642972,115.34887996086708,61.25636042081393,0.0055677523979773885,0.0055677523979773885,0.38097016799460665,0.06574464689653653,0.0008511099146846599
84,0.2750337611740598,0.48816227168734794,0.35452663011019586,0.45037754454682105,0.6019889209115857,0.48816187737081823,0.9937084638155423,102.77895478101877,57.675247476651116,0.0041524997124305135,0.0041524997124305135,0.3958110612466568,0.061231838109401554,0.0008492771619804566
85,0.26491991616785526,0.44281655806345377,0.3134794446949139,0.35311619898261093,0.6987154163878608,0.4428161973259141,0.9905566985790546,118.57439495966985,71.07783931035262,0.007837442251352163,0.007837442251352163,0.37317221786161797,0.051386583739748366,0.0008474439697140658
86,0.25495487745278156,0.49620853050981234,0.3612716728345206,0.45184478991586186,0.6125140776904211,0.4962081221344396,0.9937599438887376,97.92332830795876,58.5360251390017,0.0041670615856464095,0.0041670615856464095,0.40227229718836427,0.06301019985515338,0.0008456103367230419
87,0.258910984875491,0.4878894778436135,0.3547087425869473,0.43138500729702584,0.6264668383162667,0.4878890811322554,0.9935601857992319,96.25133815178505,58.5385615000358,0.004416869236872747,0.004416869236872747,0.40188847561008656,0.0626546097202943,0.0008437762618390562
88,0.26557599445088553,0.4562488641951973,0.334232264036666,0.3875356768032381,0.6194606818967912,0.4562484796535248,0.9924978476304275,102.57251579944904,57.76181916090158,0.005703522608830378,0.005703522608830378,0.376895688348808,0.0627616520684499,0.0008419417438878526
89,0.2468118040034404,0.49511494545860923,0.3596869615510564,0.44297794484347175,0.6208326049705087,0.49511454999449356,0.9940094947814941,102.82675282771771,56.195293930860664,0.003840776590200571,0.003840776590200571,0.4047365208735545,0.060911619319365576,0.000840106781689204
90,0.2704059944416468,0.4870085034626267,0.3536832249566035,0.43168329978473585,0.6167424588618139,0.4870080866698822,0.9933840678288386,109.32340058913597,61.73676654925713,0.004513172002939077,0.004513172002939077,0.4069365927826556,0.06536757931686364,0.0008382713740568662
91,0.25817676805532896,0.4959227265137839,0.35995824578358043,0.44569159529217406,0.6173857531851424,0.4959223264685188,0.9935483015500582,108.95239496231079,61.52869634444897,0.004308132024911733,0.004308132024911733,0.40448921816243033,0.06297189513078102,0.0008364355197985339
92,0.25889452253110135,0.47002480652168993,0.3368074599179227,0.3859064323642008,0.6945434233775416,0.470024437571958,0.9918025456942045,118.17710034663861,62.75958273960994,0.00655674934387207,0.00655674934387207,0.3943674385138645,0.05563734357173626,0.0008345992177157936
93,0.26119772846309036,0.4506326918340288,0.3217624113655505,0.3643517583872872,0.6899882472130882,0.45063232577657764,0.9912714407994196,114.72953825730544,69.20834633020255,0.0071359781118539665,0.0071359781118539665,0.36764391465112567,0.04395346558437897,0.000832762466604078
94,0.2608170004991385,0.46854210646550826,0.3358507349444734,0.3883915132077035,0.6901437310333489,0.46854173305418484,0.9919216999640832,108.20402493843666,68.12228887814742,0.006440291037926307,0.006440291037926307,0.3868229850836892,0.052108496570816405,0.0008309252652526187
95,0.25429218584814894,0.4896331668168879,0.35781907912954114,0.4357440013459176,0.6245054014772088,0.4896327648222455,0.993233900803786,96.33150148391724,58.42200171947479,0.0047670511099008415,0.0047670511099008415,0.41374726739125506,0.07655848405109002,0.0008290876124443998
96,0.25409247547101516,0.48163641740566493,0.3506015513474509,0.4203928234398415,0.6278437346835182,0.4816360040836617,0.9934312563676101,96.90108269911546,57.88382135904752,0.004620405343862681,0.004620405343862681,0.39055371187686644,0.06907703627187473,0.0008272495069561094
97,0.2574960498425823,0.47530313424184545,0.3413294848791702,0.4001126927581958,0.6774078306326489,0.4753027489910465,0.9925485574282132,108.89565891485948,57.756025195121765,0.005670620844914363,0.005670620844914363,0.3827276653901208,0.05993355724674005,0.0008254109475580918
98,0.251940730242775,0.5023641096169558,0.37120149309418804,0.4663916804838122,0.6049123927606975,0.5023637002405827,0.9942436218261719,95.3285231590271,55.55900341730852,0.003642779130202073,0.003642779130202073,0.4124748518370062,0.08215943064827186,0.0008235719330142989
99,0.25229807986089814,0.48527636437197513,0.3526703938930003,0.4294015791147832,0.6385615858877057,0.48527597234801273,0.9931352321918194,108.98915366026071,60.20776601938101,0.004920500975388747,0.004920500975388747,0.4073097222580552,0.06833948094684344,0.0008217324620822401
100,0.25981924833300024,0.46731277811583066,0.3329294677668889,0.380409784035534,0.6955755936082076,0.46731239947706266,0.9914105121905987,126.16272126711331,64.22936657758859,0.0070146964146540714,0.0070146964146540714,0.3851748082960022,0.044752325576085314,0.0008198925335129345
101,0.25516264534627014,0.46885678452216806,0.33642846533770027,0.39050536686965975,0.6749901464613639,0.4688564039220636,0.9921172398787278,109.2429907138531,60.07659284885113,0.006194004645714393,0.006194004645714393,0.38347691985053156,0.05058559245215012,0.0008180521460508585
102,0.2534002408815118,0.4849649793895678,0.3517234958777347,0.428506023903947,0.6190903279626722,0.4849645902331247,0.9931428065666785,103.97406996213473,58.068617820739746,0.004925709504347581,0.004925709504347581,0.3989974664066442,0.06389405836279576,0.0008162112984338965
103,0.2444043101456303,0.4864799795221939,0.35431528608355783,0.4118889457639817,0.6819642113675634,0.4864796045093148,0.9924979576697717,95.38266216791592,60.77491093598879,0.005818055226252629,0.005818055226252629,0.4106540263489408,0.06270060874521732,0.0008143699893932899
104,0.25418415457869953,0.4738901706374265,0.3427618889601414,0.3996045463575115,0.6755303097487554,0.47388979266040854,0.9920882078317496,115.17183567927434,62.44338928736173,0.0062069526085486776,0.0062069526085486776,0.40215556663777374,0.07549015719156998,0.0008125282176535839
105,0.25083981010203177,0.49336297352515324,0.36164501940763505,0.5092908281689346,0.5367551538789624,0.493362570611355,0.9943104707277738,99.85114801847018,61.52801235822531,0.0032250147599440357,0.0032250147599440357,0.4003192295248692,0.07567526457401422,0.0008106859819325769
106,0.24956542984224284,0.46379046114005007,0.33560668964212187,0.4075806344423451,0.6122560983649936,0.46379007800268796,0.9927336802849402,104.53516325583824,59.61095396371988,0.005331901403573843,0.005331901403573843,0.3700053829454471,0.05705533979030756,0.0008088432809412661
107,0.24578098114579916,0.49942192586080886,0.3647866273121127,0.44972312819759624,0.6221376578280471,0.49942151636173343,0.9932051805349497,107.41581894801213,58.12827433989598,0.004813689451951247,0.004813689451951247,0.4064539461575735,0.05571217333468107,0.0008070001133837954
108,0.2461264286046991,0.49543404622000053,0.36108487248139726,0.4256322682339527,0.6620105653241761,0.4954336537988615,0.9929682291471041,108.51587920922499,58.03054566566761,0.005243246371929462,0.005243246371929462,0.3980937061043313,0.060953691171912044,0.0008051564779574008
109,0.2485843115987686,0.47305489693566805,0.33898487542339456,0.3902444568709607,0.6786552505309676,0.473054507102543,0.9922449038578913,112.84039878845215,58.96449907926413,0.006057079021747296,0.006057079021747296,0.3758725179180216,0.05419593304395676,0.0008033123733523561
110,0.24955866629114518,0.46455777551443056,0.33367483522350494,0.38954878530738696,0.6603186214657841,0.4645573899436591,0.9920510145334097,105.6453983600323,60.42990241600917,0.0062448978424072266,0.0062448978424072266,0.3808365234782776,0.054804127949934736,0.0008014677982519177
111,0.23501841036173013,0.486914803993833,0.35279637650717266,0.4212675023359807,0.6583444818166497,0.48691441405279406,0.9925765441014216,95.76402047964243,57.301918607491714,0.00563515149630033,0.00563515149630033,0.3948583313837074,0.0628197193145752,0.0007996227513322692
112,0.234779183824475,0.4436303626050189,0.3160301993433621,0.36813498240895465,0.6485540568427309,0.44362997865449305,0.9919094489170954,110.3448107609382,61.18678534030914,0.00624698858994704,0.00624698858994704,0.3452721113124146,0.045851681668024794,0.0007977772312624649
113,0.24104443944704074,0.47427348675561903,0.3425770670323945,0.399539593019603,0.6789161379119436,0.4742731057698609,0.992264197422908,105.82213977667001,58.8922043121778,0.006034172498262846,0.006034172498262846,0.3838810654664651,0.057332528898349173,0.000795931236704373
114,0.24389844466573918,0.46609419263124724,0.335289338192804,0.3902113536507249,0.6622205832124097,0.4660938049514488,0.9924857433025653,98.38603828503535,59.434722597782425,0.0057384234208327075,0.0057384234208327075,0.37455312736941637,0.05694134834294136,0.0007940847663126185
115,0.24047620530025318,0.49822431663573197,0.3671178394765849,0.4585131939305873,0.6185215012342222,0.49822390555908036,0.9934065158550556,96.49813723564148,60.00135252108941,0.004632271253145658,0.004632271253145658,0.41152552424822575,0.08144135042451896,0.0007922378187345249
116,0.23525827664595383,0.4902833478587815,0.3607582847381648,0.43352593579617726,0.6294984401012905,0.4902829235204951,0.9934578858889066,96.5065691287701,58.55379699743711,0.004606191928570087,0.004606191928570087,0.40684525186784765,0.08291500907104749,0.0007903903926100556
117,0.24256486051644272,0.5082279710001997,0.3774955617504861,0.5010350020680358,0.5725152677401382,0.5082275466792184,0.9944148247058575,103.20134401321411,59.207823414068955,0.0033181447249192456,0.0033181447249192456,0.4190715761476615,0.08352678670332982,0.0007885424865717544
118,0.24703382915602282,0.48932055252699125,0.35748056611553064,0.4413266809558929,0.614315006555264,0.4893201414513797,0.9934667807358962,100.06056560002841,58.184307364317085,0.004432421464186449,0.004432421464186449,0.3943008058928311,0.07655323253801236,0.0007866940992446861
119,0.23297059571800324,0.4844093875401055,0.3499419260310127,0.41158008797425666,0.6675407062241576,0.48440899741120835,0.992544779410729,95.18208786157462,55.23455186073597,0.0057355990776648885,0.0057355990776648885,0.3921300381995164,0.06147919652553705,0.0007848452292463757
120,0.2488293990922662,0.5227188301101675,0.389284489725522,0.5058416272472347,0.5982301291393457,0.5227184164463368,0.9942377163813665,112.60091695418724,60.89381219790532,0.0036565340482271635,0.0036565340482271635,0.42978621342249074,0.0803122679488017,0.0007829958751867468
121,0.23389276969604766,0.5090622810303587,0.3743053348105109,0.47209288926137805,0.6171925837013708,0.5090618872871991,0.9939030500558707,107.93759399193983,60.40407808010395,0.004023038423978365,0.004023038423978365,0.4221674185421203,0.07459041576545972,0.0007811460356680608
122,0.2354680040421394,0.5108206054410088,0.37547212839837046,0.49189518421549683,0.5860741219824447,0.5108202008100897,0.9939535214350774,96.97629534281216,59.40289302972647,0.003961801528930664,0.003961801528930664,0.4195148682439279,0.07336220202537683,0.000779295709284853
123,0.23426121165259525,0.4898155016251235,0.3562291987799757,0.4144904813744596,0.6805796415430334,0.4898151186151728,0.9922577968010535,102.0971744794112,58.44181025028229,0.006137737861046424,0.006137737861046424,0.40162472235561186,0.06441217503295495,0.0007774448946238706
124,0.23400856260783398,0.5000550299965874,0.3698376156472698,0.4598997074925975,0.6323751516049995,0.5000546442774885,0.9935855498680701,93.7184975697444,55.46049630641937,0.004641276139479417,0.004641276139479417,0.42302613853724186,0.08766767884103152,0.0007755935902640081
125,0.2405052985996008,0.506449109093696,0.3731768446543699,0.46251427640962345,0.6363573751753463,0.5064487233758194,0.9935138592353234,93.4686573101924,60.71601746632503,0.004631500977736253,0.004631500977736253,0.42492257118842996,0.08127453779945007,0.000773741794776243
126,0.2341703693024241,0.5151447728956126,0.3806456930242898,0.4829439817370376,0.6171166351823486,0.5151443535377237,0.9940730975224421,103.86856190974896,59.655280214089615,0.003972970522367037,0.003972970522367037,0.4271242524884236,0.08278841926501347,0.0007718895067235705
127,0.222582535388378,0.4976410146586729,0.3641016486243119,0.42861084010424794,0.6642487577503814,0.4976406464210142,0.992872036420382,107.44316849341759,57.69338386792403,0.005386994435237004,0.005386994435237004,0.4059848287655497,0.0677533159748866,0.0007700367246609375
128,0.2382800730948265,0.5028426695440372,0.3696437612646023,0.44630246593205636,0.6483919684996319,0.5028422634081651,0.9932272250835712,99.03172379273634,58.337259164223305,0.004963012842031626,0.004963012842031626,0.4174454216899903,0.07085789711429523,0.0007681834471351756
129,0.24139896851892656,0.5087644991590383,0.3743472181878582,0.44984181915022664,0.6493836693265107,0.5087640916149784,0.993507458613469,110.13640392743625,58.430868552281304,0.004727858763474684,0.004727858763474684,0.4224772242014214,0.07763927673491147,0.0007663296726849344
130,0.23921786055255395,0.48331487062924966,0.35125787681296,0.40983495218645294,0.681343233911943,0.4833144792713965,0.9918914758242093,101.58359164458055,59.65159848103156,0.006563865221463717,0.006563865221463717,0.40969676495744634,0.05999344701950367,0.0007644753998406124
131,0.23154070120877945,0.515757894780358,0.3824279198591751,0.4617796490275516,0.6530988436976723,0.5157574893494986,0.9933822154998779,101.95771186168378,59.12344376857464,0.004896292319664588,0.004896292319664588,0.43468875968073917,0.08178598820590056,0.0007626206271242884
132,0.2206144668161869,0.5063004551115275,0.37290450759556304,0.4522951297030311,0.6458781557570407,0.5063000625142914,0.9933854983403132,100.29221540230971,59.13370894468748,0.004826875833364634,0.004826875833364634,0.41730094830004066,0.07914789350560078,0.0007607653530496521
133,0.23309605231938454,0.5112993310396828,0.3764382729856208,0.4957616558636265,0.589259023962698,0.511298933854508,0.9939071948711689,103.17410944058345,60.885573203747086,0.004138689774733324,0.004138689774733324,0.428580928593874,0.07842194804778466,0.0007589095761219332
134,0.23050701532226342,0.5143790952954183,0.3799696124896435,0.477496802389835,0.6188716706158,0.5143786995457031,0.9940445239727314,98.31210398674011,56.97708694751446,0.004000462018526518,0.004000462018526518,0.42126307424237336,0.07327625742898537,0.0007570532948378305
135,0.22475528996437788,0.49414052471351666,0.36290173462783415,0.43122563569923555,0.6518776979566889,0.4941401424316537,0.9931374513185941,89.82168632287245,54.197567068613495,0.005128897153414213,0.005128897153414213,0.40898477660256016,0.06765583702004872,0.0007551965076854392
136,0.22626430706049389,0.5164172983576729,0.3824244518084351,0.4742354638199796,0.6372775333553828,0.5164169004957342,0.9936704819019024,99.96154906199529,56.88348591327667,0.004497876534095177,0.004497876534095177,0.43035224258511123,0.07109533766141304,0.0007533392131441786
137,0.22618874699737018,0.49287331219666214,0.3623093934089627,0.42652814549737417,0.6540629177122285,0.49287292705134544,0.9926519210521991,97.66773205537062,55.024178862571716,0.00569923107440655,0.00569923107440655,0.4178857316907782,0.07152848461499581,0.0007514814096847186
138,0.22269932402727696,0.5035549743509736,0.3745297401405131,0.4723803155616567,0.5931537919630545,0.5035545638700559,0.9938881764045129,87.72066655525795,55.516173041783844,0.004123486005342924,0.004123486005342924,0.4176053731916603,0.09078607923136307,0.000749623095768904
139,0.22816623073930925,0.4996968746382142,0.3665337925203547,0.43829019009175646,0.6491731482944721,0.4996964667135954,0.9931390652289758,102.07230353355408,56.761675201929535,0.005090951919555664,0.005090951919555664,0.4110083350813231,0.06828636547120717,0.0007477642698496805
140,0.23327733827038452,0.5146361560868453,0.37969308748622743,0.4560705985147881,0.6559152948151538,0.5146357597640165,0.9936959009904128,108.01203689208397,54.76738036595858,0.004492869743934045,0.004492869743934045,0.4246820132702676,0.07026502432731482,0.0007459049303710179
141,0.21482655570770687,0.5186614346690666,0.3868659621006282,0.4932126441777693,0.6204609478906138,0.5186610264220312,0.9936060538658729,100.11973272837125,53.48504350735591,0.004537013860849233,0.004537013860849233,0.43401636385743375,0.08406094031838271,0.0007440450757678328
142,0.22406089384681904,0.5030416250308198,0.3723126088276731,0.47883661894748963,0.6054135676742869,0.5030412438970563,0.9933049862201397,97.04831347098717,60.72284118028787,0.004801640143761268,0.004801640143761268,0.4185810793665719,0.07697271870879027,0.000742184704465911
143,0.22039817581669643,0.5237396690720526,0.39123022317958484,0.47417955639047976,0.6519885337470019,0.5237392508424981,0.9933973642495962,114.58302145737868,59.25066385819362,0.004832304441011869,0.004832304441011869,0.4371559076563034,0.08390578656242444,0.0007403238148818282
144,0.2152795884041832,0.5179597505973945,0.3881798880014754,0.4860802607882473,0.6412508566422308,0.5179593503126166,0.9933398503523606,96.86537628907423,58.268986225128174,0.005007120279165415,0.005007120279165415,0.4449939283367712,0.09163031469170864,0.000738462405422871
145,0.22645950023658,0.522366760338811,0.3887820997802795,0.49175035688927793,0.6211503943958446,0.522366350176405,0.9936299690833459,101.13312514011676,59.512005521700935,0.004531566913311298,0.004531566913311298,0.43238416531923246,0.08197887041247807,0.0007366004744869555
146,0.22578072698357013,0.5275414469159025,0.3951977735447657,0.48197119715730713,0.658000081411039,0.5275410384548924,0.9936363513653095,110.73654438899113,58.65379858016968,0.00469668094928448,0.00469668094928448,0.4399772752748014,0.09159602167514655,0.0007347380204625457
147,0.22658087083926567,0.4937567167228188,0.36215116097670996,0.4219098452278042,0.6765961294687676,0.4937563232046137,0.9924845512096698,106.60319799643297,60.337505487295296,0.00592343623821552,0.00592343623821552,0.42216626514010175,0.06861243740870403,0.0007328750417285716
148,0.21783856818309197,0.5107916499602594,0.38073662740726044,0.460041294768363,0.6411833394898164,0.5107912335202476,0.9933884694026067,96.54580036493448,57.142296580167915,0.0049008589524489185,0.0049008589524489185,0.4182955233348436,0.09157439378591684,0.0007310115366543449
149,0.22214869288011238,0.5315163700164738,0.39806954735714634,0.5177471526107067,0.6135325283941291,0.5315159814289377,0.9942583854381855,94.77584191469046,49.020893711310165,0.0037085826580341044,0.0037085826580341044,0.4415620114922639,0.08281985856592655,0.0007291475035994755
150,0.2170780815470677,0.5204336563094786,0.38748832406314754,0.4659317724886037,0.665367839541012,0.5204332763186205,0.9932954127971942,98.13795111729549,55.975403904914856,0.005062506749079778,0.005062506749079778,0.43675934695280516,0.08322622426427327,0.0007272829409137847
151,0.2173044950199815,0.5280586181681672,0.3952334351845155,0.4816236995440457,0.6505624571986981,0.5280582112296169,0.9936971664428711,107.30385312667259,59.485249721086944,0.004561974452092097,0.004561974452092097,0.43830506785707257,0.09209654523203006,0.0007254178469372199
152,0.22413847215760213,0.5123727969321823,0.3808292580408302,0.4495122696422227,0.673114231112497,0.5123724252558922,0.992857291148259,94.43194976219765,58.43774934915396,0.005657672882080078,0.005657672882080078,0.4263143800268993,0.08533616879811654,0.0007235522199997669
153,0.21125917480542108,0.4969253929906801,0.37045209555403014,0.46460714709471834,0.6105315909918807,0.4969250035401092,0.993437620309683,89.19242380215572,53.87535347388341,0.004874137731698843,0.004874137731698843,0.4274727169137735,0.09758638705198582,0.0007216860584213608
154,0.22595918708695814,0.523112473017229,0.3915857145527459,0.5125554602445251,0.5836103937929763,0.5231120683826306,0.9943029697124774,95.25749179033133,56.93450703987708,0.0035996070274939905,0.0035996070274939905,0.43414545157485496,0.09218901639374402,0.0007198193605117973
155,0.22345037958942926,0.5339262622396876,0.4027829972097527,0.507512586815766,0.6247208281466649,0.5339258504682495,0.9944318624643179,96.66788484500005,56.69440430861253,0.0036974320044884314,0.0036974320044884314,0.4452197520455369,0.10377873809864888,0.0007179521245706413
156,0.21684399605370486,0.5162606141996687,0.3858288412019226,0.4584026950080679,0.6523078108046041,0.5162602198812002,0.9935912719139686,103.66863993497995,55.28921369405893,0.004744639763465295,0.004744639763465295,0.43127482355787206,0.08937683085409495,0.0007160843488871357
157,0.2144064070083774,0.4854327561003593,0.3563055884067335,0.4033413508291032,0.6789120714490866,0.4854323634286918,0.9925166093386136,97.64074052297153,63.44405830823458,0.005929910219632662,0.005929910219632662,0.3978177158071328,0.07104725963794269,0.0007142160317401089
158,0.2181833998944897,0.5309545208726286,0.3987608252620962,0.4881366406937154,0.6406256786888732,0.530954126268652,0.9937611359816331,94.68256510221042,57.9035504414485,0.0044309726128211385,0.0044309726128211385,0.43958884605088033,0.09237229050352024,0.0007123471713978799
159,0.21407714041952902,0.5316194341912577,0.3985822218148465,0.4891802814965348,0.6436595665703723,0.5316190450238107,0.9943150006807767,104.8161051273346,58.654642095932594,0.003925360166109526,0.003925360166109526,0.43572940774560737,0.08641102036031392,0.0007104777661181647
160,0.21527841676456425,0.5184733690107026,0.38950753385206116,0.4980816818397178,0.6042523614472045,0.5184729672395689,0.9945824146270752,100.70910365764911,57.655026866839485,0.003467266376201923,0.003467266376201923,0.43387702983125986,0.10100411136563008,0.0007086078141479791
161,0.20820165346734798,0.5091968431012346,0.37808797050878545,0.43688350587590247,0.6724079630678786,0.5091964656917202,0.993484900547908,96.38171994686127,58.347233396310074,0.004897062595073993,0.004897062595073993,0.4207372591150103,0.0820465089323429,0.0007067373137235415
162,0.2240858728495928,0.507261296947573,0.37577353946175646,0.4351811844302823,0.6868246480514498,0.5072609133494727,0.9931133343623235,104.00905508261461,57.64922825189737,0.005360823411207933,0.005360823411207933,0.4233113036771101,0.08716268006425637,0.0007048662630701754
163,0.2119092562307532,0.5231329907760549,0.3926844880727,0.5155235297089381,0.5932040026537624,0.5231325998902969,0.9947310961209811,95.19085097312927,60.18313177732321,0.0031901873075045072,0.0031901873075045072,0.42948758544830173,0.09144972207454535,0.0007029946604022085
164,0.21247096108989075,0.5068515416728032,0.37496755641731655,0.4465775851672714,0.6640355691256421,0.506851136326235,0.9932380089393029,103.70893205129184,64.65405974021324,0.005102726129385142,0.005102726129385142,0.4223417952605443,0.08055277541279793,0.0007011225039228726
165,0.2149848723784089,0.5165002048106699,0.3875121288092643,0.44355679562671646,0.6838572003503381,0.5164998242488519,0.9933451689206637,89.9210429925185,56.12568663633787,0.0051273932823768026,0.0051273932823768026,0.43523086526623117,0.093613804389651,0.0006992497918242011
166,0.21291502873198345,0.49130348764910037,0.36063485434506554,0.40435941430923694,0.6947933612527379,0.4913030974746216,0.9926929290478046,105.75402525755075,58.32003874045152,0.005855633662297175,0.005855633662297175,0.4057924034552164,0.07135611027479172,0.0006973765222869263
167,0.21270218434242102,0.5178214543330646,0.38352279504649756,0.4555766613824655,0.6759260821849726,0.5178210435628743,0.9933860852168157,108.50064611434937,66.21104283516223,0.0049871297983022835,0.0049871297983022835,0.42404163745886064,0.07683594367251946,0.0006955026934803739
168,0.21075972076505423,0.5150662219445064,0.384478906327807,0.498701298773213,0.6002659500774405,0.5150658132938819,0.9941293459672195,91.6694416816418,55.39021047262045,0.0038965665377103365,0.0038965665377103365,0.42161514724676424,0.08748803058495888,0.000693628303562358
169,0.20688446181324813,0.5000567808829091,0.3715800144433245,0.4343429127673496,0.6489049552707841,0.5000563974564118,0.9934375286102295,90.35373243918785,55.65280199967898,0.004811378625723032,0.004811378625723032,0.4116348550680256,0.08724627959040496,0.0006917533506790733
170,0.20298247376027015,0.5241225633104551,0.392069920357867,0.4742438160894445,0.6494133693063979,0.5241221639556298,0.9935435515183669,94.6656825359051,53.531072148909935,0.004691435740544246,0.004691435740544246,0.4358763662412457,0.09451592570314041,0.000689877832964987
171,0.20019032519597274,0.5226441292288531,0.39155562672412453,0.5144378036957244,0.5910793297898939,0.5226437204311822,0.9945138417757474,93.6959005685953,57.2156471655919,0.0034160247215857874,0.0034160247215857874,0.420950211703878,0.08790968702389644,0.0006880017485427283
172,0.20341267386594644,0.5099152894092085,0.3813293834263106,0.4645434815940726,0.6204947337491131,0.5099148910779571,0.9938247754023626,88.6534372476431,53.90051098053272,0.004294597185575045,0.004294597185575045,0.41984943644358563,0.08577283414510581,0.0006861250955229781
173,0.20639135810331657,0.509711426045678,0.3764789310862135,0.46762692012207224,0.6153007013276343,0.5097110305841409,0.9938165774712195,99.07825847772452,58.28507538025196,0.0040643581977257365,0.0040643581977257365,0.40034246584208144,0.07298807914440449,0.0006842478720043559
174,0.20657517037426049,0.5118621507655543,0.3804626702828476,0.5099204108337011,0.5549295167493256,0.5118617398235,0.9945529791025015,93.17581253785353,53.484762476040764,0.0030393600463867188,0.0030393600463867188,0.4067564745648549,0.07973871723963664,0.0006823700760733055
175,0.2066155534524184,0.5115225848208818,0.38286506529009023,0.4530399536446042,0.6419442446168921,0.5115221979526725,0.9938195668734037,89.67794126730699,52.543819106542145,0.00443265988276555,0.00443265988276555,0.41586958731596285,0.08709559646936563,0.00068049170580398
176,0.20253817149652883,0.5448988217710016,0.4138674002563437,0.5349164032267278,0.6055815152233733,0.5448984205723247,0.994735626073984,101.68865981468788,59.679322242736816,0.003172415953416091,0.003172415953416091,0.45421289337369114,0.10362020149253882,0.000678612759258125
177,0.2141996927989217,0.5238657572639531,0.3964260373973501,0.507295751680388,0.5934320505481849,0.5238653212212848,0.9944392717801608,95.63464918503395,54.57518738966722,0.0033502762134258565,0.0033502762134258565,0.43320052154404737,0.10256240889430046,0.0006767332344849599
178,0.20718565891281918,0.5309215150633516,0.3993375747998454,0.5072557543230082,0.6142197064174184,0.5309211148773324,0.9943664807539719,102.21980696458083,56.47827476721544,0.0034242043128380408,0.0034242043128380408,0.4328895532996914,0.1002742569320477,0.0006748531295210577
179,0.207852106469755,0.523590515731654,0.393341362070184,0.4788441367402259,0.6442884796148507,0.5235901095618118,0.9938450043018048,96.94852761121896,57.84802690836099,0.004436291181124174,0.004436291181124174,0.4308549261546047,0.09561641858174251,0.0006729724423902248
180,0.197733280607141,0.5307451910853023,0.3994039586685808,0.5246793410194728,0.5957025405289011,0.5307448007740075,0.9947921679570124,94.92104073671194,59.383764450366684,0.0031345807589017428,0.0031345807589017428,0.4322503605565417,0.0992359067671574,0.0006710911711033769
181,0.20491474179121164,0.5210625305965144,0.3874082508188775,0.5122004865308928,0.5977313003843917,0.5210621173566001,0.9944170805124136,98.78403041912959,60.09198082410372,0.0035653114318847656,0.0035653114318847656,0.41965107218577313,0.08307063250014415,0.0006692093136584148
182,0.2094443873144113,0.5205926173107442,0.3900603852692019,0.4882168385972404,0.6371853742444867,0.5205922464912074,0.9938512215247521,94.01539676006024,55.078075830753036,0.0043985843658447266,0.0043985843658447266,0.43112455847134556,0.08657435026879494,0.0006673268680400988
183,0.19485679956582877,0.5405795226460501,0.4082409425079285,0.5064652819067357,0.6449990833779852,0.540579115470483,0.9943187236785889,100.39810419082642,58.42366465238425,0.0038901475759652946,0.0038901475759652946,0.44618141405187717,0.09255025979991142,0.0006654438322199202
184,0.19512303005187556,0.5363663103364669,0.4059345590143582,0.49853412919315043,0.652696088910309,0.5363659035199915,0.9938912391662598,97.39720206994276,55.60994647099422,0.0044020139254056494,0.0044020139254056494,0.4469983634093856,0.10722944871164285,0.0006635602041559724
185,0.19343697680876806,0.5374676046608257,0.40617897907433426,0.5223013816180658,0.6109003483085801,0.5374671919988281,0.9945596364828256,93.99766135215759,59.60514981013078,0.0034746940319354716,0.0034746940319354716,0.4410456742804784,0.10572438687086105,0.00066167598179282
186,0.2057261044302812,0.5353580386784909,0.4041355960263203,0.5228085684353613,0.6229179250489184,0.5353576632647259,0.9943356880774865,102.4682094684014,60.098165704653816,0.003857869368333083,0.003857869368333083,0.4512089422115913,0.10285574985811344,0.0006597911630613657
187,0.20318696590570304,0.5347557102368777,0.4006001212959456,0.49815112583055216,0.6337116522267584,0.5347553004439438,0.994097507916964,98.42399408267094,57.60100317001343,0.004031823231623723,0.004031823231623723,0.4360799652061594,0.09095461953144807,0.0006579057458787157
188,0.19569274553885826,0.5294788267904417,0.39750038948594485,0.5053409189177681,0.6178137661155723,0.5294784261630794,0.9943637297703669,89.23596343627342,58.82913827896118,0.0037703147301307092,0.0037703147301307092,0.4340257405336717,0.09450914796728355,0.0006560197281480442
189,0.19649081104076827,0.5340513071343571,0.40122403091366865,0.5372054476790532,0.5795241652755906,0.5340508996294707,0.9946447702554556,91.15178629068228,59.35456627148848,0.0032076102036696216,0.0032076102036696216,0.43713306162792903,0.08948618517472194,0.0006541331077584547
190,0.19513349149089593,0.5313164345463055,0.398977588587229,0.5254992713860569,0.5878073814952726,0.5313160299109032,0.994429349899292,95.82523290927594,59.313926119070786,0.0034674681149996244,0.0034674681149996244,0.42652312315112795,0.08847012356496774,0.0006522458825848401
191,0.1839328661131171,0.5334210637850055,0.4012237848705697,0.49719386416578654,0.6303204960876566,0.5334206348254006,0.994175544151893,93.83080588854276,53.21749960459196,0.004079488607553335,0.004079488607553335,0.4326718999559839,0.09605548330224477,0.000650358050487742
192,0.19729648186610296,0.5167754261125969,0.38596651522927855,0.4558939364541646,0.6647057955239244,0.5167750207698592,0.9933599875523493,92.55929448054387,55.83083130763127,0.005091392076932467,0.005091392076932467,0.4181053045990639,0.0900178521585006,0.0006484696093132058
193,0.18374008986239249,0.526134678387593,0.39415446956427885,0.4903613658604089,0.6206754034511295,0.5261342840699397,0.9939897243793194,96.36929781620319,57.07862820992103,0.004082808127770057,0.004082808127770057,0.42736872457540953,0.09609360262178458,0.0006465805568926364
194,0.20379864796996117,0.5349361627306022,0.40371362178808,0.530666260211135,0.602993923997089,0.5349357701265616,0.9942555794349084,94.44895722315862,56.470732166216926,0.0037474632263183594,0.0037474632263183594,0.4474144102454235,0.09998845394987327,0.0006446908910426501
195,0.1986063661483618,0.5245968352925771,0.39654716665153256,0.5322919044047868,0.5830251638688844,0.5245964438297335,0.9943776680872991,93.93408577258771,59.07399208729084,0.0036635765662560095,0.0036635765662560095,0.43892645557794524,0.10100540733681275,0.0006428006095649255
196,0.19653511115421468,0.5433920625697402,0.4114180690798631,0.494340305384781,0.6642300717203001,0.5433916615573281,0.9940081743093637,93.27418154936571,54.92057926838215,0.004378685584435096,0.004378685584435096,0.4547288702154989,0.09806928110237305,0.0006409097102460521
197,0.19428738170804885,0.5282742579888461,0.40059460115265083,0.5181797981846626,0.5932545743691869,0.5282738310388868,0.9945703653188852,92.63196338140048,54.3933722789471,0.0034903562985933744,0.0034903562985933744,0.4352750176648652,0.1102624092824184,0.0006390181908573774
198,0.18830270803748414,0.5260626334530483,0.39514379656032256,0.4945759749128173,0.6051104413660584,0.5260622167171983,0.9944524948413556,92.7291027032412,54.21491618798329,0.0036542782416710486,0.0036542782416710486,0.42600098413123094,0.09684700189301601,0.0006371260491548504
199,0.20093757372636062,0.5301781901732578,0.3957409380663069,0.5341385158677113,0.5659915159073068,0.5301777586618839,0.9945537677178016,93.21704928691571,57.8500199501331,0.003121797855083759,0.003121797855083759,0.4230787104836334,0.07865701214625286,0.0006352332828788649
200,0.18921419369200101,0.5422788511766699,0.4099957157519436,0.5136031463772001,0.6410286105194829,0.5422784375170571,0.9942337366250845,89.67757197526785,54.306381519024185,0.004060873618492713,0.004060873618492713,0.453813811020854,0.10164369112597062,0.0006333398897540993
201,0.1952559334727434,0.550561209724027,0.4164492442190506,0.5094351954919513,0.6607491432457139,0.5505608068063252,0.9943207777463473,93.73691137020404,55.18563649287591,0.003974217634934645,0.003974217634934645,0.45673194680033735,0.10104787435669166,0.0006314458674893553
202,0.19363952338552246,0.5530251602802807,0.41902086911985453,0.5333289880529299,0.6202751017544473,0.5530247476686674,0.9944405555725098,92.7791448189662,55.8474700817695,0.0036112161783071663,0.0036112161783071663,0.45367132808636457,0.09678992156225902,0.0006295512137773931
203,0.19592844787985086,0.5350447260707251,0.40336320896388594,0.47743761400385043,0.671598405895316,0.535044325041039,0.9936496477860671,93.50905051598183,52.45520091056824,0.004681825637817383,0.004681825637817383,0.4372407418962041,0.09861750255983609,0.0006276559262947659
204,0.19223826858573234,0.530434134137149,0.3988977815860008,0.5032917811970423,0.6282603381642123,0.5304337263784047,0.9941758559300349,97.0451204593365,57.52786521728222,0.0040129148043118994,0.0040129148043118994,0.4368613300673762,0.09633205788066754,0.00062576000270165
205,0.19021674646781042,0.5409292597575814,0.41056304695725715,0.5006931828887043,0.6478656904567661,0.5409288514996878,0.9941238806797907,87.78686041098375,53.294323650690224,0.004135993810800405,0.004135993810800405,0.44640756152036304,0.09902362382182708,0.0006238634406416756
206,0.20127551909536123,0.5269650502479919,0.39668678384987327,0.47810775589583254,0.6466044816911141,0.5269646278667851,0.9941403682415302,94.72777032852173,55.62311514524313,0.004089813966017503,0.004089813966017503,0.42937375232969105,0.10008605225728108,0.0006219662377417515
207,0.18830536073073745,0.5295689910028177,0.4018804150850972,0.5046733996879008,0.6079212013991144,0.5295685812503452,0.9944338615124042,91.43612184891334,56.1608572097925,0.0036589732536902795,0.0036589732536902795,0.43767191326154575,0.10538758881963216,0.0006200683916118909
208,0.19311876537708136,0.5290953729110871,0.3983370601653509,0.47126843065117563,0.6517119523407298,0.5290949705701907,0.9941700605245737,97.85630039068369,54.22332180463351,0.004117397161630483,0.004117397161630483,0.4338402657909822,0.10310888490997829,0.0006181698998450326
209,0.18801285677517837,0.5288862734499666,0.40033629520101255,0.5031412449106815,0.6150627146217024,0.5288858575334962,0.9943556235386775,92.21488275894752,54.3601218186892,0.003813761931199294,0.003813761931199294,0.43483604971250034,0.10743683805832496,0.0006162707600168605
210,0.18868399393529847,0.52729618741492,0.39649256496624646,0.4702035373113454,0.6610295391383564,0.527295788839626,0.9935477146735558,101.84032957370465,55.89753658954914,0.004847013033353365,0.004847013033353365,0.4352891165897465,0.09721670486032963,0.0006143709696856199
211,0.1879948008662233,0.5295335209249681,0.40106806575625326,0.5350509092630815,0.5766159606650595,0.5295331266064311,0.994472650381235,96.5338925765111,54.1410736487462,0.0035741329193115234,0.0035741329193115234,0.4408684564410018,0.09888007348546615,0.0006124705263919325
212,0.19060340706402293,0.5231197602056463,0.396997305912395,0.5053421381747245,0.6015178491318366,0.5231193570832716,0.9942106833824744,87.8520219876216,47.72518748044968,0.003958353629479041,0.003958353629479041,0.42979909148639833,0.10462423843833116,0.000610569427658607
213,0.1907715298092136,0.5253681133678249,0.3964499934466908,0.48108222594741823,0.633117589352808,0.5253677070141228,0.9939811413104718,99.1336040680225,58.324013554132904,0.004184062664325421,0.004184062664325421,0.42600428109457983,0.09697090375881928,0.0006086676709904492
214,0.18251264550221655,0.5255404601980626,0.3946230208175452,0.4784056745022794,0.6470151659370738,0.5255400624413132,0.9939332191760724,101.13855580183176,57.69884216785431,0.004326050098125751,0.004326050098125751,0.4263850434866207,0.09662890749482009,0.0006067652538740668
215,0.19121639072321928,0.5258302860784886,0.399455750502478,0.51325118941003,0.5930278527489417,0.5258298702448791,0.9945560968839205,95.70786454127385,54.14422518014908,0.003492263647226187,0.003492263647226187,0.42989450465169143,0.1046400422660204,0.0006048621737776744
216,0.1925425502973107,0.5270798186756426,0.39737296542941575,0.5057636581857322,0.6080040085319197,0.5270793990550241,0.9941279888153076,95.56602795307452,54.42755142542032,0.00394590084369366,0.00394590084369366,0.4285076225670099,0.09756394848227501,0.000602958428150892
217,0.18103123635340196,0.5370534004258896,0.4079315438354343,0.5143106937772901,0.6174376155833554,0.5370529894650413,0.9944232610555795,96.02405461898216,52.24402190171755,0.003814513866717999,0.003814513866717999,0.4432980270808352,0.10326019660211526,0.0006010540144245451
218,0.1821327690894787,0.5505497815687287,0.4197753480501121,0.5211326196557344,0.6437919439332406,0.5505493655174273,0.9944754197047307,107.90146651634804,55.85824368550227,0.0038300294142503003,0.0038300294142503003,0.45781301193394836,0.11299409301808247,0.0005991489300104574
219,0.18039067877599826,0.5469067916388448,0.41734112284501984,0.510048205765276,0.6507682148063535,0.5469063927348221,0.9942918924184946,97.80584232623761,53.08726497338368,0.004015574088463416,0.004015574088463416,0.4590089121976724,0.11415125214709686,0.0005972431723012443
220,0.18812104364713797,0.5532085214354567,0.4231785027474585,0.5211139776336436,0.6368104543234178,0.5532080817121627,0.9943303144895114,98.02275021259601,55.829126848624306,0.003871917724609375,0.003871917724609375,0.45889922833332375,0.10876404479719125,0.0005953367386701004
221,0.18459973452039635,0.5437792778537391,0.41219615659217074,0.5022906729185587,0.6464499099441501,0.5437788584923613,0.9942482251387376,101.53176469069261,60.71434535430028,0.0039992149059589095,0.0039992149059589095,0.4476529232540812,0.10896373253602248,0.0005934296264705859
222,0.1817389499539366,0.536553776912843,0.40998505501895477,0.526127307770454,0.5982674573459428,0.536553385452666,0.9946905466226431,98.02988074376033,52.96020978230696,0.0035011768341064453,0.0035011768341064453,0.446593981092939,0.11124437703536107,0.0005915218330364093
223,0.18220396955999044,0.5414036231666236,0.413900719251255,0.5137032370874974,0.6191687132286461,0.541403223688832,0.9947324716127836,100.64366459846497,49.96770250797272,0.003426808577317458,0.003426808577317458,0.44805238411033943,0.10354058501812127,0.000589613355681206
224,0.1862312239379837,0.5369616489115815,0.4061639505341648,0.4971139332280771,0.6527558738205419,0.5369612551652916,0.9941057792076697,103.63900718322166,55.879524276806755,0.004190481626070463,0.004190481626070463,0.4455971798405034,0.10384695260570599,0.0005877041916983153
225,0.18577672967400688,0.5239112729759,0.3950495255803662,0.5120147067062141,0.5741062944881168,0.5239108640414473,0.9945932901822604,96.05974153371957,52.777869252058174,0.0032435013697697567,0.0032435013697697567,0.4161880924724616,0.09397553065075324,0.0005857943383605531
226,0.18691854479794318,0.5512420077541309,0.42172871794504274,0.5273795710884903,0.6348804712449471,0.5512415972032814,0.9945126496828519,95.36876172285814,52.62537480317629,0.00378566521864671,0.00378566521864671,0.4577576935629307,0.11456660424860624,0.0005838837929199803
227,0.17941225316518775,0.5349214186066569,0.4047471362415366,0.5074155027128678,0.6177323083447845,0.534921023135081,0.994598572070782,91.58426680931679,50.675189183308525,0.003629262630756085,0.003629262630756085,0.43685559541560137,0.10421925983749904,0.0005819725526076705
228,0.17888687264460784,0.5523324789468419,0.42173741315023733,0.5091779518751592,0.6588773590996985,0.552332086058816,0.9939767580765945,94.98594907613901,52.457374572753906,0.00441586054288424,0.00441586054288424,0.46592507497049296,0.11129147072251026,0.0005800606146334708
229,0.1756989566895824,0.5367455829337183,0.4074845593538366,0.5130801079233145,0.6132083272687641,0.5367451857489288,0.994246244430542,90.95089448415317,54.07098760971656,0.003929651700533354,0.003929651700533354,0.4449163539191851,0.09966467292262958,0.000578147976185762
230,0.18124918901146606,0.5397101752526241,0.40899685479673403,0.4996380450302694,0.6376640673128513,0.5397097685983582,0.9941400014437162,93.83047070870033,54.1833717914728,0.0041340131026047925,0.0041340131026047925,0.4483073884597476,0.10394159747430912,0.0005762346344312134
231,0.176210751864486,0.5336258340020356,0.4062754972273802,0.5015237759918334,0.6265730274565287,0.5336254082918431,0.9942660881922796,91.47370118361253,53.488960632911095,0.00407257446875939,0.00407257446875939,0.44663349488679727,0.10660695198636788,0.0005743205865145341
232,0.17326449051212806,0.5366138545783317,0.4082266260955348,0.49928080634945543,0.6342338721031455,0.5366134441171384,0.9941961765289307,91.869760623345,50.502657771110535,0.004045908267681415,0.004045908267681415,0.43930372719451216,0.10657123361642544,0.0005724058295582214
233,0.17173640311767274,0.5317290060720127,0.4040370671719821,0.4795025010273154,0.6372422270720306,0.5317285927371096,0.993918198805589,96.61672984636746,51.598598113426796,0.004401225310105544,0.004401225310105544,0.44250468082967787,0.10549715218635705,0.0005704903606623043
234,0.18307730161513275,0.53553910011105,0.4054620011093925,0.4820112698169313,0.6594784788547282,0.5355386891270474,0.9938165958111103,91.65619232104375,54.62702418749149,0.004485625487107497,0.004485625487107497,0.4409590296322279,0.10530628378574665,0.0005685741769040841
235,0.18013194103080493,0.5360494241801164,0.40857735907752085,0.5243041870816916,0.6017053208655013,0.5360490287153039,0.9943087100982666,94.07368795688336,55.30376614515598,0.003760502888606145,0.003760502888606145,0.44110977520736366,0.10846659698738502,0.0005666572753378695
236,0.17743131016882566,0.5402693674100603,0.4106834777404952,0.5093284845541816,0.6370611753584223,0.5402689868441458,0.9944149897648737,96.27540437991803,49.84192068760212,0.0038428489978496847,0.0038428489978496847,0.4458762968962009,0.10655906982719898,0.0005647396529947098
237,0.16849813939860234,0.5408341185580195,0.41159467973996827,0.5180492292450711,0.612217113488581,0.5408337219404141,0.9944775104522705,93.4896293420058,49.635229243681984,0.0036467955662653996,0.0036467955662653996,0.43686231514925566,0.10941823485952157,0.000562821306882122
238,0.17831654735625938,0.5282963028394205,0.40096511716317357,0.47706376084113294,0.6613675118385447,0.5282958890289333,0.9936131330636832,91.12915686460641,55.68512593782865,0.004805161402775691,0.004805161402775691,0.4350728665634821,0.1063632144091221,0.0005609022339838143
239,0.17925736075267196,0.5448552312888746,0.4140160814630265,0.4987868153884393,0.656361295739631,0.544854830950544,0.9943077747638409,94.12432360649109,53.528627056341904,0.003991548831646259,0.003991548831646259,0.44685906186126745,0.0994669207586692,0.0005589824312594061
240,0.17710098602737373,0.5460084769625879,0.41653058099390466,0.49652676997727296,0.6662923195413661,0.5460080730039597,0.9940989200885479,92.60115860058711,55.06886142033797,0.004314312568077674,0.004314312568077674,0.44979815963485564,0.10110181254836229,0.0005570618956441422
241,0.1746445902121755,0.5385459340713825,0.41001592893502103,0.5258711900536379,0.6109152781258532,0.5385455345878964,0.9945801955003005,95.12847841702975,49.76455340477136,0.003687748542198768,0.003687748542198768,0.44773750322369427,0.10590468175136127,0.0005551406240486037
242,0.18525754416791293,0.5624388227250574,0.43251361069024513,0.567337146196024,0.6044229224307156,0.5624384198051791,0.9952016977163461,94.49762975252591,58.51868621661113,0.0028192996978759766,0.0028192996978759766,0.46947990787717014,0.12042533692259055,0.0005532186133584137
243,0.1697207002972181,0.5476994967362652,0.41835802049757426,0.5143342365041392,0.6330497162829348,0.547699095538077,0.9946224322685828,99.49583240655753,48.71880813745352,0.003586879143348107,0.003586879143348107,0.44835357196055925,0.11033923465472001,0.0005512958604339385
244,0.1720101203626165,0.5598784656637044,0.430322356251346,0.5384272228279741,0.6289201551887975,0.5598780535735259,0.9947546628805307,99.06288247842055,49.677886930795815,0.003457032717191256,0.003457032717191256,0.46192087129516135,0.11063046395205535,0.0005493723621099843
245,0.1793542288315411,0.5580583656183838,0.4295441792108728,0.5283807304188721,0.6448124992142626,0.5580579552513374,0.9943447113037109,91.05343261131874,49.560569511010094,0.003968568948599009,0.003968568948599009,0.46770166892271775,0.11622326190655048,0.0005474481151954883
246,0.17679714096280244,0.5473427759998819,0.41862381554527733,0.5061070355237518,0.6516269227132513,0.547342362360335,0.9939561073596661,94.77720135908861,53.74094745746026,0.004445754564725435,0.004445754564725435,0.4508011931128959,0.11024119719289817,0.0005455231164732059
247,0.17513452656567097,0.5546373796684289,0.42631308907419957,0.5259509356111334,0.6327325886241641,0.554636972741476,0.9943618407616248,93.05767860779396,53.657932643706985,0.003939573581402118,0.003939573581402118,0.46087800414960295,0.11676068589664422,0.0005435973626993919
248,0.1800197038369683,0.5496568763009638,0.42100646806279135,0.520872984379505,0.631956565951511,0.549656483129849,0.9943476640261136,95.95216270593497,50.21834702216662,0.003954685651339018,0.003954685651339018,0.45789473725984386,0.12168095146234219,0.0005416708506034778
249,0.17038516263262585,0.5567173883408065,0.42695021343664347,0.5159685714995453,0.6694295510632611,0.5567169934511481,0.9939371439126822,91.83947867613573,50.38461770919653,0.004580112603994517,0.004580112603994517,0.4661016365369925,0.11102985719648692,0.000539743576887742
250,0.17195457689320812,0.5556763943684287,0.42590243284502427,0.5177587273764486,0.645339641546413,0.5556760040613686,0.994306729390071,93.18547417567326,49.989771311099716,0.004005817266610952,0.004005817266610952,0.4591154914635878,0.10831720611223808,0.0005378155382269764
251,0.17396275974953404,0.5409877747429088,0.4138230690147997,0.534516656071657,0.6004406060146721,0.5409873861533455,0.9944094327779917,91.27435664030222,53.261244622560646,0.003750470968393179,0.003750470968393179,0.4467995110457471,0.1171970280030599,0.0005358867312681466
252,0.1719796943406646,0.540215428858012,0.4146949648072136,0.5168342329050051,0.6169892176096462,0.540214996708844,0.994310030570397,93.01830951984113,52.605398705372444,0.0039029488196739783,0.0039029488196739783,0.44713425044210453,0.11743920124494113,0.0005339571526300471
253,0.17103040916845202,0.5368248791755753,0.41001157721571224,0.5040274993286432,0.6360703707870505,0.5368244825647829,0.9940004898951604,92.70420011190268,54.21042906321012,0.0043552655440110425,0.0043552655440110425,0.44212946870151026,0.11082637510620631,0.0005320267989029498
254,0.1693634375786552,0.5446658974183318,0.4142747103121443,0.514556123958624,0.6358239285057677,0.5446655062529119,0.9942953036381648,97.15241806323712,55.19812304240007,0.004025734387911283,0.004025734387911283,0.4497463870262401,0.10619876304498085,0.0005300956666482484
255,0.1725291684986307,0.5467471864462607,0.4196053714807926,0.5199615012691897,0.6275518778407926,0.5467467892628811,0.994179945725661,91.77096322866586,54.062459785204666,0.004105494572566106,0.004105494572566106,0.4524357859045267,0.1133582410044395,0.000528163752398095
256,0.17176696826488927,0.5614784743381581,0.43189182710484125,0.5316633558657956,0.6459326884899057,0.5614780469063659,0.9946656227111816,93.44271469116211,53.75368804198045,0.003687546803401067,0.003687546803401067,0.4653581807932334,0.1156332717778591,0.0005262310526550319
257,0.1642053138034848,0.5398350275049612,0.4124830788001041,0.5287951016255983,0.5917168954226957,0.5398346221504903,0.9948032269111047,94.4805018718426,52.86728876829147,0.0032953299008882963,0.0032953299008882963,0.43696029333827585,0.11550898792651984,0.0005242975638916167
258,0.17171258787409618,0.5382048760025983,0.4113883926448203,0.5021140460936915,0.6246910457410615,0.5382044865535416,0.9941100157224215,95.49997835892897,52.81416196548022,0.004117012023925781,0.004117012023925781,0.4441781584889843,0.10638155558934578,0.0005223632825500419
259,0.16516311599228245,0.5474373735622152,0.42043646727244516,0.5299714491500936,0.6163746417697928,0.5474369735099407,0.9942068136655368,94.87952731205867,54.896582727248855,0.00393832646883451,0.00393832646883451,0.4498666844402368,0.10641125947810136,0.0005204282050417462
260,0.17928703774053317,0.5422455401068234,0.4126631470565221,0.49028939264137905,0.661194789720547,0.5422451445797318,0.9936769008636475,102.3065800850208,55.52092167047354,0.004776386114267202,0.004776386114267202,0.44982791084797624,0.11220958929222363,0.000518492327747022
261,0.17046921488900596,0.5503433644879958,0.42219774698346324,0.5010324731024896,0.6636957240775351,0.5503429670173803,0.9940028557410607,94.48542930529668,51.5409697661033,0.0044432970193716195,0.0044432970193716195,0.4580411989266804,0.1168930112169339,0.000516555647014613
262,0.16609353561384174,0.5487157940411574,0.4215483873343016,0.5194162097549524,0.6306702094565341,0.5487153865397433,0.9943733031933124,93.01585738475507,49.62976695482548,0.0038951727060171273,0.0038951727060171273,0.45591998816682744,0.11874668285823785,0.0005146181591613082
263,0.1745163597381459,0.5468810210936258,0.41929818773691824,0.5493732845867147,0.5912638750654341,0.5468806070365558,0.9944656262030969,91.51719674697289,49.553919384112724,0.0035684292133037862,0.0035684292133037862,0.45047833358729317,0.1177772029947776,0.0005126798604715261
264,0.17532204575120255,0.5471314728978369,0.4196975482228939,0.5554071035246826,0.5807533065225983,0.5471310444409553,0.995112235729511,92.59658850156345,48.518806723447945,0.0028928426595834587,0.0028928426595834587,0.4515115232197742,0.11279870455081646,0.000510740747196894
265,0.1765957843297376,0.53673758817092,0.4059557275786464,0.4949987622505691,0.6490644859562823,0.5367372084695838,0.9938403643094577,98.80766512797429,56.557849425535935,0.0045654590313251205,0.0045654590313251205,0.4445738788049765,0.10462586581707001,0.000508800815555818
266,0.1746439581307081,0.5456176228381882,0.4167747719776933,0.5399460076310387,0.6163747695759062,0.5456172196338327,0.9943949442643386,90.84022103823148,49.13549472276981,0.0038351645836463342,0.0038351645836463342,0.4522184282287338,0.11337056784675671,0.0005068600617330473
267,0.17385749278876644,0.5493408530535769,0.42121646425909065,0.5470994994849847,0.6164039466226453,0.5493404636016873,0.9944791243626521,91.40023181988643,48.48945284348268,0.003704474522517278,0.003704474522517278,0.46118453732476783,0.12075749985300578,0.0005049184818792296
268,0.16865041275293782,0.5512623365763794,0.4233875127161283,0.5085998581679306,0.6591833842471365,0.5512619425471268,0.9939620128044715,94.62609276404747,55.207112514055694,0.004428661786592924,0.004428661786592924,0.4627628792976391,0.11661017987017448,0.0005029760721104597
269,0.17601378860238653,0.5317529569557394,0.4038199568571971,0.5046556341102667,0.6268080480335765,0.5317525459977636,0.9939262316777155,95.55589962005615,55.544209223527176,0.004384756088256836,0.004384756088256836,0.43597105012825954,0.10300561470481065,0.0005010328285078191
270,0.17042339073780638,0.5447869298851079,0.4180872100574589,0.5720749962713811,0.5641153937861091,0.5447865142386819,0.9951456693502573,96.12164370830243,48.18863506959035,0.0026729290301983175,0.0026729290301983175,0.4490007773551733,0.11475651653913352,0.0004990887471169086
271,0.17149909145127123,0.548504838878664,0.4221908676663869,0.5520537174858895,0.5963342345660819,0.5485044500003144,0.994763576067411,91.22613228284396,48.49394443860421,0.0033426284790039062,0.0033426284790039062,0.45683817660683157,0.11890675786596078,0.0004971438239473716
272,0.17254339405693686,0.5391092733285494,0.4130916940928398,0.5314503921260748,0.6050164941394681,0.5391088749927522,0.9946786073537973,91.68388880216159,52.65020733613234,0.0034750241499680737,0.0034750241499680737,0.44605757446529776,0.10726351090348683,0.0004951980549724098
273,0.16013596568686458,0.5483965023788022,0.42106052938437954,0.5361928709588103,0.6091594358992107,0.5483960684460841,0.9947287119351901,95.71049209741446,53.85357420719587,0.003387928009033203,0.003387928009033203,0.44953178895118,0.11862098482938913,0.0004932514361282894
274,0.1592437906835515,0.5517853317029362,0.42350664975275826,0.5328391596170289,0.6352660622856068,0.5517849345476934,0.9944354204031137,94.68606813137347,55.27288714738992,0.0038760075202355017,0.0038760075202355017,0.4636332919758738,0.12126650675558127,0.0004913039633138389
275,0.1612187966417808,0.5420450637094663,0.41796431175854204,0.5083666686118612,0.6254183748576627,0.5420446510498798,0.9941763511070838,90.79662786997281,52.65930300951004,0.0040090084075927734,0.0040090084075927734,0.4508942742473804,0.1210265583716906,0.0004893556323899376
276,0.1637304870841595,0.5461457778810292,0.4191618169338642,0.5573784987182735,0.5980196751063956,0.5461453904326952,0.994643761561467,94.15213973705585,53.14397846276943,0.003499636283287635,0.003499636283287635,0.45716563368645996,0.11907299507695895,0.00048740643917899543
277,0.17100836590935403,0.5469149758200298,0.41853644413937247,0.550386315662009,0.6009155318123913,0.5469145757648383,0.9945796269636887,95.99610189291147,53.65835776237341,0.0035234598013070915,0.0035234598013070915,0.4476876344818335,0.11666506829743202,0.00048545637946442196
278,0.157980652526021,0.5567989034315844,0.4282074697648842,0.5388952631415402,0.6246181671160114,0.5567984839704692,0.9946535917428824,89.91953046505267,49.113377928733826,0.0034575095543494592,0.0034575095543494592,0.45475476450695373,0.10979224684146735,0.0004835054489900874
279,0.15850954277154344,0.5579759576135903,0.42886422146040953,0.560879794182124,0.6077448887303595,0.5579755541224264,0.9947726543133075,92.68358923838689,52.5118108850259,0.0033200887533334587,0.0033200887533334587,0.46472897638495153,0.12203189458411473,0.0004815536434597723
280,0.15800216571929362,0.5461572159502831,0.4170794031502425,0.5472142050352585,0.5988588723981733,0.5461568265007625,0.9946935360248272,94.34396050526546,51.482128739356995,0.0033961076002854565,0.0033961076002854565,0.44667275600875034,0.10998856462538242,0.0004796009585366077
281,0.17174895097000095,0.5652942411584111,0.4377796414881849,0.5861972813874552,0.59541136669818,0.5652938133040043,0.9950993978060209,91.3289994093088,43.13695687055588,0.002969191624568059,0.002969191624568059,0.4741928205921795,0.12449473486496852,0.0004776473898425048
282,0.15754511927326137,0.5607656902545933,0.43208498609306856,0.554736983763099,0.6176100752657546,0.5607652910627343,0.9947121326739972,92.75616137798016,49.711236155950104,0.003493033922635592,0.003493033922635592,0.46695670042495646,0.1172315667455013,0.00047569293295757415
283,0.1567205971894929,0.5573485398096685,0.4289758518292007,0.5413026265708022,0.6302216719985501,0.557348116625106,0.9945887052095853,92.03659363893362,49.192282562072464,0.0036246409782996545,0.0036246409782996545,0.4577826138129939,0.11841132233922298,0.0004737375834195338
284,0.1578897598127906,0.5516669417988642,0.4263973065765851,0.5801725320486978,0.5730975557961266,0.5516665394490375,0.9950691920060378,92.68557755763715,48.532043736714584,0.002793257053081806,0.002793257053081806,0.45520982826845,0.12499570517012706,0.0004717813367231056
285,0.163210930983321,0.562963774382786,0.4379840197337281,0.5901810769043955,0.5860749753775846,0.5629633569054108,0.9950552903688871,96.39979333143968,47.78902352314729,0.002924937468308669,0.002924937468308669,0.47692054485546226,0.13189572325119606,0.00046982418831940226
286,0.1642595736954648,0.5625398843996394,0.4371246245707051,0.543323910160556,0.6282019003062417,0.5625394799102144,0.9944479098686805,92.33023571968079,45.032941836577194,0.0037493522350604716,0.0037493522350604716,0.4728326638963573,0.1315450408997444,0.0004678661336153
287,0.15942625439940736,0.5482631030660928,0.41980540875167266,0.5213997906472019,0.6336265264778306,0.5482627090353601,0.9942514529595008,94.2455551807697,55.47631172950451,0.004018471791194036,0.004018471791194036,0.45990220828315825,0.10951175497701535,0.00046590716797280114
288,0.15670030341985133,0.5496832013833218,0.42242804704446735,0.5369876492297516,0.6130797611144047,0.5496827778549528,0.9944302852337177,97.517916734402,48.91582108002443,0.003693690666785607,0.003693690666785607,0.45122383605703276,0.11380835923437889,0.00046394728670838385
289,0.16999297886370465,0.560437793641462,0.4336333340879635,0.5559562843164703,0.6016047884621423,0.5604373890047402,0.9948339095482459,98.0255389213562,48.52119315587557,0.0031988804156963643,0.0031988804156963643,0.46287844702601433,0.12361714000312182,0.0004619864850923394
290,0.15952281625224993,0.5531517138382542,0.42291004011195227,0.5092665295313259,0.6554089098005463,0.5531513203795569,0.9939473592318021,95.8673091668349,51.503266141964836,0.004455603086031401,0.004455603086031401,0.4586646674344173,0.10655638317649181,0.0004600247583480966
291,0.15236318161567816,0.5602388807705572,0.43226047620504665,0.5447798011831299,0.6242756621349658,0.5602384683633865,0.9945142269134521,92.17158810908978,47.094759432169106,0.0036881153400127706,0.0036881153400127706,0.4655806397586363,0.1240431908518076,0.00045806210165153324
292,0.15523769437836912,0.5643120465496312,0.434585717017824,0.5459724491479906,0.6356180655251452,0.5643116533756729,0.9944539987123929,92.25361077602093,50.89579548744055,0.0038240689497727612,0.0038240689497727612,0.46807183266813307,0.11787525120262916,0.0004560985101302735
293,0.1549324207366086,0.5507393061076572,0.42280208048273826,0.5200628195659976,0.6423302706600504,0.5507389014730497,0.9940800850207989,92.1763397363516,52.90610026396238,0.004273139513455904,0.004273139513455904,0.4543672109452578,0.11868054333787698,0.00045413397886297295
294,0.16203048105279988,0.5593971243383221,0.43289720210862864,0.5675372919922168,0.5946828437522177,0.5593967274404886,0.9949661768399752,95.35036340126625,48.362040483034576,0.0030822203709528996,0.0030822203709528996,0.4609493725001812,0.11889023706316948,0.0004521685028785876
295,0.1634162556594954,0.5662929994968173,0.4391185176666875,0.5349022611103156,0.6632730207595743,0.5662925835305072,0.9941930770874023,94.60648360619179,49.65733223236524,0.004198844616229718,0.004198844616229718,0.473488393640974,0.1328895539045334,0.0004502020771556299
296,0.15742394213493055,0.5608974208177482,0.4327692633190034,0.5421714937652383,0.6328655493930105,0.5608970219126517,0.994713673224816,94.2709288597107,48.3737611082884,0.003454850270197942,0.003454850270197942,0.4597193703921065,0.12069898456908189,0.0004482346966214095
297,0.15577935635183865,0.557235461316347,0.43131788434653084,0.5529756262539894,0.6162382227853064,0.5572350609761565,0.9946871170630822,90.46390626980708,48.994123545976784,0.0034369138570932243,0.0034369138570932243,0.4606805502508695,0.12644793952886874,0.0004462663561512584
298,0.16083851689472795,0.5558690084999502,0.43143019110204395,0.5550027595881122,0.6107986650770797,0.5558686130322452,0.9946082738729624,91.48883966299204,48.007683570568375,0.0034844691936786357,0.0034844691936786357,0.4580474624256287,0.12716920186693853,0.0004442970505677413
299,0.1603250867472245,0.5613324155130726,0.4327739342576696,0.5379807007835278,0.6312202709208438,0.5613320137446123,0.9946314921745887,95.06875665371234,52.30373231264261,0.003542221509493314,0.003542221509493314,0.4633413914260088,0.12099031975062993,0.00044232677463984944
300,0.15102903942505902,0.562034033732762,0.4365065570443336,0.5454606006429603,0.6378794915554956,0.5620336136725008,0.9945526123046875,93.06653598638681,54.928835657926705,0.0037219891181358923,0.0037219891181358923,0.47424443356357615,0.1278117844978204,0.0004403555230821779
301,0.15706944981446633,0.566094859971609,0.43816548580204845,0.5337198467542971,0.6575296321894455,0.5660944462400391,0.9943246107835036,99.69935387831468,49.15179925240003,0.004014822152944712,0.004014822152944712,0.4725409613391338,0.1268778073673065,0.00043838329055408696
302,0.16159620906154698,0.5616017889619643,0.43393579699542334,0.5740279460891112,0.6029554136653482,0.5616013912054523,0.9948630516345685,91.21073409227225,48.61150392202231,0.0032045107621413013,0.0032045107621413013,0.47233668628793496,0.12775264895306185,0.00043641007165884534
303,0.15786261290598375,0.5634616596301566,0.43493212158788636,0.5562088481062554,0.6287615243041867,0.5634612572881296,0.9946478696969839,93.7875489455003,50.5701442865225,0.003458573268010066,0.003458573268010066,0.46481360668028276,0.1305164863856939,0.0004344358609427563
304,0.15827175308592045,0.5642218128381864,0.43441588686211335,0.5605652102582205,0.6241268621302622,0.5642213845276773,0.994649758705726,92.82749097163861,48.79618804729902,0.003495894945584811,0.003495894945584811,0.4709512241708073,0.12108750841938533,0.0004324606528942658
305,0.15135313409308976,0.5611652846642082,0.43308137071897346,0.5409789552625043,0.6396664955277979,0.5611648903443774,0.9946184341724102,87.89176579622122,42.592508476514084,0.003647437462439904,0.003647437462439904,0.46596687315748286,0.12220814852760388,0.0004304844419430511
306,0.15301132549603397,0.5629624936576094,0.4358107020781611,0.5877206483313763,0.6006379059857024,0.5629621067872914,0.9949844983907846,92.41325383919936,42.61206551698538,0.0031132881457989034,0.0031132881457989034,0.4728057092198959,0.132738492379968,0.00042850722245909174
307,0.15696494274127942,0.5605603995352857,0.4305258794594143,0.5497483619859641,0.630667879144172,0.560560003496177,0.9946712163778452,102.44939613342285,48.91160640808252,0.0034902829390305737,0.0034902829390305737,0.4614045000993289,0.11790656398695248,0.00042652898875171984
308,0.15749526564748242,0.5434841605509051,0.4132571295079624,0.5388754738317231,0.6228813060184061,0.5434837553364311,0.9943754306206336,94.20823564896217,42.99886459570665,0.0038251876831054688,0.0038251876831054688,0.4483369568920083,0.10749615714527093,0.00042454973506865094
309,0.15917669953061983,0.5638693672284157,0.4351574351112784,0.5815032664026318,0.6051295304251746,0.5638689415780578,0.9947836949275091,95.29345206113962,43.06640972540929,0.003241117183978741,0.003241117183978741,0.4707815779405652,0.12466630468574855,0.00042256945559499383
310,0.1556400629476859,0.566823565053985,0.43723631880562974,0.5502848714160744,0.6411098861906515,0.5668231764665393,0.9946044041560247,95.38939804297227,48.478474140167236,0.003614370639507587,0.003614370639507587,0.46752055613618365,0.12280873438486686,0.0004205881444522394
311,0.14653096387449366,0.573546214756161,0.44463985041840487,0.5652873928860002,0.6384582314336652,0.573545811268037,0.9947186616750864,96.50258612632751,48.99969059687395,0.0034828369434063253,0.0034828369434063253,0.47695390066849,0.13044822488266689,0.0004186057956972281
312,0.15119153128650326,0.5591449565791827,0.43110123020600544,0.5959588871254188,0.5839666908733097,0.5591445593880505,0.9950513106126052,92.23656401267418,50.05663295892569,0.002877510510958158,0.002877510510958158,0.46384043905597466,0.12033783716077988,0.0004166224033210947
313,0.15629618604166004,0.5682742540386447,0.4407275688684415,0.5519034996325017,0.642281818996318,0.5682738161402194,0.9945613420926608,91.99071623728825,48.000968263699455,0.00364070672255296,0.00364070672255296,0.4726747570493724,0.13368249025482398,0.0004146379612481899
314,0.1496352251762381,0.5670842482646421,0.43872456884538136,0.5799304138248403,0.6068250343186474,0.5670838505030238,0.995073153422429,94.79713085981516,42.685767201276924,0.0029217096475454476,0.0029217096475454476,0.46904042821664077,0.13154299284976262,0.00041265246333497955
315,0.1493524001338161,0.5730151476884585,0.445438417402759,0.5581565167045879,0.6422869770555665,0.573014751649861,0.9946909317603478,94.32574833356418,48.54199952804125,0.0036151959345890926,0.0036151959345890926,0.4806026157987184,0.132998511625024,0.00041066590336891814
316,0.1609770874492824,0.5633097153456279,0.43431851169212715,0.5470148975490976,0.6430571888655765,0.5633093034658677,0.9944608394916241,94.91531544465285,50.54300704369178,0.003851963923527644,0.003851963923527644,0.47224889464714054,0.12662782734976366,0.0004086782750672989
317,0.15461964081399715,0.5686676978024242,0.4395871784357014,0.5854863925748801,0.603555656509343,0.5686672977530428,0.9947796418116643,96.29014314137973,48.172223586302536,0.0032198429107666016,0.0032198429107666016,0.4699141565019508,0.12022245374436562,0.0004066895720760775
318,0.15299288770900324,0.5583162955503419,0.43077090641848415,0.559895814056424,0.619625855063602,0.5583159081065254,0.99472687794612,90.29100966453552,48.48188204948719,0.0034524294046255257,0.0034524294046255257,0.46293688880846745,0.12407047086610244,0.00040469978796866976
319,0.15609344041261536,0.556991843086305,0.4283840126237576,0.5577308088650715,0.6144138415255349,0.5569914367336846,0.9943917164435754,88.58968331263615,45.63913306823144,0.0037393753345196065,0.0037393753345196065,0.4638287645277002,0.11776660554684125,0.0004027089162447227
320,0.14576018583745912,0.5563257583177542,0.42763622650774563,0.5566050625330244,0.6179698168068101,0.5563253737413454,0.9944800413571872,89.60995166118329,48.333123564720154,0.003681769737830529,0.003681769737830529,0.4589641753297586,0.11324838290993984,0.00040071695032885756
321,0.15073465645456544,0.5646446653938552,0.43842785158386455,0.5744166068459893,0.6144111422474335,0.5646442486770649,0.9945622040675237,90.86258954268236,47.7886994435237,0.0035247069138746997,0.0035247069138746997,0.46858127161371715,0.12763208107879528,0.0003987238835693844
322,0.14989535986947325,0.5607416480901819,0.43419194595247323,0.5787566702677898,0.6032680148098455,0.5607412468929025,0.9945996174445519,92.6403899376209,47.462307897897865,0.0034158046428973857,0.0034158046428973857,0.46641680053793466,0.1287245311989234,0.00039672970923698735
323,0.158922962916012,0.5665546237397299,0.4372458303325098,0.5653892311496055,0.6227403547884303,0.5665542213963066,0.9947227514707125,97.74952363967896,48.83093693623176,0.00333560430086576,0.00333560430086576,0.46749025413961276,0.12229359422165614,0.0003947344205233804
324,0.14916388411074877,0.5545429358287266,0.42830383779335435,0.5875750565465121,0.5807957077238546,0.5545425449427029,0.9948254915384146,95.33057775864235,50.60391984536098,0.0031334620255690357,0.0031334620255690357,0.4591667874214741,0.12078081157345039,0.00039273801053993075
325,0.15394324877371007,0.5632243701073576,0.4363075781501993,0.5859503734824293,0.5936268947428359,0.5632239740629181,0.9949038762312669,94.71318224760202,49.04831244853827,0.0030372142791748047,0.0030372142791748047,0.4627822186224736,0.12597813399938437,0.000390740472316252
326,0.14996626428686655,0.5653863285713991,0.4389133874730942,0.5598354583323314,0.6240510047611258,0.5653859325326841,0.9946805697221023,95.17039834536038,47.23690918775705,0.0034336493565486027,0.0034336493565486027,0.46536386070343166,0.13126653375533912,0.0003887417987987635
327,0.1529154499562887,0.566998901862923,0.440611786868122,0.5820763165737568,0.5995023240246575,0.566998482323669,0.9950299079601581,95.80316556417026,47.88756304979324,0.00295406121474046,0.00295406121474046,0.46807871840554477,0.1301155944283192,0.00038674198284921577
328,0.15822732616932347,0.5598445032262493,0.43152230072999187,0.5403511166293723,0.6313440660017873,0.5598440887216625,0.9945600766402024,92.14120586101825,43.023458962257095,0.0036773865039532003,0.0036773865039532003,0.4556658591103066,0.115686268474047,0.0003847410172431821
329,0.14027866527724725,0.5676458569827483,0.4403663272048913,0.5748593658447072,0.6107156518543119,0.5676454511973136,0.995180973639855,89.98778886061449,47.0485696884302,0.0029857525458702673,0.0029857525458702673,0.46708423398540005,0.1321731274231122,0.00038273889466851373
330,0.15848142349232847,0.5516587254651337,0.4256062648498255,0.5169951956117216,0.6495223021901274,0.5516583245659882,0.9940228645618145,88.9590922318972,49.38021630048752,0.004361629486083984,0.004361629486083984,0.4575846641532385,0.12340867777283375,0.00038073560772375803
331,0.14999330613332298,0.5674876972006431,0.4419434087900529,0.5448472508599995,0.6421902341321234,0.5674872862605377,0.9946707578805777,91.6448603960184,46.761059114566216,0.0036365619072547327,0.0036365619072547327,0.4715114473342335,0.13276674498159152,0.0003787311489165393
332,0.14046285928298646,0.5636985646412751,0.437856338677291,0.5613315834657324,0.6215123902479671,0.5636981481859196,0.9948081053220309,93.35258515064533,47.31258070010405,0.0033546227675217847,0.0033546227675217847,0.4670873580853892,0.1343461164774803,0.0003767255106619003
333,0.1425335526179809,0.5640558514633784,0.4386195970445651,0.5893292017555378,0.5908732507074231,0.5640554485413437,0.9952419721163236,96.43534805224492,48.925818369938774,0.0026743412017822266,0.0026743412017822266,0.4676135719682162,0.13380736528107753,0.0003747186852806031
334,0.1508552712889818,0.5678098190438307,0.441395345230517,0.5708062101634613,0.6193589225394345,0.567809418990122,0.994835248360267,89.29731312164894,47.28483851597859,0.0033243252680851864,0.0033243252680851864,0.4710094917814983,0.13828537426888943,0.00037271066499738924
335,0.1464841191370327,0.5671319720975173,0.44018208895975935,0.5711986872618906,0.6113523337686414,0.5671315645942852,0.9949326698596661,94.56987050863412,47.31409875704692,0.0030403870802659253,0.0030403870802659253,0.4638961244087953,0.12807499488385823,0.00037070144193919653
336,0.14680166789688742,0.5745228535027516,0.4477771735675977,0.5757469447934636,0.6171956797750006,0.5745224317271937,0.9948356885176438,96.37448723499591,46.49318060508141,0.0030747743753286507,0.0030747743753286507,0.47350817979881515,0.13511237358817688,0.00036869100813333194
337,0.14471935409192854,0.563917904484934,0.4373897075022438,0.5381835620722948,0.6541450214936676,0.5639174692310692,0.9942082441770114,107.94345400883601,49.272369315991035,0.0040581042949969955,0.0040581042949969955,0.46854366751085763,0.13905134567847618,0.00036667935550559937
338,0.1422120976046874,0.5720744866721453,0.4462853681712891,0.580520520434082,0.6154945425099029,0.5720740831815754,0.9948973839099591,94.88172637499295,46.66734950359051,0.0031865743490365837,0.0031865743490365837,0.47790162383930634,0.1377807864202903,0.00036466647587838003
339,0.14592064053823167,0.5619087855530155,0.4357127831086199,0.5640971944468267,0.6121113679712905,0.5619083728928318,0.994728473516611,93.52440918408908,47.561754355063805,0.003242052518404447,0.003242052518404447,0.4637992015251747,0.13378287049440238,0.0003626523609686652
340,0.14330499182240322,0.56975052965143,0.44310299766519345,0.553581563909779,0.6402100589395838,0.5697501215797538,0.9944288547222431,94.81855095349826,47.88543941424443,0.0037636756896972656,0.0037636756896972656,0.47141503714598143,0.13409723341464996,0.00036063700238603866
341,0.13770179475586003,0.5684626303145923,0.4416697458111727,0.5478213271969561,0.6445694773225953,0.5684622302651795,0.9945885034707876,97.27176794639,48.4025926223168,0.003678725315974309,0.003678725315974309,0.47038691863417625,0.1260366150392936,0.0003586203916306077
342,0.15115450852765486,0.5630490063625789,0.43748461370649105,0.5669047331216659,0.6116801467062312,0.5630486063086652,0.9947998156914344,95.42407985833975,47.316162609137024,0.0032180639413686898,0.0032180639413686898,0.4650306028242295,0.1346941330971626,0.0003566025200908819
343,0.14292648255538482,0.569208634029352,0.44335789808071596,0.5893146487585162,0.5977100398660975,0.5692082230861938,0.9953337082496057,94.72033236576961,41.98834520119887,0.002511152854332557,0.002511152854332557,0.46895704919902176,0.13344883632201415,0.0003545833790415959
344,0.14680873835459352,0.5838038283296506,0.457897745657418,0.5796873457096301,0.641356130206877,0.5838034088922978,0.9947354243351862,95.86196545454172,47.57675209412208,0.0034969036395733175,0.0034969036395733175,0.4940662783272387,0.1500738340501602,0.0003525629596414768
345,0.14486526508027545,0.5685539970115564,0.44321207953834246,0.5658417057602965,0.6254437899693328,0.5685535834032549,0.9947806138258714,96.73550594769992,47.74428550555156,0.003374594908494216,0.003374594908494216,0.4757248709203168,0.1365051196458248,0.0003505412529309526
346,0.1377862201143916,0.5727602810970749,0.4460732168165608,0.5622361962380481,0.6346496345091952,0.5727598624228205,0.9947644380422739,97.68123265413138,47.90755066963342,0.003474107155433068,0.003474107155433068,0.4759361701082543,0.13890194792587024,0.0003485182498298004
347,0.14383835431474906,0.570387574119936,0.44440556713950746,0.5591706026510077,0.6313615391041565,0.5703871463926171,0.9948140841263992,97.22702701275165,48.214089219386764,0.003334522247314453,0.003334522247314453,0.4700892914088629,0.13216003646644262,0.0003464939411347329
348,0.1446988185724387,0.5594705009493938,0.4328913288639962,0.5481594083962473,0.6217202546017664,0.5594700814153428,0.9946158665877122,97.17010023043706,48.217687249183655,0.003466679499699519,0.003466679499699519,0.4568898269581544,0.12505785031960562,0.0003444683175169201
349,0.1398702856654731,0.5602657187606924,0.433551253623981,0.5679768324140758,0.6067033204877729,0.5602653181324271,0.9949996471405029,95.51141630686246,49.00786262292128,0.003072041731614333,0.003072041731614333,0.46240669670073936,0.12989525597255963,0.00034244136951944463
350,0.13954649134897268,0.5622640736525202,0.4366935918661591,0.5817180806228877,0.5929264221036786,0.5622636721684803,0.995025634765625,95.77318360255315,47.761434293710266,0.0029340707338773287,0.0029340707338773287,0.4659601448645339,0.12856624275445938,0.0003404130875546888
351,0.14689317650090045,0.5611564448368423,0.43601270766284494,0.5577627185624416,0.6218062777914803,0.5611560393411777,0.9947975965646597,96.21437721986037,48.26674546186741,0.003381527387178861,0.003381527387178861,0.46870021307124543,0.13345657260372087,0.0003383834619016499
352,0.142309747564678,0.5579594282107714,0.4311331633869129,0.5494906309264123,0.6124709776943816,0.5579590195647002,0.9948510390061599,96.17851990919847,47.60392737388611,0.003195359156681941,0.003195359156681941,0.4524574507600986,0.119644351876699,0.00033635248270318287
353,0.14619115356785747,0.5607291986610857,0.4323639344143305,0.5403201890700513,0.6359198140743315,0.560728802911015,0.9945260744828445,93.38159662026625,48.54592035825436,0.003644998256976788,0.003644998256976788,0.46193781809812695,0.12803270381230575,0.0003343201399631669
354,0.14366173307196453,0.5703226459936003,0.44528296878631374,0.5986044206629916,0.5920889934651103,0.5703222470788858,0.9953468212714562,93.4336621761322,47.7405742590244,0.0026126458094670223,0.0026126458094670223,0.47638113452838016,0.14549647114024714,0.0003322864235435932
355,0.14588409160765317,0.5655128910114364,0.44064037789603044,0.5457880342399912,0.6421809988509127,0.5655124823634877,0.9946489334106445,101.25654361798213,47.90351819075071,0.003621358137864333,0.003621358137864333,0.4706222717333043,0.13918954606812733,0.00033025132316157177
356,0.14483837349913442,0.5641128569949022,0.43823742781624253,0.5485665213746105,0.6290827165412338,0.5641124626765237,0.9947910125438983,97.76746480281537,47.60312486153383,0.003353577393751878,0.003353577393751878,0.46403358260599464,0.13236134384687132,0.00032821482838625376
357,0.15186670157485282,0.5697551063153605,0.4449553633072055,0.5522233798098309,0.6381191027835135,0.5697546970959236,0.9946347199953519,100.02147911145137,47.47129671848737,0.003628107217641977,0.003628107217641977,0.47589826842261995,0.14115922167324102,0.0003261769286356675
358,0.14276242771973977,0.5605858180501749,0.4345740206082889,0.5542762153575315,0.6180168918675079,0.560585422011563,0.9946043124565711,95.80470226361201,47.929976779680985,0.0034470558166503906,0.0034470558166503906,0.4591059595210123,0.12202305790896599,0.0003241376131734635
359,0.1384573681280017,0.5702199993358871,0.44537123036116105,0.5671607218905632,0.6206315080689819,0.5702195987105798,0.9951114471142108,94.76509593083308,47.245054602622986,0.003032574286827674,0.003032574286827674,0.472872486986664,0.13873795950068876,0.00032209687110556687
360,0.13718206259923485,0.562174744913189,0.43602111277440486,0.5401789196516564,0.6384800432949235,0.5621743546082748,0.994302382835975,94.78983750710121,47.261365725443916,0.003931228931133564,0.003931228931133564,0.464461166714767,0.13075901424655548,0.00032005469137673224
361,0.13599275353436285,0.5667734822535085,0.44081051133188204,0.5750970041125522,0.6036824195413758,0.5667730701657937,0.9949278281285212,92.98856254724356,47.6796293763014,0.0030822020310621997,0.0030822020310621997,0.4679625629349592,0.13350740204063746,0.0003180110627669995
362,0.14081278511394674,0.5751431074422065,0.44923532067857513,0.5908389661946594,0.6047260349742618,0.5751427005117282,0.9950906680180476,97.09084945458632,47.53800304119404,0.0029434424180250903,0.0029434424180250903,0.47844132809684825,0.142031339641947,0.00031596597388804456
363,0.13976720684709457,0.5731428712746521,0.447368548767179,0.573098710541335,0.615354657286074,0.5731424700755885,0.9950430393218994,95.95452809333801,47.166097975694214,0.0030060181250939,0.0030060181250939,0.47122448324584043,0.13534858765510413,0.0003139194131794234
364,0.14029998758521217,0.5663507110719113,0.4396840867176769,0.5639119793819906,0.6144826172757882,0.5663502946621748,0.9948135706094595,94.75533324021559,47.21903416285148,0.003319978713989258,0.003319978713989258,0.4657335213241123,0.1322723927979286,0.00031187136890470395
365,0.14034332564243904,0.5723192353845109,0.44734510236753944,0.6039464095756807,0.5871641172795464,0.5723188175605629,0.995443710914025,95.09333152037401,46.66407889586229,0.002515664467444787,0.002515664467444787,0.47510514895503336,0.13610435449160063,0.00030982182914748223
366,0.14475012792704198,0.5616399668851787,0.43403455874164,0.555325433627879,0.6146178258136038,0.5616395547986458,0.9948640970083383,96.07381457548875,47.64855081759966,0.0032758162571833683,0.0032758162571833683,0.46103894556717945,0.12242430362563866,0.0003077707818072785
367,0.14034222890264714,0.5641239125139639,0.43620614365043264,0.5779681440924939,0.5942919668079691,0.5641235044369877,0.9950370238377497,93.61818016492404,47.29554491776686,0.002849835615891677,0.002849835615891677,0.46151268008230334,0.12007393931540158,0.0003057182145953083
368,0.13431291991414931,0.5714156914673061,0.4440556682024433,0.558450053480706,0.6316872841263036,0.5714152715205093,0.9949298088367169,94.77259377332834,48.192678877940544,0.0031918745774489185,0.0031918745774489185,0.4728868750752064,0.13326133314806682,0.00030366411503012506
369,0.13608645572541997,0.5643641720344564,0.43727086989025304,0.55045671642218,0.6293782496351129,0.5643637498556751,0.9948026950542743,96.58461007705101,47.66816252928514,0.0034267718975360575,0.0034267718975360575,0.4655706471922503,0.1320307653110761,0.00030160847043312673
370,0.14237321422506982,0.5685513105648653,0.44242307544941056,0.5580782168355237,0.6293072197282666,0.5685509139529032,0.9946916103363037,97.11608158625089,47.628641087275284,0.0034926671248215893,0.0034926671248215893,0.47014487821051343,0.13511193099503332,0.00029955126792392453
371,0.13323112337205273,0.5535023109372937,0.4258138838397715,0.5355060782698948,0.6198666268799291,0.5535019200582112,0.9944144762479342,100.13944121507498,47.84145386860921,0.0036234672252948466,0.0036234672252948466,0.4477029769583582,0.11995301080437806,0.00029749249441556524
372,0.13149989023804665,0.5721618409814512,0.4462503431525781,0.5777837193543549,0.6074651018941972,0.5721614165500628,0.994875614459698,94.38882715885455,47.27410455391957,0.0030601941622220553,0.0030601941622220553,0.4696355325377226,0.13749811583413526,0.00029543213660960366
373,0.13656998124833292,0.5518326323881199,0.4262332707185611,0.5484756113968222,0.6037094364928635,0.5518322203022182,0.9945893287658691,100.48487964043251,51.21580369197405,0.0033814723675067607,0.0033814723675067607,0.44754579816434326,0.12603749205859807,0.00029337018099101795
374,0.13701600602899605,0.5670387601737032,0.441071803764579,0.5611612275384968,0.6209943020555959,0.5670383612697351,0.9947615036597619,96.9013679761153,48.89323941560892,0.0033329450167142428,0.0033329450167142428,0.4682400869470704,0.1373555024082844,0.00029130661382296226
375,0.13508196683743826,0.5635171079973944,0.4387074216163112,0.5537948304775123,0.618452113521226,0.5635167030761281,0.994590740937453,95.7615481523367,47.71885729294557,0.003485716306246244,0.003485716306246244,0.4636404424363867,0.13610695216518182,0.0002892414211413496
376,0.1356956843430033,0.5588638902975338,0.4314017146944375,0.551935309415851,0.6177218912868668,0.5588634913930961,0.9946431196652926,97.60672549101022,48.94892531633377,0.003452190986046424,0.003452190986046424,0.458288231719728,0.12325641914055897,0.0002871745887492587
377,0.13879118053815687,0.5624132683776764,0.4361001109980492,0.5841702796130975,0.592683890230966,0.5624128763492758,0.9950228471022385,96.99725996530972,47.885003557572,0.0028490836803729716,0.0028490836803729716,0.46048396596541774,0.13023308922465032,0.0002851061022111573
378,0.14053814392536879,0.5637263271795212,0.4377346411471526,0.5580845819242087,0.6242163211090184,0.5637259168120958,0.9947812007023737,93.27741248791034,49.69169751497415,0.003255862456101638,0.003255862456101638,0.46226102629533183,0.13435993630152482,0.00028303594684693387
379,0.13891042317621982,0.5707245979322454,0.44557466244831284,0.5777780517019406,0.6154824141109342,0.5707241973052208,0.9950927954453689,95.27600358082698,47.85257131778277,0.0029627176431509163,0.0029627176431509163,0.4712428637626195,0.14069528677142584,0.00028096410772573076
380,0.13293617225896853,0.5676612561863773,0.4425647820569572,0.5753269387789346,0.6120249974022814,0.5676608572786229,0.9949694780203012,100.81055232194754,47.181353073853714,0.0030727019676795374,0.0030727019676795374,0.4691632576286793,0.13863415758197123,0.0002788905696595702
381,0.12944697309285402,0.5687887685918686,0.44388778996017036,0.5686121637580228,0.6174134395426406,0.5687883639565291,0.9947970096881573,96.21658994601323,47.648204014851494,0.0032722032987154447,0.0032722032987154447,0.4692113041304625,0.1422631019869676,0.0002768153171967635
382,0.13802483201456758,0.5630593277076693,0.43949753305298817,0.5793189498283342,0.5922066398521005,0.5630589230702966,0.9949809037722074,95.67011301334088,46.808660057874825,0.0028926592606764575,0.0028926592606764575,0.46185389189766,0.13675687132546535,0.0002747383346150956
383,0.1353487644631129,0.5686719810376281,0.4432452366407447,0.5581397972813338,0.62920727109223,0.5686715689315756,0.9948351199810321,96.3860490505512,47.51734021076789,0.003284931182861328,0.003284931182861328,0.46631767495920545,0.13724651760779893,0.00027265960591477443
384,0.12960386337139285,0.566255363146041,0.4403153818505287,0.5564012063394195,0.623731369122302,0.566254965387899,0.994738010259775,96.30352706175584,47.32200926542282,0.003383819873516376,0.003383819873516376,0.46360784339217037,0.12946124102633733,0.0002705791148111353
385,0.1356687443330884,0.5615644105470382,0.4362623866479415,0.5867695278427061,0.5781507699518372,0.5615640122157285,0.9950814797328069,95.31391923244183,47.50632171905958,0.002598248995267428,0.002598248995267428,0.4558287790188423,0.12886254546734002,0.000268496844727089
386,0.13552595306044588,0.5614084246189079,0.43627398662917777,0.5635570058636811,0.6089780354711996,0.561408023994743,0.9947043015406682,100.51097994584303,47.26851152456724,0.0032868752112755408,0.0032868752112755408,0.4602093663639747,0.1302859718696429,0.0002664127787853039
387,0.1412241463549435,0.577566507356281,0.45252369058895525,0.5871228902552987,0.6132236353462829,0.5775661061589947,0.9951518132136419,92.75787546084477,46.87740099888582,0.0028673502115102913,0.0028673502115102913,0.47923484743694655,0.14803576197188634,0.000264326899800108
388,0.12831614252466422,0.5634721924593928,0.439706245018897,0.5529019070513679,0.6258660223604517,0.5634717918359707,0.994664558997521,97.92578530311584,46.792723431037025,0.003478563748873197,0.003478563748873197,0.4630689254173866,0.13550420879171446,0.00026223919026910044
389,0.13268966937007812,0.5726353847202625,0.4504604803967214,0.5706723581912129,0.6221863175796898,0.572634980655682,0.9951739494617169,95.90193422024066,46.14363478238766,0.002944836249718299,0.002944836249718299,0.47585169741740596,0.15373618041093534,0.0002601496323644581
390,0.1364205931313336,0.5548126623122119,0.42851885294415176,0.5258552558247256,0.642615663430451,0.554812266849587,0.9943231619321383,97.88095156963055,48.251655794106995,0.0039598941802978516,0.0039598941802978516,0.4548889003120936,0.134671151638031,0.0002580582079239239
391,0.13939099092609608,0.569485347443905,0.4435133991457808,0.5757501687148412,0.6117114735320334,0.5694849473926219,0.9948684985821064,97.09233113435599,47.279673580939956,0.0031614303588867188,0.0031614303588867188,0.47475063915436083,0.1427184887803518,0.00025596489844146203
392,0.1348430787284787,0.5671876491423798,0.4412613806404562,0.5703339608457244,0.6147417152140127,0.5671872594036242,0.9950246810913086,93.22397178869981,46.68368826921169,0.0030150780310997595,0.0030150780310997595,0.4693659082628213,0.14214853383600712,0.0002538696850575648
393,0.1354495624366861,0.5621400922669912,0.4361678046808891,0.5388415186612179,0.6395631708760797,0.5621396933611165,0.9946200664226825,93.2188474214994,47.1629234460684,0.0035814321958101713,0.0035814321958101713,0.46187522761437,0.12995547170822436,0.00025177254854919455
394,0.13278708839789033,0.5686922325697821,0.4443070945991511,0.586454723625626,0.5981055510714773,0.56869183538058,0.9952061359698956,94.88477732585027,46.79820310610991,0.0027059224935678337,0.0027059224935678337,0.4693743108412386,0.1457167097295706,0.00024967346931934365
395,0.12533701838065797,0.5617865444485814,0.4366777158237278,0.5336446426954465,0.6443611613815917,0.5617861443987621,0.9946006994981033,97.36328622011038,49.58026747520153,0.00362240351163424,0.00362240351163424,0.46120523466276525,0.13502857346947378,0.00024757242738619403
396,0.14060704950959638,0.5601627156269159,0.43585926610851045,0.5635192233956944,0.6048221016142354,0.5601623069782,0.9947587710160476,96.13516136316153,46.962861038171326,0.003277870324941782,0.003277870324941782,0.4633210384501861,0.13234080775425985,0.00024546940237185757
397,0.13844872513212836,0.5663599452275065,0.4422348620354698,0.5616049526000971,0.6220682619838883,0.5663595468952565,0.9947825578542856,97.07781767845154,47.269713076261375,0.0033173377697284403,0.0033173377697284403,0.46839529934983987,0.1357399312636027,0.0002433643734906761
398,0.12422377257966079,0.565989342461858,0.44084965754402283,0.5762895896109106,0.6025401910893169,0.5659889447001885,0.99505615234375,97.28976062627939,47.53489480110315,0.002912576381976788,0.002912576381976788,0.46619041206745,0.1375676724486626,0.00024125731953706037
399,0.1300414283759892,0.5628451670743718,0.43780389830844546,0.5545741457420347,0.6266238243516944,0.5628447578504121,0.9946308135986328,95.8067691876338,47.21155747542014,0.003558213894183819,0.003558213894183819,0.4655379899419271,0.13810420064971998,0.00023914821887284436
400,0.13127231554916272,0.5719994409860294,0.44628010519616557,0.5709329012690815,0.6205732330662823,0.5719990380681947,0.9949278281285212,98.57274334247296,47.73660639157662,0.003188334978543795,0.003188334978543795,0.4740303506931433,0.13525772753816384,0.00023703704941413096
401,0.13143133117745703,0.5702302811374332,0.44592392274042625,0.5778372674796134,0.6075282350165463,0.5702298753537168,0.9949239033919114,100.12351586268498,47.08261599449011,0.0031245121589073767,0.0031245121589073767,0.4717792206658767,0.13976145836596304,0.00023492378861760376
402,0.13555958684390554,0.5747986527709201,0.4484040536679095,0.5728924351975198,0.6234356039974676,0.5747982561588704,0.9948624464181753,99.9766463133005,48.38077660707327,0.0032470226287841797,0.0032470226287841797,0.4772913292567536,0.1368376864836766,0.00023280841346627672
403,0.1419219391850325,0.5652144029887669,0.43993039430699277,0.5629475549674168,0.6108548470397531,0.5652139949111386,0.9949992620027982,96.72607042239262,47.32168481441644,0.003062743407029372,0.003062743407029372,0.4623463533532161,0.13919538130553868,0.0002306909004546538
404,0.13458346038197094,0.5588920672508727,0.43516567694869146,0.5552389025935074,0.6082246797572085,0.5588916786588736,0.9948080136225774,95.97186182095454,47.00649703007478,0.0032501220703125,0.0032501220703125,0.4577688239514828,0.1326188389211893,0.00022857122557326718
405,0.14117387843389922,0.5684253877289914,0.4426329052909957,0.5663815885939287,0.6145433268850936,0.5684249871052633,0.9948714879842905,98.41688774182246,47.05721853788082,0.0031784681173471305,0.0031784681173471305,0.4697896528702516,0.13562162607335126,0.00022644936429256138
406,0.1336220010685233,0.5736868885998871,0.44763378427948936,0.5826045017060442,0.6032388876246841,0.573686489119035,0.9951984148759109,100.37713676232558,46.322560351628525,0.0027956779186542216,0.0027956779186542216,0.4710546595832476,0.1353633698935692,0.0002243252915460891
407,0.12941691702088484,0.5739965966251875,0.44830409037605323,0.5742969937248458,0.6161666926266032,0.5739961977188887,0.9951223593491775,100.48820937596835,46.516738818242,0.0028777856093186597,0.0028777856093186597,0.4704767643259122,0.1356773081307228,0.00022219898171298088
408,0.12820826227275225,0.5726553488378097,0.44729831300375406,0.5772267531525794,0.6098590735042447,0.5726549350298875,0.9951200485229492,103.72761542980487,46.386625707149506,0.0029132732978233923,0.0029132732978233923,0.46751458283800346,0.1333355102688074,0.00022007040859965013
409,0.13530689768063334,0.575078778557769,0.4495965271199583,0.5760070555733785,0.6237236251034539,0.5750783842344138,0.9949688361241267,104.01116426174457,47.20394312418424,0.0031683261577899638,0.0031683261577899638,0.47659715035787,0.1412648998487454,0.0002179395454206905
410,0.13030562779078117,0.5667327745733695,0.44246142788739135,0.5701263191787518,0.6096645503072907,0.566732375667692,0.9949136330531194,103.04916269962604,47.47829982867608,0.003065090913038987,0.003065090913038987,0.46649943034236246,0.13014064757869795,0.00021580636477892232
411,0.14008502683673912,0.5657407687400835,0.4411771191567621,0.5685991785505469,0.6077688773073953,0.5657403600904132,0.9949399324563833,100.96885378544147,47.32203111740259,0.0029774445753831128,0.0029774445753831128,0.46147833535132265,0.13316255120130685,0.0002136708386445385
412,0.12923388122222745,0.5614608268436785,0.43627052296782876,0.5562487006915346,0.6135105159403162,0.5614604239280764,0.9948939176706167,95.30189547171959,47.26293207590397,0.0030599557436429537,0.0030599557436429537,0.45651454765063065,0.1275799424888996,0.00021153293833330034
413,0.12485717380276093,0.5648562232017293,0.4400008567378847,0.5626365445185424,0.6100615653837079,0.5648558168457518,0.9949584374060998,93.52499871987563,46.784714831755714,0.0029918413895827075,0.0029918413895827075,0.4617148283869028,0.13558928482234478,0.0002093926344837281
414,0.13056313053060037,0.567945423619111,0.4428341959073051,0.5587055055731686,0.6217941803410773,0.567945021276327,0.9949963459601769,100.55960018818195,47.01532207544033,0.003119211930495042,0.003119211930495042,0.4680032598679155,0.14268428789308438,0.0002072498970332279
415,0.13214777689427137,0.5672492088979126,0.4429297133822028,0.5482909252150914,0.636336259742338,0.5672488025291472,0.9945719242095947,96.16721883186928,47.71531302195329,0.0036011659182035006,0.0036011659182035006,0.4686937442773062,0.13817031165728202,0.00020510469519309334
416,0.1275746553706435,0.5689136151769179,0.44466942385129,0.5673638769365715,0.6172911796661513,0.568913210326706,0.9948331209329458,96.20070123672485,46.911772631681885,0.0032612910637488733,0.0032612910637488733,0.46860609226370376,0.14364857642123333,0.00020295699742231397
417,0.13090067356824875,0.5658983175737602,0.44338147974303327,0.5885398055757027,0.5881085018681915,0.5658979243957721,0.995135600750263,96.88406784717853,46.865299715445595,0.002802885495699369,0.002802885495699369,0.4671225889804638,0.14059164332082638,0.0002008067714001198
418,0.12877930066763207,0.5631994118038703,0.4395371202793684,0.5704070450183133,0.6007663104379529,0.563199007167314,0.9949164573962872,94.2029035458198,46.73270544180503,0.003005577967717097,0.003005577967717097,0.4607325035571431,0.13900335333668268,0.0001986539839971847
419,0.14193359490197438,0.5647038983759043,0.44069291165576413,0.5708283865322993,0.6065960917318219,0.5647034817017592,0.9949142382695124,96.36259361413809,46.58354953160653,0.003095901929415189,0.003095901929415189,0.4659695069377239,0.13735948202128595,0.00019649860124540636
420,0.1257043295683196,0.565240028403502,0.4420169746822208,0.6013174386837667,0.5741618311158863,0.5652396231890405,0.995284630702092,97.32801268650935,45.5041604087903,0.002429705399733323,0.002429705399733323,0.46107746202212113,0.13974480975705844,0.00019434058830617405
421,0.13043438231285948,0.5760052513760443,0.4513511213688324,0.5645871297308486,0.639965959579338,0.5760048547616883,0.9948473710280198,103.09773844939012,49.09885227680206,0.003335861059335562,0.003335861059335562,0.4803487439010323,0.14844490444430938,0.00019217990943702903
422,0.12877488738069168,0.5740603151357907,0.448203898979132,0.578607521681285,0.6162816413302957,0.5740599127916662,0.994978299507728,97.69239132220929,47.3850384079493,0.0030935177436241736,0.0030935177436241736,0.47581974713526987,0.1440618010954215,0.00019001652795661513
423,0.1312079939704675,0.5804891511910331,0.45487465739228194,0.5890756908658987,0.6177152637088651,0.5804887373860463,0.9950939875382644,98.7155517431406,46.867934213234825,0.0029842119950514575,0.0029842119950514575,0.48127376251959775,0.14196276435485253,0.0001878504062078088
424,0.12623585885963762,0.5774749185253311,0.4523005985739121,0.5937569749936272,0.6059762699432725,0.5774745013466759,0.9951398739447961,94.97033869303189,46.4719797877165,0.0028333297142615686,0.0028333297142615686,0.4766403566427722,0.13991636510651845,0.00018568150551890957
425,0.13857697297890598,0.5766123911616974,0.4514013222311632,0.5665053049089058,0.6334901854378796,0.576611998562669,0.994938483605018,98.79141026276808,47.04939583173165,0.0032342030451847957,0.0032342030451847957,0.47557924401301604,0.14716290969115037,0.00018350978616276273
426,0.13573240449365515,0.5770447781569875,0.4529801380866042,0.5748475735726616,0.6268058546443521,0.5770443769602095,0.994928946861854,98.14341046259953,46.65541750192642,0.0032259134145883415,0.0032259134145883415,0.4795770083482449,0.1485077257339771,0.00018133520731367455
427,0.12701596423553732,0.574251038535013,0.4498070722127928,0.5698036285118241,0.6237463264494111,0.5742506361925069,0.9950304948366605,99.4592062326578,46.52107391449121,0.00307007936330942,0.00307007936330942,0.4699731354530041,0.14870893768966198,0.00017915772700197077
428,0.13509362287676105,0.5771635369726963,0.45164531413176356,0.5699224520905657,0.6302470921306779,0.5771631203019111,0.9949612800891583,95.34634294876686,47.484203829215126,0.0031834749075082634,0.0031834749075082634,0.4734478861381691,0.1440007947385311,0.000176977302066035
429,0.13555936418617,0.5732267458968976,0.4476485189454452,0.5707569962084629,0.6214431101295934,0.5732263481388153,0.9949528253995455,96.09069602306073,47.34185789640133,0.0030842560988206128,0.0030842560988206128,0.4683317944300913,0.14011011115060404,0.00017479388810165137
430,0.12568755404880413,0.5712992468835943,0.4464136703213548,0.5770909832252679,0.6097311057706415,0.5712988433930053,0.9951151884519137,95.3490796822768,45.7119141129347,0.0029024711022010217,0.0029024711022010217,0.46692166133568835,0.13852097452259982,0.00017260743940845976
431,0.13011803345468181,0.5713419639270655,0.44732300823785537,0.5735999357405335,0.6178650238175928,0.5713415638759025,0.9949742097121018,98.89996259029095,45.67202171454063,0.003161778816810021,0.003161778816810021,0.4716394990682602,0.13872647357101625,0.00017041790893331673
432,0.1331699392400109,0.5796336887104481,0.45461807888441513,0.577587889668277,0.6291308151970813,0.5796332978285745,0.9949971162355863,94.67852588800284,46.753431040507095,0.0031069242037259615,0.0031069242037259615,0.4793436424090312,0.14545252876212963,0.00016822524821033595
433,0.1274899861488778,0.5634326115400831,0.4385095588440018,0.5767519760792917,0.5933469672598641,0.5634322057550345,0.9951264674846942,98.29768470617441,46.01821698133762,0.002728095421424279,0.002728095421424279,0.45847926202874917,0.1368706489984806,0.00016602940729736244
434,0.12401991409177963,0.5743790251844121,0.44806676989815863,0.5871702103267998,0.6054694642224114,0.5743786165348003,0.9951778925382174,98.28811386915353,45.87983886553691,0.002778951938335712,0.002778951938335712,0.47229070828458386,0.1365880464705137,0.00016383033470861356
435,0.12575215774659926,0.5706346774459788,0.4452620369439845,0.5660939526256292,0.6217206282094244,0.5706342831254523,0.9949178695678711,97.58053280757024,46.02493234322621,0.0031702151665320764,0.0031702151665320764,0.46656100798032046,0.13579625736635464,0.0001616279773431937
436,0.12373485254983489,0.5692211853910165,0.4440944134755991,0.5628775349782644,0.6218606051327067,0.5692207893500506,0.9950200777787429,98.83229508766762,45.63418612571863,0.0030747193556565503,0.0030747193556565503,0.4634087612995735,0.13660455022293788,0.00015942228040916463
437,0.12891473037262374,0.5686509861547154,0.4432326735936619,0.5778334347301407,0.6034780547005749,0.5686505889663926,0.9951067154224102,97.04962754249573,45.73777963106449,0.00287631841806265,0.00287631841806265,0.46341692233334936,0.13054180116607592,0.00015721318734282117
438,0.12470440075804408,0.5728175984100935,0.4476328056713991,0.5750895119784979,0.6135565078012195,0.5728171863235405,0.9950508154355563,101.8447825725262,46.73108218724911,0.00301968134366549,0.00301968134366549,0.4696161230826,0.13964076354526556,0.0001550006397227912
439,0.1210444770180262,0.569714642500879,0.44516320012074406,0.5705360148553152,0.6150363214870035,0.569714232133033,0.9950607373164251,101.73612844027005,46.52852566884114,0.0030386264507587138,0.0030386264507587138,0.46654598376214224,0.14617395730545887,0.0001527845771785392
440,0.12201562742344461,0.5748758150830982,0.45006828732528426,0.5668812865565453,0.6291107359352934,0.5748753973614589,0.9950066529787503,93.88885098237257,46.84174790290686,0.00316165043757512,0.00316165043757512,0.4732334494173511,0.137945998316774,0.00015056493729281325
441,0.1264618571776037,0.5688379487312833,0.44424905428841327,0.5803644012565701,0.5998381927592373,0.5688375526896465,0.9951598277458777,97.26601818891672,46.29544384204424,0.002814182868370643,0.002814182868370643,0.4640459832445721,0.13771322140326867,0.00014834165549752873
442,0.1258931839122222,0.5675793834755549,0.44359707919822655,0.5832910477744975,0.5959133759123898,0.5675789828484468,0.995147154881404,96.61947934444134,46.22478318672914,0.002819501436673678,0.002819501436673678,0.4649819147128325,0.1411483264886416,0.0001461146649625295
443,0.12270759644273382,0.5708687649461406,0.44679887737453067,0.569166085772101,0.6195084132810175,0.5708683505654872,0.9950009859525241,97.37869403912471,46.66028513816687,0.003150628163264348,0.003150628163264348,0.47024808479140856,0.14535504278655237,0.00014388389647661083
444,0.12322417861567093,0.5719172463184466,0.4469485711794604,0.5787214591706061,0.6080492799252613,0.571916823268155,0.9950514756716214,97.1788024535546,45.764058149777924,0.0029351894672100362,0.0029351894672100362,0.4678913487371469,0.13540243586668602,0.0001416492783201228
445,0.1277345220844906,0.5676155520295898,0.44315188207385936,0.5664471706102169,0.612315607871586,0.5676151491128931,0.9948658209580642,101.4797077362354,46.879745909800896,0.003228646058302659,0.003228646058302659,0.4658884944826112,0.13715365443092126,0.00013941073612839947
446,0.12772851508970445,0.5726807885559485,0.4478647367999884,0.5723932735194796,0.6189049964896884,0.5726803976756278,0.9949379334082971,97.2270488188817,46.97628087722338,0.0031786148364727315,0.0031786148364727315,0.4722398703952402,0.13686569264301887,0.0001371681927451782
447,0.12845948986852398,0.5711888688252093,0.44670800121009635,0.5881047956830413,0.5982955592165896,0.5711884567371287,0.9951267609229455,94.02332821259132,46.70411568880081,0.0028658280005821814,0.0028658280005821814,0.4694555933602793,0.13971652534718698,0.0001349215680650786
448,0.12289643155124325,0.5736689246747659,0.4488660283516536,0.5684095477998935,0.6252446668635318,0.5736685062830743,0.994984296651987,95.95016846290001,47.29880238037843,0.0031804488255427433,0.0031804488255427433,0.4726178479882387,0.1362515278160572,0.0001326707788641081
449,0.1331213153540515,0.5752524934281704,0.451465457119295,0.5829016302848561,0.6099670496107417,0.5752520910822967,0.9951904370234563,97.80037986315213,46.44738307824502,0.002872650439922626,0.002872650439922626,0.4731927840755536,0.14279827260627195,0.00013041573861703878
450,0.1209047633366516,0.5718537322748067,0.4479971350529921,0.5888020602758856,0.5950193394818108,0.5718533305021969,0.9951501626234788,99.12479604207553,46.593178694064804,0.0027744403252234827,0.0027744403252234827,0.4682228584980755,0.14407958591786715,0.00012815635730036785
451,0.12041726017084259,0.5733958723583061,0.4497148148272061,0.5738720922689451,0.6153278558283021,0.573395463136573,0.9950412420126108,99.79696794656607,45.75228546215938,0.0029983337108905497,0.0029983337108905497,0.47006950760614347,0.1464906079837909,0.00012589254117941672
452,0.12255791066071162,0.5761920729350201,0.45256689067378625,0.5801463783879085,0.6156980287724158,0.5761916556753139,0.9951123090890738,100.46672650483939,46.320395304606514,0.0029679628518911507,0.0029679628518911507,0.47645480267333196,0.14800393165877232,0.0001236241925779498
453,0.12357540532516745,0.5766601029639837,0.45270871802301105,0.5731178330313547,0.6276895221592265,0.5766597017646367,0.9950379775120661,100.352687560595,46.51827076765207,0.0031467401064359224,0.0031467401064359224,0.4772389645485672,0.14985439238639978,0.00012135120962849047
454,0.12264242238150193,0.5758541306784312,0.45227355282350445,0.5844668849393182,0.6104618254745359,0.5758537283311134,0.9952394778911884,95.78607412484976,46.245529229824356,0.0028374195098876953,0.0028374195098876953,0.47653127505568477,0.14445619843900204,0.00011907348600128
455,0.1204983743910606,0.5774187131235441,0.4541207947594966,0.5814261332153878,0.6156193599903581,0.5774182858429612,0.9951262474060059,97.02751438434308,46.06754231452942,0.002918830284705529,0.002918830284705529,0.4778511304172683,0.1458973716944456,0.00011679091060955954
456,0.12277099053160502,0.5720478216188032,0.4477298414623082,0.5776902119334978,0.6067382075448572,0.5720474181267465,0.9950940425579364,96.41054006723257,46.15242661879613,0.0028913754683274487,0.0028913754683274487,0.46983553134319106,0.14210347716624921,0.00011450336728854525
457,0.12773896309618765,0.5770143749657083,0.4532039513971164,0.5754696571990838,0.6237959009104391,0.5770139408666551,0.9949955206650954,97.41583796647879,46.54880332946777,0.0031457314124474158,0.0031457314124474158,0.4784959285367012,0.15072811409257925,0.00011221073444511076
458,0.12494937258844192,0.5786173693415897,0.4551226832125882,0.5917969458036831,0.6098678606043765,0.5786169589712638,0.9952750022594745,101.5782742867103,45.5501061632083,0.0028128990760216345,0.0028128990760216345,0.4790778604264443,0.15157494923243156,0.00010991288467477625
459,0.12719470878633168,0.5775955990085648,0.45455969670785856,0.5733529484221551,0.6307163193804837,0.5775952075536888,0.995022700383113,97.42980252779446,45.74117432190822,0.0032039972452016976,0.0032039972452016976,0.48076823210486996,0.14786205784632608,0.00010760968434212009
460,0.1161984598550659,0.5786920207169767,0.4551110646018043,0.578327338585558,0.6262877275147241,0.5786916200931658,0.9950409302344689,96.23621693024269,48.09290035871359,0.003121045919565054,0.003121045919565054,0.48047664073797375,0.1495625603084381,0.00010530099312016371
461,0.12305132410703944,0.5750454756070669,0.45101298679788476,0.577768836476496,0.6172414434626822,0.575045074407923,0.9950411503131573,95.33319909756,48.7941357080753,0.0030324825873741736,0.0030324825873741736,0.4732534292225654,0.13856104875986391,0.00010298666348361787
462,0.12367215949612168,0.5771158079820093,0.4536151292937216,0.5757106683178201,0.6230741339217135,0.5771153941751007,0.9949841866126428,101.27761538212116,46.71056158726032,0.003104246579683744,0.003104246579683744,0.4783405967770345,0.1455508732738403,0.00010066654015009615
463,0.1249311538054966,0.5729270485866785,0.4490462301004649,0.5726209724364032,0.6175644800049878,0.5729266450955811,0.9949996654803936,96.25913645670964,48.97842561740141,0.003066227986262395,0.003066227986262395,0.4729173449942699,0.14484015895197025,9.834045946247941e-05
464,0.12888423160005075,0.5718429317970637,0.4475920971325905,0.5701913552964718,0.6180856630189038,0.571842539768999,0.9948894610771766,96.34082832703224,46.79506209721932,0.0031290054321289062,0.0031290054321289062,0.47107387964542097,0.13740239005822402,9.600824870451702e-05
465,0.1305795478491256,0.5766693634607724,0.4522085083917036,0.5771040208807874,0.6197124468575427,0.576668958824458,0.9950568492595966,99.30045358951276,46.85155078997979,0.0029581876901479866,0.0029581876901479866,0.47633645568902677,0.14570785843982145,9.366972534044407e-05
466,0.12477131958047931,0.574782786475569,0.45123897437028015,0.5879578613533065,0.6054229336272189,0.574782384129723,0.9952234855064979,95.91468523098872,46.60528928499956,0.0027518272399902344,0.0027518272399902344,0.4752842912880274,0.15287299253619635,9.132469616782773e-05
467,0.12448908363540585,0.573641642368634,0.4496364146607345,0.5774331416843784,0.6132312613020846,0.5736412297075094,0.9950530895820031,99.19250966952397,46.7335942708529,0.0029732997600848857,0.0029732997600848857,0.4748567149329644,0.141256792184252,8.897295637097126e-05
468,0.12546125168983752,0.5724208240468457,0.4485166497098254,0.5787856524587739,0.6099328170585068,0.5724204262862352,0.9951586173130915,96.32647457489601,45.69668773045907,0.0028824072617750903,0.0028824072617750903,0.4719034241369137,0.144879417350659,8.661428845992607e-05
469,0.1293217520086238,0.5710151270170418,0.4474914211631761,0.5716518725536393,0.6141600988215102,0.5710147200869179,0.9950652856093186,97.1262009694026,45.96950355859903,0.0030030103830190804,0.0030030103830190804,0.4696875442392551,0.1429540436141766,8.424846107739114e-05
470,0.11992418941540214,0.5746306014888227,0.4511725128982741,0.5790126418473103,0.6161112717693938,0.5746301899736229,0.9952153976146991,98.05089238973764,48.13541587499472,0.0028699361360990084,0.0028699361360990084,0.4739424047561792,0.1482172796072868,8.18752276523933e-05
471,0.12351860779409225,0.57360739778094,0.45014725254358595,0.5728698536378709,0.620318304000578,0.5736069925703013,0.9951547475961539,97.64325231772203,48.18854966530433,0.002942011906550481,0.002942011906550481,0.4721930379477831,0.1451159676966759,7.949432487547622e-05
472,0.12239097133995248,0.5692400261890815,0.4457174359163798,0.565206726601857,0.6208531296006885,0.5692396209790613,0.9948727167569674,97.1444444839771,48.89721026787391,0.00323027830857497,0.00323027830857497,0.4693560101664983,0.14269246619481307,7.710547096497543e-05
473,0.12338896797826657,0.5655255804978845,0.44127880639983663,0.5652184727293694,0.6094873399671576,0.5655251764334662,0.9948972188509427,97.12024738238408,48.98148121742102,0.0030971123622013973,0.0030971123622013973,0.46254818642941803,0.13995151293392366,7.470836368753417e-05
474,0.12063865034052959,0.5677265267097508,0.4438633357241078,0.5724283150376772,0.6080759363661715,0.5677261289496186,0.9950220584869385,97.71751530353839,48.83737993698854,0.0030340781578650842,0.0030340781578650842,0.4664322261053782,0.14151122363714072,7.23026780879678e-05
475,0.11730036730519854,0.5716556178977674,0.4475448406801592,0.5764860872094264,0.6105464583389011,0.5716552046629613,0.9951466597043551,97.50213654224689,48.714185499227966,0.002915510764488807,0.002915510764488807,0.4701176926207084,0.14338548825337336,6.988806387340599e-05
476,0.12249516942896523,0.5729678571358524,0.4489346573693449,0.5772793396354052,0.6125945151981376,0.572967446767414,0.9950944460355319,97.58350957356967,48.89564490776796,0.002997581775371845,0.002997581775371845,0.47146955590981704,0.14124600460323003,6.746414238367822e-05
477,0.12207498727366328,0.5708925128126698,0.4466602501531384,0.5787499163222267,0.6050489626234664,0.5708921035895496,0.9952089052933913,97.21888998838571,48.622970058367805,0.0028225275186391976,0.0028225275186391976,0.4683623594733385,0.1449715016553035,6.503050306324746e-05
478,0.12504975855923617,0.5706053399240628,0.4466611903565321,0.5660044751648902,0.6213136499873844,0.5706049341422257,0.9949977948115423,97.46306923719553,49.02013689738054,0.003146538367638221,0.003146538367638221,0.46926978431068933,0.13784648965184504,6.258669932838723e-05
479,0.12498020373571378,0.5755362963574598,0.4518937193557782,0.5793239795423294,0.6153880782981455,0.5755358888553175,0.9951820006737342,97.69244052813603,48.82896659924434,0.0029180416694054236,0.0029180416694054236,0.47379128677913773,0.1447190738354738,6.01322436949885e-05
480,0.11747411753122623,0.5761398340765811,0.45211923037625507,0.5690823581520866,0.6283656313998318,0.576139426002175,0.9950912365546594,98.01203005130475,49.04194971231314,0.0030933343447171724,0.0030933343447171724,0.4757055760576175,0.14257172022301418,5.7666601994895854e-05
481,0.12282099141381107,0.5773340641434004,0.453886263658413,0.5769711194314503,0.6223616108281231,0.5773336726886007,0.9951683924748347,97.38066429358263,48.759025289462166,0.0029616722693810095,0.0029616722693810095,0.4767195452004671,0.14836718156360662,5.518918645844863e-05
482,0.11944788902138288,0.574039055190333,0.45004442106179915,0.5727953690351788,0.6196233631309531,0.5740386499808807,0.995144092119657,97.32830040271466,48.78411791874812,0.0029775362748366138,0.0029775362748366138,0.4729133393042363,0.14213991437393886,5.2699347372755836e-05
483,0.11604859371884511,0.5731854542078701,0.44870040452455606,0.5857584562633454,0.6022196218354321,0.5731850358156522,0.995279807310838,100.70038375487694,48.624561662857346,0.0027078848618727466,0.0027078848618727466,0.4688907807263044,0.13877187869869745,5.019636293147572e-05
484,0.11422331498649257,0.5728699920398396,0.44869470941478795,0.5775936678806639,0.6118156108701581,0.572869578233176,0.995186237188486,101.00602984428406,48.713511035992546,0.00286709345304049,0.00286709345304049,0.47082675706881744,0.14072958967433527,4.767942676090328e-05
485,0.12361413505501471,0.5691955903536359,0.4451245341871154,0.5754396798136606,0.6061431468662284,0.5691951845701391,0.9951639542212853,101.62321492341849,48.569501959360565,0.0028432515951303337,0.0028432515951303337,0.46610761906665105,0.14113586181058332,4.5147632421134877e-05
486,0.12231597594486979,0.5706997399269121,0.446139217581516,0.5703173403150334,0.6148771896941281,0.5706993381564848,0.995099269426786,100.382615511234,48.742626529473526,0.002975207108717698,0.002975207108717698,0.468352204126908,0.13919388932677415,4.259995391188707e-05
487,0.1172654998775285,0.5723252451319458,0.4481132709765014,0.5759485143488556,0.6119810068819509,0.5723248376296557,0.9951791763305664,97.50440093187186,48.77901325776027,0.0028801881350003756,0.0028801881350003756,0.47024872125341344,0.1472252868115902,4.003522081490459e-05
488,0.1215924949456866,0.5724812494006809,0.4483960675064702,0.5783869876497449,0.6101229696302582,0.5724808424711686,0.9951744629786565,97.55043552472041,48.684690732222336,0.0028726871197040263,0.0028726871197040263,0.4697731982630033,0.15074476413428783,3.745208610377897e-05
489,0.12129322650770728,0.5748298970684111,0.4506791239879155,0.581045480320102,0.612775137904184,0.5748294912852229,0.9952278320605938,97.52747343136714,48.70599705439348,0.0028475247896634615,0.0028475247896634615,0.4728155743617278,0.14523814561275336,3.484898371928687e-05
490,0.12064204784110188,0.5746966399955074,0.4505710401343623,0.5765691669120135,0.6181126249507193,0.5746962290544224,0.9951976629403921,97.7615394775684,48.720556139945984,0.0029196739196777344,0.0029196739196777344,0.473056457650203,0.14538726540139088,3.2224071517527e-05
491,0.1186465356642237,0.5748082577167656,0.4502700564511554,0.5774924116248232,0.6166578910654678,0.5748078605303855,0.9952096205491286,104.88582018705515,48.77989370089311,0.0028831958770751953,0.0028831958770751953,0.47239825473381925,0.14579204226342532,2.9575152732566297e-05
492,0.12211103572581823,0.5732414137989876,0.4488102736512649,0.5780295334365536,0.6128668339189551,0.5732410005652444,0.9951756367316613,97.55709338188171,48.78196451297173,0.002902361062856821,0.002902361062856821,0.47101051073807937,0.14506653925547233,2.6899564852898082e-05
493,0.12090298626571894,0.5731768728580241,0.44885033742907826,0.5775060046359958,0.6140496307823644,0.573176473379181,0.995156636604896,97.60859737029442,48.835726838845474,0.0029381605295034554,0.0029381605295034554,0.4710935027553485,0.14260797044978693,2.419401716265777e-05
494,0.12364590640824574,0.5739813768081992,0.4497295053667799,0.5791693556382895,0.6142029110038633,0.5739809675859049,0.9951971494234525,97.60493445396423,48.814305965717026,0.002907404532799354,0.002907404532799354,0.4719127289091165,0.14514804316254762,2.1454343618097682e-05
495,0.12002692672495659,0.5733498128694262,0.4489353858067864,0.5778557457788006,0.6139070140610644,0.5733494139635114,0.9952071996835562,97.59963998427757,48.79816030538999,0.0028926959404578577,0.0028926959404578577,0.4711518476788814,0.14481124468147755,1.86751079733455e-05
496,0.11837969634395379,0.573743892989904,0.44927851570497374,0.5774488781685636,0.6147522446037608,0.5737434940842937,0.9951807535611666,97.53317900804373,48.76334512233734,0.002914612109844501,0.002914612109844501,0.47134176555734414,0.14487635243970615,1.5848931924611145e-05
497,0.11830599903343962,0.5744159835018535,0.4499447921850105,0.5782765405285315,0.6153267588735896,0.5744155914738079,0.9951870074638953,97.73701332165645,48.74869087109199,0.0029123746431790865,0.0029123746431790865,0.4719150127986303,0.1449109813055167,1.2965252773542109e-05
498,0.11800949762646969,0.5749493740057596,0.45052021542591497,0.5812973297167775,0.6128075318823764,0.574948964210703,0.9952340126037598,97.51972347039442,48.70061777188228,0.0028441685896653393,0.0028441685896653393,0.4721099002143511,0.14583047293126583,1.0007742567915822e-05
499,0.12299949002380554,0.5750529296255374,0.4507403368119356,0.581751022506194,0.6125993844391184,0.5750525312928515,0.99523558983436,97.55085110664368,48.72094868696653,0.0028417844038743237,0.0028417844038743237,0.47200482782836145,0.142657357482956,6.947906928878752e-06
500,0.12036366681926526,0.57498039249219,0.4506561220397457,0.5812335352668002,0.6130462805795105,0.5749799884283087,0.9952325087327224,97.5491347863124,48.77561332629277,0.002848368424635667,0.002848368424635667,0.4720289565336246,0.14267718276152244,3.7232911332721414e-06
