epoch,train_loss,val_dice,val_iou,val_precision,val_recall,val_f1,val_accuracy,val_hausdorff,val_hausdorff_95,val_fp_per_volume,val_fp_per_image,val_ap,val_mAP,lr
1,0.53057384761897,6.612582248259613e-11,6.612582248259613e-11,5.999497704189949e-10,7.909718214606232e-11,9.324905322307986e-14,0.988550990819931,257.9587354660034,225.76216387748718,0.0008004307746887207,0.0008004307746887207,0.0212184097035788,0.0,0.0002
2,0.38747083915002417,7.588200868439282e-11,7.588200868439282e-11,2.8571584959058427e-09,7.909718214606232e-11,4.5101141720490893e-13,0.9891816973686218,352.8884086608887,301.2985019683838,0.0001697242259979248,0.0001697242259979248,0.05118969157047104,0.0,0.0004
3,0.2848091886350603,7.777241144927421e-11,7.777241144927421e-11,7.222556469566044e-09,7.909718214606232e-11,1.120122498579493e-12,0.9892849624156952,356.2196378707886,305.32064151763916,6.645917892456055e-05,6.645917892456055e-05,0.06707763817394152,0.0,0.0006
4,0.19322221184318716,7.872490387448444e-11,7.872490387448444e-11,2.6006658826460693e-08,7.909718214606232e-11,3.9441342444650196e-12,0.9893330037593842,357.5298500061035,306.34050273895264,1.8417835235595703e-05,1.8417835235595703e-05,0.055206552788149565,0.0,0.0008
5,0.12716921306017673,7.909718214606232e-11,7.909718214606232e-11,1.0,7.909718214606232e-11,1.5819421337118222e-10,0.9893514215946198,572.656982421875,572.656982421875,0.0,0.0,0.16251905425451696,0.0,0.001
6,0.09102849831635301,7.909718214606232e-11,7.909718214606232e-11,1.0,7.909718214606232e-11,1.5819421337118222e-10,0.9893514215946198,572.656982421875,572.656982421875,0.0,0.0,0.01710075141454581,0.0,0.0009909954834128342
7,0.07171104374257001,7.909718214606232e-11,7.909718214606232e-11,1.0,7.909718214606232e-11,1.5819421337118222e-10,0.9893514215946198,572.656982421875,572.656982421875,0.0,0.0,0.38803253130754456,0.0030831946060061455,0.000989193491307027
8,0.062090434529113045,7.909718214606232e-11,7.909718214606232e-11,1.0,7.909718214606232e-11,1.5819421337118222e-10,0.9893514215946198,572.656982421875,572.656982421875,0.0,0.0,0.10502340921084397,0.0,0.000987391134388305
9,0.05473423777430347,7.909718214606232e-11,7.909718214606232e-11,1.0,7.909718214606232e-11,1.5819421337118222e-10,0.9893514215946198,572.656982421875,572.656982421875,0.0,0.0,0.1108410230372101,0.0,0.0009855884118426005
10,0.04711239118919228,7.909718214606232e-11,7.909718214606232e-11,1.0,7.909718214606232e-11,1.5819421337118222e-10,0.9893514215946198,572.656982421875,572.656982421875,0.0,0.0,0.42190726805711165,0.05132594425231218,0.0009837853228523705
11,0.04425771672730193,7.909718214606232e-11,7.909718214606232e-11,1.0,7.909718214606232e-11,1.5819421337118222e-10,0.9893514215946198,572.656982421875,572.656982421875,0.0,0.0,0.42661971179768443,0.021967827808111906,0.0009819818665965754
12,0.04320564612068913,7.909718214606232e-11,7.909718214606232e-11,1.0,7.909718214606232e-11,1.5819421337118222e-10,0.9893514215946198,572.656982421875,572.656982421875,0.0,0.0,0.3615640736727528,0.014314767206087708,0.0009801780422506556
13,0.04320995323359966,7.909718214606232e-11,7.909718214606232e-11,1.0,7.909718214606232e-11,1.5819421337118222e-10,0.9893514215946198,572.656982421875,572.656982421875,0.0,0.0,0.3407462347531691,0.015719551593065262,0.0009783738489865113
14,0.03876490024567553,7.909718214606232e-11,7.909718214606232e-11,1.0,7.909718214606232e-11,1.5819421337118222e-10,0.9893514215946198,572.656982421875,572.656982421875,0.0,0.0,0.4276725275849458,0.03498904104344547,0.000976569285972478
15,0.03601496026032802,7.909718214606232e-11,7.909718214606232e-11,1.0,7.909718214606232e-11,1.5819421337118222e-10,0.9893514215946198,572.656982421875,572.656982421875,0.0,0.0,0.25865214184159413,0.0,0.0009747643523733044
16,0.03741344061651916,7.909718214606232e-11,7.909718214606232e-11,1.0,7.909718214606232e-11,1.5819421337118222e-10,0.9893514215946198,572.656982421875,572.656982421875,0.0,0.0,0.3376610530540347,0.0,0.0009729590473501306
17,0.03413067292422056,7.909718214606232e-11,7.909718214606232e-11,1.0,7.909718214606232e-11,1.5819421337118222e-10,0.9893514215946198,572.656982421875,572.656982421875,0.0,0.0,0.4598598504671827,0.032116306014359,0.0009711533700604632
18,0.03067565912550146,7.909718214606232e-11,7.909718214606232e-11,1.0,7.909718214606232e-11,1.5819421337118222e-10,0.9893514215946198,572.656982421875,572.656982421875,0.0,0.0,0.4676133063621819,0.08431067666970193,0.0009693473196581535
19,0.03208406286483461,7.909718214606232e-11,7.909718214606232e-11,1.0,7.909718214606232e-11,1.5819421337118222e-10,0.9893514215946198,572.656982421875,572.656982421875,0.0,0.0,0.4290611353935674,0.035608525620773435,0.0009675408952933734
20,0.03285261088361343,7.909718214606232e-11,7.909718214606232e-11,1.0,7.909718214606232e-11,1.5819421337118222e-10,0.9893514215946198,572.656982421875,572.656982421875,0.0,0.0,0.47425100274267606,0.04613227746449411,0.0009657340961125918
21,0.030140638986433096,0.022815314869183926,0.012040003292020986,0.9998747482895851,0.012040031988397816,0.02281529441468288,0.9895308315753937,388.79445481300354,371.1304899454117,2.9802322387695312e-08,2.9802322387695312e-08,0.4434559801593423,0.0318488331977278,0.0009639269212585509
22,0.028706371389103657,0.24587004076132407,0.15620253278105783,0.6841082107386175,0.1639404469148214,0.2458698089790525,0.9911290407180786,124.027636885643,71.092793405056,0.0003370046615600586,0.0003370046615600586,0.4571493889670819,0.04333870764821768,0.0009621193698702417
23,0.028392920764445356,0.42917838833399624,0.2944072471103868,0.7669729581102729,0.32915600995637984,0.42917802186892456,0.9922475516796112,118.01238626241684,63.18688124418259,0.0008723139762878418,0.0008723139762878418,0.555018781684339,0.0782409030944109,0.0009603114410828803
24,0.027738373021058964,0.476215743463863,0.3322711717378388,0.6084171477798761,0.4343426972700705,0.4762153299525402,0.9916538894176483,114.34236896038055,57.2938107252121,0.0020928382873535156,0.0020928382873535156,0.488542917300947,0.030256157275289297,0.0009585031340278833
25,0.026933048682456665,0.5458722249604762,0.3968960402999073,0.6453638118691742,0.5179679160937667,0.5458717672154307,0.9926560521125793,94.27987432479858,45.29725003242493,0.002278834581375122,0.002278834581375122,0.5688967606984079,0.09553373628295958,0.0009566944478328421
26,0.027631803599158018,0.4313022599162346,0.30170582899151355,0.6329880580546994,0.36286187452368945,0.4313018452376207,0.9921270906925201,86.14305377006531,34.124242067337036,0.0014667212963104248,0.0014667212963104248,0.5252015953883529,0.08974146842956543,0.0009548853816214997
27,0.027325785916411514,0.3781048535705781,0.2530462909011407,0.8053088325541466,0.27135453991231084,0.37810452412557877,0.991763174533844,115.90694403648376,57.51377338171005,0.0005322694778442383,0.0005322694778442383,0.5942714759148657,0.09828138165175915,0.0009530759345137246
28,0.027167170717747824,0.5254497760906816,0.3804276720620692,0.6197873102501035,0.5079643884673715,0.5254493169486523,0.9923481345176697,105.31235575675964,33.73090213537216,0.002382427453994751,0.002382427453994751,0.5213533481582999,0.08024817029945552,0.0009512661056254851
29,0.026922407404830057,0.4430305744626821,0.3051539048083214,0.6267746098546922,0.382848516541344,0.4430301340344158,0.991561084985733,104.77688825130463,38.024620443582535,0.0017634332180023193,0.0017634332180023193,0.47950347553705797,0.044812814332544804,0.0009494558940688246
30,0.024576623514859064,0.4378813300385377,0.30212807796068997,0.7520157797262073,0.3417396997205219,0.4378809556572241,0.99223592877388,123.4928680062294,60.6689178943634,0.001148223876953125,0.001148223876953125,0.5536016058176756,0.0913322432897985,0.0009476452989518352
31,0.025922819266490864,0.3439656917284014,0.23849004773673413,0.6949942288338207,0.26142538215516875,0.34396537935279864,0.9919067323207855,115.93009054660797,66.50669974088669,0.0007544755935668945,0.0007544755935668945,0.515664728358388,0.09136530268006027,0.000945834319378632
32,0.02300153278999708,0.5859912568703294,0.43718830216675997,0.5910251517780125,0.632260830141604,0.5859908079728484,0.9926067590713501,92.8892410993576,40.011845886707306,0.003725379705429077,0.003725379705429077,0.6009546807035804,0.09577653068117797,0.000944022954449327
33,0.023815007584000177,0.5376967527069223,0.39874830610156775,0.5953649861377844,0.514286010536482,0.5376963196322819,0.992933452129364,92.24459683895111,39.72974419593811,0.002464771270751953,0.002464771270751953,0.5673162206076086,0.09605834959074855,0.0009422112032600019
34,0.02320226469556942,0.3915231594782832,0.2730047573186035,0.781745376996696,0.3080797775964762,0.3915228140940046,0.9922874569892883,148.21134626865387,89.65020841360092,0.0010581910610198975,0.0010581910610198975,0.5070951071102172,0.06203600135631859,0.0009403990649026824
35,0.02318569681268524,0.44327139008545824,0.31465961454832037,0.6916551394679118,0.37345766713714734,0.44327099026739686,0.9920153915882111,129.73542606830597,72.0381309390068,0.0018177926540374756,0.0018177926540374756,0.4902077519800514,0.036724983248859644,0.0009385865384653104
36,0.024765238236410147,0.2963355526693635,0.19293935947588806,0.8294022882473655,0.20079422806101546,0.296335289682961,0.9912562370300293,115.773666203022,55.15286138653755,0.0003057718276977539,0.0003057718276977539,0.56146478978917,0.057188123697414994,0.0009367736230317175
37,0.023683546160375983,0.15608333357636295,0.09299010033396482,0.9559709094464779,0.09377642227014005,0.15608319886314564,0.9904338717460632,249.49360609054565,195.22116822004318,7.557868957519531e-05,7.557868957519531e-05,0.5544671411335003,0.07349606743082404,0.0009349603176815974
38,0.023519094976963417,0.27318221984566626,0.1766830261530864,0.8295299322344363,0.18673424599362043,0.2731819639847701,0.991203635931015,150.9419720172882,91.6953694820404,0.00048413872718811035,0.00048413872718811035,0.5227342182770371,0.05693728686310351,0.0009331466214904777
39,0.02309225450241656,0.4021550997962481,0.2763500764371133,0.8381666718050838,0.2963905720493062,0.4021547556829182,0.992369532585144,113.24189555644989,50.05847159028053,0.0006989538669586182,0.0006989538669586182,0.5981868612580001,0.10292740352451801,0.0009313325335296929
40,0.021718235009095886,0.5386752155609429,0.4023929522372782,0.6333891104441136,0.5046285381540656,0.5386747464071959,0.9926764369010925,97.0306869149208,30.975438088178635,0.0026369690895080566,0.0026369690895080566,0.5767514263279736,0.09799146838486195,0.0009295180528663554
41,0.021961847517752285,0.5707064140691659,0.43103451352671296,0.752592834411189,0.514104949553614,0.5707059826443446,0.9933559894561768,124.4254042506218,50.56608667969704,0.001906067132949829,0.001906067132949829,0.6437913661357015,0.1258931616321206,0.0009277031785633282
42,0.021219341169026764,0.5143315611733652,0.381701390442957,0.6273927535905447,0.4553989790250784,0.5143311409047197,0.9929910004138947,85.78658193349838,24.995220869779587,0.0018158257007598877,0.0018158257007598877,0.574575535254553,0.09836631454527378,0.0009258879096791951
43,0.023101883785178263,0.4303253892477226,0.3007510452854188,0.7003738398616394,0.3480522635873364,0.4303250158991462,0.9917985796928406,99.14880800247192,40.45383220911026,0.001183927059173584,0.001183927059173584,0.5632672266801819,0.09013227070681751,0.0009240722452682321
44,0.02129272157749669,0.5170942503027618,0.3768844634760171,0.7485048370435834,0.4297298917081207,0.5170938367955387,0.9931164979934692,86.0861297249794,20.106642737984657,0.0012646317481994629,0.0012646317481994629,0.625392597168684,0.1008740107063204,0.0009222561843803788
45,0.02008614329282533,0.32382536218307945,0.2311668931952867,0.7890408993904452,0.25883347406121715,0.3238250916661827,0.991966187953949,185.07185971736908,159.0821599662304,0.001000434160232544,0.001000434160232544,0.5194417587481439,0.0758048864081502,0.0009204397260612089
46,0.019832977037312405,0.20945308688406905,0.13427763453602048,0.9510926716029644,0.13725214333190772,0.2094529136931864,0.9908571541309357,148.50839793682098,92.7411720752716,0.00013020634651184082,0.00013020634651184082,0.6116141154780053,0.08955646050162613,0.0009186228693518994
47,0.02006694825479027,0.4273717077647954,0.313448493505238,0.7101483747347934,0.3590796761181715,0.42737136224528155,0.9929201900959015,118.42978370189667,61.14572915434837,0.0012587904930114746,0.0012587904930114746,0.5927885449491441,0.12494461890310049,0.0009168056132892021
48,0.019112694832129462,0.581859398643603,0.4486510009841299,0.7449001022614539,0.5458935438758931,0.5818589760663462,0.9933917820453644,110.04496955871582,48.41580608487129,0.0024226605892181396,0.0024226605892181396,0.6519996300339699,0.12783530913293362,0.0009149879569054125
49,0.02053014004151478,0.30419385935238097,0.20500103824451799,0.8355885872151703,0.21421494414971676,0.3041936085355701,0.991765171289444,77.52318632602692,18.307612121105194,0.00044652819633483887,0.00044652819633483887,0.6226883567869663,0.08887606905773282,0.0009131698992283396
50,0.021187185422714912,0.5231203530030435,0.3796306345658487,0.7390784584115044,0.44167422038302323,0.5231199618428976,0.9927640557289124,94.4931760430336,35.64647912979126,0.001280754804611206,0.001280754804611206,0.6336228107102215,0.1023109054658562,0.0009113514392812751
51,0.0206325807622775,0.5344315602082065,0.39327224321768195,0.7811332396231592,0.4485769732958874,0.5344311390279335,0.9933134913444519,107.85670852661133,49.91329890489578,0.0013552308082580566,0.0013552308082580566,0.65152568789199,0.10278581501916051,0.0009095325760829623
52,0.018131062896414238,0.36736839129491483,0.26744212587266003,0.722147134916455,0.29980220045032724,0.367368096077864,0.9925210773944855,156.28192645311356,132.28315630555153,0.0009889602661132812,0.0009889602661132812,0.5817379886284471,0.10218843049369752,0.0009077133086475646
53,0.018289876946558554,0.6221052287146449,0.46779027581214905,0.6741681648418307,0.6372575778514147,0.6221047770231962,0.9932541251182556,79.34020227193832,12.389288246631622,0.0033667683601379395,0.0033667683601379395,0.6709282286465168,0.09906482161022723,0.0009058936359846345
54,0.019508080698098198,0.6340821543708444,0.483396430965513,0.6892097778618336,0.6295478567481041,0.6340816901065409,0.9934414029121399,95.14762458205223,31.571279898285866,0.0024196207523345947,0.0024196207523345947,0.7023532218299806,0.15585661842487752,0.0009040735570990808
55,0.016937829786911607,0.6679522721096873,0.52011066256091,0.6835329830646515,0.6932706572115421,0.6679518027231097,0.9937944114208221,81.66557759046555,8.660588264465332,0.0032555758953094482,0.0032555758953094482,0.7231897199526429,0.1709593057166785,0.0009022530709911372
56,0.01958679196170785,0.6461057467386127,0.49817672092467546,0.7085799910128117,0.6174889709800482,0.6461052885279059,0.9937633574008942,76.67942696809769,14.335884287953377,0.002283424139022827,0.002283424139022827,0.6945343744009733,0.16294706286862493,0.0009004321766563289
57,0.0176105879134301,0.5346658583800977,0.3865122823115176,0.7819375360544591,0.42560327053800723,0.5346654746681923,0.9928760528564453,72.54973137378693,14.169571489095688,0.0007375478744506836,0.0007375478744506836,0.6687024787534028,0.11566052259877324,0.0008986108730854411
58,0.01831582691661562,0.597753725014627,0.4596093187574297,0.5657418528571725,0.6798673160374165,0.5977532644756138,0.9926789402961731,84.81348437070847,35.75950485467911,0.0042351484298706055,0.0042351484298706055,0.6448671203106642,0.15328662632964551,0.0008967891592644846
59,0.017178841069284263,0.5347013752968706,0.39018457197264794,0.7655460872132582,0.4489916311650028,0.5347009841352789,0.9929985105991364,84.53442978858948,13.74986082315445,0.00111427903175354,0.00111427903175354,0.6771603552624583,0.09549916139803827,0.0008949670341746629
60,0.01658521612372362,0.6069719060324132,0.45556986005976796,0.7902752147056162,0.52156224520877,0.6069714557379484,0.9937919080257416,65.68924713134766,8.419964611530304,0.0014670193195343018,0.0014670193195343018,0.7389347339048982,0.18717322940938175,0.0008931444967923387
61,0.016423507896957523,0.5335497444611974,0.3940996195015032,0.8158803151454777,0.4294129259942565,0.5335493403254077,0.9931370615959167,80.09384578466415,11.916566982865334,0.0008245110511779785,0.0008245110511779785,0.7090680301189423,0.17672973545268178,0.0008913215460889999
62,0.017577091979822428,0.626283141085878,0.47659883031155914,0.7245687695685774,0.5856345486827195,0.6262826852034777,0.9935625791549683,89.89868026971817,19.668241530656815,0.001964271068572998,0.001964271068572998,0.6990182809531689,0.13522425829432905,0.0008894981810312246
63,0.01849430578647915,0.5958937401883304,0.4435944140423089,0.5761168426834047,0.675470903981477,0.5958932815119624,0.9921363890171051,97.03268259763718,40.47276356816292,0.004163026809692383,0.004163026809692383,0.6410252843052149,0.08425362012349069,0.0008876744005806469
64,0.01704899750113713,0.6547574000433087,0.5074532437138259,0.6531776990741491,0.6856930796056986,0.654756935313344,0.9936327338218689,91.18783235549927,26.252500012516975,0.003201425075531006,0.003201425075531006,0.7076218910515308,0.16267433925531805,0.000885850203693922
65,0.016771777271942206,0.6631078505888581,0.5158993038348854,0.6887578186579049,0.6649970356374979,0.6631073700264096,0.9939190745353699,80.67009228467941,11.118465781211853,0.0023681819438934326,0.0023681819438934326,0.7319660177454352,0.17296650656498969,0.0008840255893226908
66,0.016289891512838727,0.6668762732297182,0.516562326811254,0.7098687216639519,0.6545854210853577,0.6668757926672697,0.9938260316848755,72.16399472951889,13.876805827021599,0.002510577440261841,0.002510577440261841,0.7271511927247047,0.16288505168631673,0.0008822005564135439
67,0.015738678030726132,0.6332464381121099,0.4821128402836621,0.7298901677131653,0.5842679366469383,0.6332459794357419,0.9936072826385498,77.49950724840164,20.581690087914467,0.0018285512924194336,0.0018285512924194336,0.7182603795081377,0.17631692439317703,0.0008803751039079861
68,0.015083014866280737,0.6726460484787822,0.5253341645002365,0.7096643038094044,0.6637086998671293,0.6726455772295594,0.9940257966518402,80.32026356458664,7.868359327316284,0.0022398829460144043,0.0022398829460144043,0.7450503529980779,0.18539507477544248,0.0008785492307423999
69,0.016869855825930383,0.6120174443349242,0.4597000810317695,0.744431025814265,0.5433849594555795,0.6120169730857015,0.9936321973800659,82.22449520230293,22.659765750169754,0.0015668272972106934,0.0015668272972106934,0.6819639159366488,0.11500158603303134,0.0008767229358480086
70,0.01759526587204274,0.6557430727407336,0.5077291247434914,0.6803681263700128,0.670869829133153,0.6557426126673818,0.9938524961471558,86.57923251390457,13.574958771467209,0.002723783254623413,0.002723783254623413,0.7133050318807364,0.1706241867505014,0.0008748962181508392
71,0.01665005310805458,0.48222271726266047,0.3406554088069548,0.8455519173294306,0.37815026287720105,0.48222234380961454,0.9922740459442139,116.73689204454422,60.29905413091183,0.0006958544254302979,0.0006958544254302979,0.6804999748710543,0.13433688832446933,0.000873069076571686
72,0.0153549572128351,0.6896024392917752,0.546830341219902,0.7006684807129204,0.7048349063843489,0.6896019675768912,0.9941583275794983,66.4547591805458,7.013355061411858,0.0025562047958374023,0.0025562047958374023,0.7536022029817104,0.19994667381979525,0.0008712415100260713
73,0.014683370534895044,0.6324728727340698,0.47935889731161296,0.7401033290661871,0.5694872112944722,0.6324724275618792,0.9936710000038147,69.91808295249939,11.376905769109726,0.0017979443073272705,0.0017979443073272705,0.7158012259751558,0.11949561629444361,0.0008694135174242088
74,0.014135283171058152,0.6652382165193558,0.5169846010394394,0.6638677511364222,0.7101747132837772,0.6652377545833588,0.9936026334762573,70.81417417526245,11.41026747226715,0.003051459789276123,0.003051459789276123,0.743282662704587,0.18241362157277763,0.0008675850976709641
75,0.018064978624214276,0.6215743676293641,0.4709515192080289,0.7675790907815099,0.5432267701253295,0.6215739196632057,0.9938521981239319,77.054781883955,8.604366764426231,0.0013940036296844482,0.0013940036296844482,0.7258324036374688,0.15476053720340133,0.0008657562496658164
76,0.015403825937854972,0.5381133705432206,0.3921508640105516,0.8247948959686283,0.4231471791936507,0.538112996146088,0.9932036399841309,82.16412264108658,13.15719947218895,0.00076332688331604,0.00076332688331604,0.708850369323045,0.1409162417985499,0.0008639269723028191
77,0.016254447654566982,0.671795891597867,0.5283931781305,0.7317690500058234,0.639050102327019,0.6717954268679023,0.9940150678157806,69.01687359809875,7.6997465044260025,0.0019134283065795898,0.0019134283065795898,0.7504680720157921,0.19953468046151102,0.0008620972644705603
78,0.015026850964535366,0.5956664308968963,0.44679833017923254,0.7625772729993129,0.5160023085846057,0.5956660192459933,0.9933977425098419,84.15596783161163,14.787343606352806,0.00105208158493042,0.00105208158493042,0.7029527567792684,0.12623203918337822,0.0008602671250521225
79,0.015080209588631988,0.5902115311527095,0.43967770226834635,0.7952504623880924,0.4860873166544785,0.590211113914852,0.9935631453990936,69.35186529159546,9.52510005235672,0.001008152961730957,0.001008152961730957,0.7413451294414699,0.1971727437339723,0.000858436552925043
80,0.014977577389359023,0.5967750028939918,0.44904516788665205,0.8081935597583652,0.4963622152572498,0.5967745631933212,0.9939372837543488,66.66886287927628,8.590867698192596,0.0011386573314666748,0.0011386573314666748,0.7523193992674351,0.2209846773184836,0.0008566055469612726
81,0.014562992273237218,0.5803685445971496,0.43335820106040046,0.7902556634362554,0.4887902276641398,0.5803681124234572,0.9932530522346497,66.54531860351562,9.882823050022125,0.0008407235145568848,0.0008407235145568848,0.7416269807145,0.16700709098950028,0.0008547741060271343
82,0.018066464231885744,0.660575469955802,0.514669347088784,0.6701544080860913,0.6758352471515536,0.6605749889276922,0.9936470985412598,90.16378515958786,30.876730784773827,0.002963244915008545,0.002963244915008545,0.721772251650691,0.17090132925659418,0.0008529422289832824
83,0.01702367733797115,0.6244653416797519,0.4722362798638642,0.6193054327741265,0.7029436398297548,0.6244648899883032,0.9930472373962402,94.31242549419403,38.299449265003204,0.003264486789703369,0.003264486789703369,0.7228908343240619,0.14975090674124658,0.0008511099146846599
84,0.014526030888329402,0.643142331391573,0.49256185768172145,0.6159585285931826,0.7358213234692812,0.6431418731808662,0.9932077825069427,77.2139168381691,27.713765054941177,0.003619939088821411,0.003619939088821411,0.7222828883677721,0.1646861587651074,0.0008492771619804566
85,0.014752394590301044,0.6393801951780915,0.49353932891972363,0.7641971204429865,0.5792866696137935,0.6393797304481268,0.9940820038318634,73.17561841011047,7.223801389336586,0.001492619514465332,0.001492619514465332,0.7359532732516527,0.18361030495725572,0.0008474439697140658
86,0.014484909553588792,0.6335349064320326,0.4848973841872066,0.7183131384663284,0.6006830555270426,0.633534464170225,0.9937573075294495,77.0479362308979,19.57871448993683,0.001723259687423706,0.001723259687423706,0.7305751396343112,0.15963850147090852,0.0008456103367230419
87,0.014223092359095586,0.670137575827539,0.5251119616441429,0.7087565921247005,0.6686841570772231,0.6701371129602194,0.9941147267818451,75.32798236608505,18.092653706669807,0.0021779239177703857,0.0021779239177703857,0.7506552445702255,0.21251165657304227,0.0008437762618390562
88,0.013258300778089148,0.6678846359718591,0.5218354212120175,0.7173192908521742,0.6555906352587044,0.6678841635584831,0.9941054582595825,67.05760210752487,9.452107593417168,0.001999765634536743,0.001999765634536743,0.7457268415018916,0.1755513825919479,0.0008419417438878526
89,0.012810980470738175,0.5917026768438518,0.4452602461678907,0.766707481816411,0.5224901493056677,0.5917022457579151,0.9936877489089966,65.64008182287216,7.914766252040863,0.0013329088687896729,0.0013329088687896729,0.7303242702037096,0.1453143402468413,0.000840106781689204
90,0.013731662667299988,0.6218384038708791,0.4733962006918773,0.738787155616249,0.5632962025775066,0.62183797731996,0.9936912059783936,80.15015056729317,10.463400229811668,0.0013491809368133545,0.0013491809368133545,0.7287995531223714,0.1400443345773965,0.0008382713740568662
91,0.013547896689763575,0.5819001738052608,0.431871430955434,0.7636940481348101,0.5002306103779426,0.5818997714668994,0.9933503568172455,66.9600059390068,9.730038240551949,0.0009762048721313477,0.0009762048721313477,0.7200771570205688,0.12302810722030699,0.0008364355197985339
92,0.013321984340577867,0.6545648968312889,0.50944616983179,0.6776472653727978,0.6639456176199019,0.654564424417913,0.9936286509037018,96.52491223812103,45.12566356360912,0.002612084150314331,0.002612084150314331,0.7262161821126938,0.16808513342402875,0.0008345992177157936
93,0.016646048597370584,0.6339029574301094,0.48777848843019456,0.7470727753825486,0.5885136860888451,0.6339025017805398,0.9939098060131073,73.47364455461502,9.950227528810501,0.001911461353302002,0.001911461353302002,0.7334197643212974,0.17501567606814206,0.000832762466604078
94,0.013436318678555615,0.6753384033218026,0.5300969071686268,0.7066775308921933,0.6921390015631914,0.6753379367291927,0.994060754776001,75.15075713396072,17.60703733563423,0.0027600228786468506,0.0027600228786468506,0.7513034259900451,0.2009848568122834,0.0008309252652526187
95,0.014358676603120384,0.6078088884241879,0.4634945176076144,0.7792140068486333,0.5387079268693924,0.6078084439504892,0.9939351379871368,64.68497544527054,6.791906908154488,0.0013654828071594238,0.0013654828071594238,0.7508294591680169,0.17928467062301934,0.0008290876124443998
96,0.013431446203453974,0.6276536555960774,0.47514338069595397,0.7431836915202439,0.5700793508440256,0.6276531890034676,0.993608683347702,75.18281209468842,23.372275844216347,0.0016923248767852783,0.0016923248767852783,0.7241004053503275,0.15628772578202188,0.0008272495069561094
97,0.013893773867466458,0.6421514169778675,0.4937884802930057,0.691865926142782,0.6387067741015926,0.6421509574865922,0.993780791759491,51.57656526565552,24.24569198489189,0.0019670426845550537,0.0019670426845550537,0.734293376095593,0.15636926097795367,0.0008254109475580918
98,0.013823926836873094,0.6591876575257629,0.5139524057740346,0.7157104212092236,0.6497388961724937,0.6591871907003224,0.9939802885055542,76.05917832255363,22.393842577934265,0.0020248591899871826,0.0020248591899871826,0.7446521054953337,0.1633585779927671,0.0008235719330142989
99,0.012961361183305129,0.6092283293983201,0.46941143321600975,0.7314705634489655,0.5808226454610121,0.6092278817959595,0.9939343631267548,81.07176524400711,20.133941188454628,0.0019324123859405518,0.0019324123859405518,0.6969907153397799,0.1395460672210902,0.0008217324620822401
100,0.013827373675832694,0.6404288811609149,0.49676326010376215,0.6539425863884389,0.6621673861518502,0.640428414568305,0.9934442341327667,86.71526831388474,26.393323093652725,0.0030995607376098633,0.0030995607376098633,0.698376455809921,0.19071384542621672,0.0008198925335129345
101,0.013689326877338868,0.6572716757655144,0.5080362963490188,0.6977959219366312,0.6641611903905869,0.657271203584969,0.9937606453895569,83.31334984302521,19.776143968105316,0.0023339390754699707,0.0023339390754699707,0.7349301604554057,0.18309036106802523,0.0008180521460508585
102,0.013066489193024057,0.6285279033472762,0.48200366982928244,0.7770095005689654,0.5581257602971164,0.6285274694891996,0.9939214587211609,67.4143206179142,9.6566561460495,0.0011094510555267334,0.0011094510555267334,0.7571778846904635,0.19729308946989477,0.0008162112984338965
103,0.012311597446431264,0.6505996128544211,0.49900439102202654,0.7510778261348605,0.6010015141218901,0.650599162094295,0.9940238893032074,67.73526981472969,5.684544786810875,0.001773744821548462,0.001773744821548462,0.7396762566640973,0.1564285270869732,0.0008143699893932899
104,0.01187254825367056,0.6429960445966572,0.4979753869702108,0.7998734546126798,0.5599068837473169,0.6429955888306722,0.9939720332622528,62.836715668439865,6.762709379196167,0.0010330379009246826,0.0010330379009246826,0.7798296897672117,0.25597273046150804,0.0008125282176535839
105,0.013258257238758784,0.6472259368820539,0.5021642912252298,0.8361850120127201,0.5812665727062574,0.647225521519492,0.9940368235111237,100.69485664367676,43.24977192282677,0.0011394321918487549,0.0011394321918487549,0.7503932877443731,0.19676123093813658,0.0008106859819325769
106,0.01326030292054356,0.4862582413545985,0.34631465981446097,0.836855534535713,0.37237267336607477,0.4862578958273101,0.9923146069049835,85.24874711036682,17.512849286198616,0.0003895759582519531,0.0003895759582519531,0.6793356471753214,0.10099737788550556,0.0008088432809412661
107,0.013084211287963571,0.6168029491673224,0.4769969831686467,0.7823800954502076,0.5519926096312702,0.616802500502672,0.993803083896637,64.82183611392975,7.017353683710098,0.0013377368450164795,0.0013377368450164795,0.7778712818399072,0.23260132130235434,0.0008070001133837954
108,0.014715555991808122,0.6600332571251784,0.5149172673554858,0.7221003081649542,0.6411340689810459,0.660032790270634,0.9939588606357574,72.99494218826294,10.260043114423752,0.0017979443073272705,0.0017979443073272705,0.7530011530034244,0.18366782530210912,0.0008051564779574008
109,0.01284305837753257,0.6746123414486647,0.5278092785738409,0.6553882085718215,0.7359727015718818,0.6746118641458452,0.9939423501491547,84.92544043064117,26.80353358387947,0.0030863583087921143,0.0030863583087921143,0.746991571970284,0.18156644445843995,0.0008033123733523561
110,0.01227172641930255,0.6609645331045613,0.519325241621118,0.7748321848921478,0.6013919067336246,0.6609640796668828,0.9940552115440369,63.94516944885254,18.499992176890373,0.0012362301349639893,0.0012362301349639893,0.7813646080903709,0.2709764828905463,0.0008014677982519177
111,0.012791920061731204,0.6472924601985142,0.4996361405355856,0.6504113872069865,0.6961045605130494,0.647291993489489,0.9936297535896301,96.21817517280579,34.70451816916466,0.002731114625930786,0.002731114625930786,0.7329746745526791,0.168438789434731,0.0007996227513322692
112,0.01248583486868125,0.683979953173548,0.5402509917039424,0.7443814920261502,0.6655612476170063,0.6839794935658574,0.9943704903125763,60.54291978478432,5.435241565108299,0.0017898380756378174,0.0017898380756378174,0.7813930185511708,0.2419595718383789,0.0007977772312624649
113,0.011787493501535871,0.6722235267516226,0.5282625004183501,0.7532050553709269,0.6379188047721982,0.6722230582963675,0.9941901862621307,32.770057022571564,7.589136630296707,0.001526474952697754,0.001526474952697754,0.7670385101810098,0.21352014341391623,0.000795931236704373
114,0.012266609059279841,0.6123407201630471,0.4773552868173283,0.7792120650410652,0.5601100570966082,0.6123403169840458,0.99411341547966,64.89121276140213,7.713473066687584,0.0011636912822723389,0.0011636912822723389,0.7585527868941426,0.210377327632159,0.0007940847663126185
115,0.01170387801319135,0.6765065281651914,0.5290826060809195,0.7695107921026647,0.6304500000551343,0.6765060727484524,0.9943922460079193,70.35288059711456,20.77983793616295,0.0017140507698059082,0.0017140507698059082,0.7685394808650017,0.20357830775901675,0.0007922378187345249
116,0.011504898373404461,0.7149663465097547,0.5717673609033227,0.7211709674447775,0.7431466747075319,0.7149658808484674,0.9942609965801239,74.18494096398354,17.44416543841362,0.0027865171432495117,0.0027865171432495117,0.7810409208759665,0.2548799701035023,0.0007903903926100556
117,0.011559279282774889,0.6955615291371942,0.5507741682231426,0.7090178150683641,0.7140306457877159,0.6955610765144229,0.9943941831588745,70.54880586266518,23.12632818520069,0.002399146556854248,0.002399146556854248,0.7725880686193705,0.21724305814132094,0.0007885424865717544
118,0.01123009034376027,0.6775295780098531,0.53755922462733,0.7194140293868259,0.6802695195947308,0.6775291195663158,0.9944290816783905,80.54804602265358,18.636019602417946,0.0020706653594970703,0.0020706653594970703,0.7727605956606567,0.23831596039235592,0.0007866940992446861
119,0.012136238288473,0.5914800960454158,0.4536224453477189,0.8040306407492608,0.5130639781127684,0.5914796791039407,0.9940831065177917,76.78907883167267,17.978067964315414,0.0012213289737701416,0.0012213289737701416,0.7683396376669407,0.18469563173130155,0.0007848452292463757
120,0.011355111851695587,0.6307969577683559,0.48160785064831874,0.806137390434742,0.5712150614781728,0.6307965256419876,0.9941719472408295,105.55440336465836,53.283626943826675,0.0013613402843475342,0.0013613402843475342,0.73088891338557,0.1407462132629007,0.0007829958751867468
121,0.012109421285320863,0.6105030901962891,0.4630752507800935,0.7204263377934694,0.5778725006821332,0.6105026757577434,0.9936188757419586,77.41631263494492,21.50122658908367,0.0015427470207214355,0.0015427470207214355,0.7104369467124343,0.16201875428669155,0.0007811460356680608
122,0.01168220805596899,0.6774559286423028,0.5330828123260289,0.682702959747985,0.7116546200122684,0.6774554543662816,0.99421626329422,87.06236910820007,22.035926789045334,0.002375185489654541,0.002375185489654541,0.7734364941716194,0.21074884035624564,0.000779295709284853
123,0.011134839278053154,0.6653616633338978,0.5246676262540867,0.7741575966751166,0.6151962764634242,0.6653612460945135,0.9943264424800873,65.50851348042488,8.307781994342804,0.0012190937995910645,0.0012190937995910645,0.7858977108262479,0.25134801119565964,0.0007774448946238706
124,0.010843369503025755,0.6577948201510476,0.5169241530883478,0.7676218077984921,0.6096883378996005,0.6577943991869792,0.9943874776363373,83.7330655157566,21.17053148150444,0.0014473497867584229,0.0014473497867584229,0.7616723910905421,0.21473915968090296,0.0007755935902640081
125,0.011814379493113269,0.6109642732189968,0.4702004592982121,0.8075284033548087,0.5321036652312614,0.610963843530044,0.9938024580478668,50.98038384318352,8.497642517089844,0.0009225010871887207,0.0009225010871887207,0.7793349232524633,0.2540900092571974,0.000773741794776243
126,0.011527478356253017,0.690062128007412,0.5398474959656596,0.7499873926863074,0.6695536877959967,0.6900616753846407,0.9943543374538422,62.451748073101044,5.428362488746643,0.0018018484115600586,0.0018018484115600586,0.7732499539852142,0.19806888536550105,0.0007718895067235705
127,0.010835583808577874,0.6484321659008856,0.5031807379855309,0.7933739238651469,0.5677938547414669,0.6484317085705698,0.9942168295383453,49.61660757660866,6.599609076976776,0.000956416130065918,0.000956416130065918,0.7831193851307034,0.2370531023479998,0.0007700367246609375
128,0.011506016016937792,0.6614811322651803,0.513143164338544,0.771185684017837,0.6050349716097116,0.6614806689321995,0.993936151266098,47.720129519701004,5.583042815327644,0.0013315975666046143,0.0013315975666046143,0.7589938845485449,0.21126877097412944,0.0007681834471351756
129,0.012583165750556596,0.6617793459445238,0.5093009443953633,0.7258042860776186,0.6612950470298529,0.6617788970470428,0.9938536286354065,46.71222886443138,8.447031378746033,0.0017934739589691162,0.0017934739589691162,0.7551744049414992,0.1893271415028721,0.0007663296726849344
130,0.019038398023412534,0.594099308596924,0.4414868264575489,0.7145663858391345,0.549353010894265,0.594098873436451,0.9933200478553772,79.4543289244175,10.218100994825363,0.0014334022998809814,0.0014334022998809814,0.7088405890390277,0.10517514636740088,0.0007644753998406124
131,0.013711001995640496,0.666945319622755,0.5124450530856848,0.6906921602785587,0.6932267639786005,0.666944857686758,0.9938567280769348,75.56941378116608,19.05194428563118,0.002355039119720459,0.002355039119720459,0.7535739783197641,0.1655919759068638,0.0007626206271242884
132,0.01207018354343194,0.6523387194611132,0.5036205953219905,0.7130198995582759,0.6457642799941823,0.6523382528685033,0.9940527677536011,64.85331171751022,18.744126304984093,0.0020017027854919434,0.0020017027854919434,0.7495823800563812,0.177479314384982,0.0007607653530496521
133,0.012329349865798245,0.6402371700387448,0.4921888535609469,0.7876022695563734,0.5698001289274544,0.6402367202099413,0.9939694404602051,49.60756066441536,6.849587485194206,0.001214742660522461,0.001214742660522461,0.7737690657377243,0.21849815966561437,0.0007589095761219332
134,0.01168413492357076,0.6792414374649525,0.5340310798492283,0.767126040533185,0.6407377677969635,0.6792409890331328,0.9943933486938477,62.958994179964066,5.483629330992699,0.0016849637031555176,0.0016849637031555176,0.784341599792242,0.23888848652131855,0.0007570532948378305
135,0.011378816233693877,0.710080542601645,0.5687548001296818,0.7098099747672677,0.7489157821983099,0.7100800657644868,0.9943605363368988,61.678268015384674,5.238618820905685,0.0026211142539978027,0.0026211142539978027,0.78979248739779,0.2656412683427334,0.0007551965076854392
136,0.011240345535263645,0.6790904821828008,0.5330773089081049,0.7570768659934402,0.6552248750813305,0.6790900221094489,0.9943177402019501,63.859904795885086,6.580301567912102,0.0016416311264038086,0.0016416311264038086,0.7701994134113193,0.22769788140431046,0.0007533392131441786
137,0.011001530685462058,0.6571373418041475,0.5127469040521391,0.7642627694684717,0.6100953724308362,0.6571369282901514,0.9943932890892029,49.503113925457,6.98972187936306,0.00137367844581604,0.00137367844581604,0.7801994122564793,0.22928144317120314,0.0007514814096847186
138,0.010901140116126926,0.6455933302713981,0.5008053779675117,0.8094438817352057,0.5974490325970998,0.6455928981450298,0.9942156970500946,95.28843933343887,53.53875873982906,0.0014703869819641113,0.0014703869819641113,0.7344621321681188,0.2008766341023147,0.000749623095768904
139,0.011099582012375873,0.6515149828119626,0.5115459580047479,0.8840466178953648,0.5587329696936956,0.651514571174691,0.9942518770694733,97.31607463955879,41.62291622161865,0.000857621431350708,0.000857621431350708,0.7806950787780806,0.30624790652655065,0.0007477642698496805
140,0.01112815475966217,0.6805322014406556,0.5404736499222054,0.759022896643728,0.6479083299327613,0.6805317531288892,0.99458909034729,76.00139626860619,6.81114636361599,0.0013595223426818848,0.0013595223426818848,0.7805673792026937,0.2526444864924997,0.0007459049303710179
141,0.010946290549878595,0.6254158625475403,0.4827662669218417,0.7649825420230627,0.5831349697060224,0.6254154304234855,0.994287759065628,84.27402240037918,52.979950204491615,0.0015510022640228271,0.0015510022640228271,0.7215440841391683,0.15194323076866567,0.0007440450757678328
142,0.010515083707022395,0.6994030045170803,0.563159176352201,0.7453360820072703,0.6947870764415711,0.6994025559106376,0.9947052299976349,54.87888237833977,5.7578166127204895,0.0016960501670837402,0.0016960501670837402,0.7872761334292591,0.27756026200950146,0.000742184704465911
143,0.010322664839667126,0.7068256958154961,0.5741468257619999,0.7461409576935694,0.702918465831317,0.7068252270109951,0.9946890771389008,51.76436844468117,16.652576252818108,0.0020377933979034424,0.0020377933979034424,0.791772142983973,0.30382787925191224,0.0007403238148818282
144,0.010430318430404772,0.7031550146712335,0.5688617546184334,0.757552630693223,0.686229761697208,0.7031545955702373,0.994798332452774,64.63851776719093,7.309999376535416,0.0014643967151641846,0.0014643967151641846,0.7918762038461864,0.29834574460983276,0.000738462405422871
145,0.010004883596786496,0.6625777976587415,0.5179897759808227,0.7436368870548904,0.6400359282270074,0.6625773368868977,0.9944870471954346,62.738914489746094,5.422809407114983,0.0020544230937957764,0.0020544230937957764,0.7683333158493042,0.18766482593491673,0.0007366004744869555
146,0.010646773107124098,0.6099800039250889,0.48145866768253226,0.7810789540972282,0.5682864450087534,0.609979603454426,0.9941637217998505,90.92436644434929,64.12128403782845,0.001127392053604126,0.001127392053604126,0.726291922852397,0.24994082050397992,0.0007347380204625457
147,0.010445701212368229,0.6868978813348671,0.5495239403156896,0.7476122826620876,0.6592161208464256,0.6868974473327465,0.9946836829185486,63.992969155311584,20.046127945184708,0.0016247034072875977,0.0016247034072875977,0.7784238399472088,0.26851418032310903,0.0007328750417285716
148,0.010112028840618828,0.6709389500393024,0.5298662390632978,0.8398063331842422,0.6159195639266124,0.6709385179129341,0.9944867193698883,96.14425134658813,40.698503866791725,0.0011029541492462158,0.0011029541492462158,0.7810710594058037,0.24096365016885102,0.0007310115366543449
149,0.01081864595427319,0.6159471278078854,0.46312233339995146,0.8033584905788302,0.5228917729109526,0.6159466877579689,0.9937736988067627,49.196324825286865,6.976827964186668,0.0009279251098632812,0.0009279251098632812,0.7362298453226686,0.16741907643154263,0.0007291475035994755
150,0.012699396070798464,0.6740186624301603,0.5330571476442745,0.7750164655685133,0.6218673344774595,0.6740182228389324,0.994567334651947,68.70684915781021,7.1412928849458694,0.0010132193565368652,0.0010132193565368652,0.790806065313518,0.24842595728114247,0.0007272829409137847
151,0.0116585404329905,0.6672775391554027,0.535917779437223,0.7738157529953633,0.625938735909616,0.6672771070152654,0.994176059961319,53.35854318737984,7.2340411096811295,0.0013177692890167236,0.0013177692890167236,0.7838416342856362,0.3288358277641237,0.0007254178469372199
152,0.010040504081795612,0.6794008011929691,0.5391508450265974,0.8181607220321894,0.6256018137792125,0.6794003515969962,0.9947043359279633,49.15687906742096,6.560329362750053,0.0012508630752563477,0.0012508630752563477,0.801147174090147,0.24642275949008763,0.0007235522199997669
153,0.010124801612233348,0.7153796176426113,0.5773999090306461,0.7249459279701114,0.742497421335429,0.7153791463933885,0.994807243347168,45.59973385930061,17.702142238616943,0.0023023784160614014,0.0023023784160614014,0.8015863206237555,0.2869194105733186,0.0007216860584213608
154,0.009552073389799758,0.6610758062452078,0.5193505163770169,0.8240081984549761,0.5911385442595929,0.6610753806307912,0.9944498836994171,55.175558656454086,18.659772843122482,0.0009900927543640137,0.0009900927543640137,0.7819405030459166,0.254610117059201,0.0007198193605117973
155,0.010432943193749948,0.7025476396156898,0.5719707291646352,0.8462642058730125,0.6627711486144414,0.7025472093519667,0.9948128461837769,67.67202377319336,40.71183919906616,0.0011098682880401611,0.0011098682880401611,0.8081538081169128,0.32529074093326926,0.0007179521245706413
156,0.010109756579340407,0.696965094663034,0.562193878002296,0.7739791481886977,0.6616635713799348,0.6969646401708228,0.9948410391807556,46.384807884693146,6.5302414894104,0.001222759485244751,0.001222759485244751,0.800317564047873,0.30866416171193123,0.0007160843488871357
157,0.009630608576999017,0.7241503372858773,0.5977302957396518,0.7757935861151161,0.7001989651544442,0.724149901419922,0.9951144456863403,32.732859551906586,5.555487632751465,0.0014348030090332031,0.0014348030090332031,0.8147244658321142,0.37049443274736404,0.0007142160317401089
158,0.009514089726673608,0.7202895958907902,0.5914015155285597,0.7672476954758167,0.704164129216224,0.7202891469933093,0.994950920343399,40.5450579226017,14.021683908998966,0.0016629397869110107,0.0016629397869110107,0.8064645691774786,0.33562323078513145,0.0007123471713978799
159,0.00898558033319811,0.7195235742256045,0.5841042064130306,0.7927418444305658,0.6803223798051476,0.7195230890065432,0.9949250221252441,57.25711610913277,13.445381484925747,0.0014670193195343018,0.0014670193195343018,0.8099960302934051,0.31245211930945516,0.0007104777661181647
160,0.009278318626015927,0.7240002341621199,0.5970481261663714,0.7708177492211966,0.7115643732322803,0.7239997945725962,0.9951094686985016,50.32553789019585,21.713423669338226,0.0014196038246154785,0.0014196038246154785,0.8154395380988717,0.34464752953499556,0.0007086078141479791
161,0.009001657363224887,0.7435050588101149,0.6126639447174966,0.7636071555316448,0.7525909645482898,0.7435045894235373,0.9953436851501465,74.75658348202705,4.695699065923691,0.0018180310726165771,0.0018180310726165771,0.8214051872491837,0.33092110184952617,0.0007067373137235415
162,0.009434815591455183,0.7341551028657705,0.6043690638616681,0.7643928648903966,0.7393900079187006,0.7341546535026282,0.9952644407749176,40.980267971754074,5.5254935175180435,0.0016817152500152588,0.0016817152500152588,0.828242564573884,0.3367622587829828,0.0007048662630701754
163,0.008838293897552472,0.7266320106573403,0.5954681145958602,0.8639951087534428,0.6770472563803196,0.7266315687447786,0.9953239262104034,62.125674188137054,17.43251122534275,0.0010603368282318115,0.0010603368282318115,0.8279862739145756,0.33980180975049734,0.0007029946604022085
164,0.009074121177422277,0.7154447245411575,0.5866058694082312,0.7653471364174038,0.7038845903007314,0.7154442546889186,0.9948454797267914,63.70602533221245,8.241808034479618,0.0015512704849243164,0.0015512704849243164,0.8092235941439867,0.34515706170350313,0.0007011225039228726
165,0.008917628709847728,0.7347959105391055,0.6050945549504831,0.7862722827121615,0.7094500218518078,0.7347954229917377,0.9953176975250244,44.440797716379166,4.980999305844307,0.0015759766101837158,0.0015759766101837158,0.8207279527559876,0.3289391929283738,0.0006992497918242011
166,0.0088712609387144,0.6928999891970307,0.5595636611105874,0.8067603558301926,0.6381898690015078,0.6928995526395738,0.9947632253170013,97.75766521692276,30.54120423644781,0.0010767579078674316,0.0010767579078674316,0.7891834015026689,0.29150076140649617,0.0006973765222869263
167,0.008952200913688901,0.7008832804931707,0.5735263824535913,0.8052913150021528,0.6533728893919339,0.7008828520799194,0.9949701726436615,34.437533378601074,7.94938675314188,0.0009906291961669922,0.0009906291961669922,0.8168459824519232,0.3676047318149358,0.0006955026934803739
168,0.008633314243828258,0.6961233485490084,0.5549030052497983,0.7876057093963027,0.6497518597170711,0.6961228777654469,0.9949704110622406,48.23415443301201,5.4220007956027985,0.001373380422592163,0.001373380422592163,0.7918232828378677,0.27764099673368037,0.000693628303562358
169,0.009013107536840394,0.7465863283723593,0.6073740245774388,0.7667869329452515,0.7486658561974764,0.746585875749588,0.9953368306159973,30.01861724257469,4.8851058781147,0.0018593966960906982,0.0018593966960906982,0.8197764437645674,0.29690039646811783,0.0006917533506790733
170,0.008556643359814629,0.7321283794008195,0.6042787763290107,0.7746115121990442,0.7166029426152818,0.732127912226133,0.9953891932964325,83.12786394357681,5.137527212500572,0.0014244019985198975,0.0014244019985198975,0.8225552565418184,0.329009193694219,0.000689877832964987
171,0.008070575394385465,0.710923274687957,0.5776335924019804,0.7798998132348061,0.6957977149722865,0.7109228305052966,0.9951923787593842,64.05612388253212,6.344800189137459,0.0015470385551452637,0.0015470385551452637,0.7911287769675255,0.2756530367769301,0.0006880017485427283
172,0.008804257144220173,0.7229561484418809,0.5899616309907287,0.8195648789405823,0.6689347275532782,0.7229556795209646,0.9951083362102509,40.97761356830597,5.234954506158829,0.0010896921157836914,0.0010896921157836914,0.8227756805717945,0.33009954541921616,0.0006861250955229781
173,0.008098198859387952,0.7183247883804142,0.5828908912371844,0.8015893995761871,0.6906720590777695,0.7183243255130947,0.9953850507736206,56.47683385014534,17.84702241420746,0.001521289348602295,0.001521289348602295,0.806590911000967,0.2990090979728848,0.0006842478720043559
174,0.008738691948537686,0.7164899918716401,0.5840140345972031,0.7179931050632149,0.7479566384572536,0.7164895494934171,0.9950978457927704,51.500431537628174,18.495938301086426,0.001999884843826294,0.001999884843826294,0.8088903240859509,0.31323644635267556,0.0006823700760733055
175,0.008757348648611118,0.7210105247868648,0.5987721011115661,0.8622072860598564,0.6812955513669601,0.7210101001110771,0.9951502680778503,70.33676809072495,40.60147003829479,0.0011054277420043945,0.0011054277420043945,0.8112382574472576,0.37918417528271675,0.00068049170580398
176,0.008321825182065368,0.7054159194299942,0.5743648801067834,0.8337526136357858,0.6336828637941232,0.7054155096411987,0.9951601922512054,40.14633294939995,10.083715796470642,0.0008326470851898193,0.0008326470851898193,0.8090923402924091,0.3472868003882468,0.000678612759258125
177,0.008173564604173103,0.709703404463681,0.5774581357909763,0.7871499195411928,0.662899354480063,0.7097029686010651,0.9952503442764282,76.62959906458855,18.288527473807335,0.001151740550994873,0.001151740550994873,0.7953920822906184,0.3201775886118412,0.0006767332344849599
178,0.008207063963213428,0.7450748551636934,0.6203795860055834,0.8103537303395569,0.7111115041188896,0.7450744055677205,0.9954662621021271,63.21683916449547,8.052087344229221,0.0011708438396453857,0.0011708438396453857,0.8336744839325547,0.37251006183214486,0.0006748531295210577
179,0.008781212630724027,0.7124703269219026,0.5876616571913473,0.7756187776103616,0.6792059027939104,0.7124698734842241,0.9951041638851166,34.879199117422104,13.765419788658619,0.001470118761062622,0.001470118761062622,0.7980402242392302,0.35917884507216513,0.0006729724423902248
180,0.008199863929555497,0.7179552931338549,0.5861757178790867,0.7565728169865906,0.710536751197651,0.7179548228159547,0.995119035243988,62.795879274606705,5.469774805009365,0.0016106069087982178,0.0016106069087982178,0.7880453569814563,0.324564250651747,0.0006710911711033769
181,0.008259489257453066,0.7178213074868012,0.5881930533861208,0.7333267517949917,0.7322349026872268,0.717820879071964,0.9951255619525909,60.46581834554672,26.452521845698357,0.0018707811832427979,0.0018707811832427979,0.7946518274620757,0.3259433500934392,0.0006692093136584148
182,0.008154727243395015,0.7241449863649905,0.5922755906358361,0.8229590617120266,0.7022405246971175,0.7241445351392031,0.995320737361908,33.89534142613411,5.915179967880249,0.0013103485107421875,0.0013103485107421875,0.8103160429745913,0.3154960691463202,0.0006673268680400988
183,0.009595997592744729,0.6781905666065489,0.5479995822605763,0.7905234996643193,0.638071906760191,0.6781901381910809,0.9947790205478668,97.78163895010948,20.332758009433746,0.0010873973369598389,0.0010873973369598389,0.8021810129284859,0.3328096508048475,0.0006654438322199202
184,0.008381824797569689,0.7531022705079522,0.6340638086694526,0.7874457909492776,0.7359377999673598,0.7531018292938825,0.995649665594101,50.88193067908287,5.074209235608578,0.0016012489795684814,0.0016012489795684814,0.8263851541560143,0.3814257066696882,0.0006635602041559724
185,0.009304022416472435,0.7647548988461494,0.6280884463340044,0.825958700850606,0.7378068696707487,0.7647544220089912,0.9953408241271973,45.17185997962952,4.741796106100082,0.0012956559658050537,0.0012956559658050537,0.844798743724823,0.33797220699489117,0.00066167598179282
186,0.008873729093465954,0.7378226593196653,0.6153738405615352,0.7875018045637595,0.7139721438361755,0.7378222197294313,0.9952580332756042,26.44425243139267,5.479339092969894,0.0014408230781555176,0.0014408230781555176,0.8207086813636124,0.3863514754921198,0.0006597911630613657
187,0.008144840550481935,0.6942231192952022,0.5649124588235281,0.8569121547043324,0.612188030325342,0.6942226779647171,0.99483323097229,46.928358405828476,6.239313751459122,0.0007236301898956299,0.0007236301898956299,0.7989713875576854,0.37219793163239956,0.0006579057458787157
188,0.007629793592390011,0.7390872240119208,0.6183954142086734,0.7840132452736372,0.7176564484907737,0.739086795598273,0.9952583611011505,43.15313410758972,13.17162773013115,0.0014702677726745605,0.0014702677726745605,0.8154529483872466,0.38958380557596684,0.0006560197281480442
189,0.007742945748649425,0.7245178576558828,0.5903943935409188,0.8493432626128197,0.662949392106384,0.7245174003764987,0.9952824115753174,50.969629764556885,5.024211019277573,0.0010233819484710693,0.0010233819484710693,0.8307068599388003,0.3655373305082321,0.0006541331077584547
190,0.008280673789241437,0.7414350174367428,0.6110422071069479,0.8513514176011086,0.6874061268754303,0.7414345666766167,0.9955014288425446,56.36947363615036,24.562923938035965,0.0010749101638793945,0.0010749101638793945,0.8234684616327286,0.3543000053614378,0.0006522458825848401
191,0.007666526122413801,0.7314720377397391,0.6082405541163537,0.8160828727597577,0.6851357091291299,0.7314716055989985,0.9952699244022369,36.45856919884682,6.596202954649925,0.0009191930294036865,0.0009191930294036865,0.8186854083555772,0.37311049550771713,0.000650358050487742
192,0.008396479816204219,0.7285763621330261,0.5880525894463062,0.8454462736845016,0.6777678057551384,0.7285759113729,0.9950900971889496,42.63744357228279,5.623644322156906,0.0009630322456359863,0.0009630322456359863,0.8304728679358959,0.345606729388237,0.0006484696093132058
193,0.007907932917023021,0.7425683178007603,0.6116240010596812,0.8439392894506454,0.6949044815264642,0.7425678493455052,0.9954864084720612,41.20442274212837,13.040691144764423,0.0010092556476593018,0.0010092556476593018,0.8322754893451929,0.3421091763302684,0.0006465805568926364
194,0.007650264270716544,0.7427338021807373,0.6177813920658082,0.7634186819195747,0.7490795310586691,0.7427333509549499,0.9953760206699371,61.79843071103096,25.68967119604349,0.001744002103805542,0.001744002103805542,0.8229984496720135,0.368515195325017,0.0006446908910426501
195,0.008905766295466685,0.7187313288523307,0.5884314384384504,0.8597662933170795,0.6808968670739284,0.7187309004512528,0.995365172624588,79.21176263689995,40.49476072192192,0.0012104511260986328,0.0012104511260986328,0.8209016947075725,0.3513217233121395,0.0006428006095649255
196,0.007729929750150239,0.7696121633052826,0.6303374655544758,0.7957984358072281,0.7678499817848206,0.769611693918705,0.99553182721138,56.19672068953514,24.87043634057045,0.0017314255237579346,0.0017314255237579346,0.8484040014445782,0.3056588307954371,0.0006409097102460521
197,0.007803826977385942,0.7365916399285197,0.6074877246282995,0.8455691784620285,0.6949065560474992,0.7365912012755871,0.9953490197658539,56.84934091567993,25.60816401988268,0.0010524094104766846,0.0010524094104766846,0.8226385079324245,0.3532647145912051,0.0006390181908573774
198,0.007440955355184887,0.7293638827395625,0.6024377061839914,0.7781822711694986,0.7161159127572319,0.729363451624522,0.9953255355358124,34.72852310538292,6.70390497893095,0.0014404654502868652,0.0014404654502868652,0.8201877500396222,0.35769433341920376,0.0006371260491548504
199,0.0073178280850477295,0.7518481332808733,0.6234807930886745,0.8340573981404305,0.709598948713392,0.7518476769328117,0.9955975413322449,47.84560942649841,16.044048592448235,0.0010551512241363525,0.0010551512241363525,0.8319362606853247,0.3625184299889952,0.0006352332828788649
200,0.007520324896287286,0.6933730495511554,0.5630176317936275,0.8238267581909895,0.6320528145588469,0.6933726258575916,0.9949242770671844,33.28412887454033,13.992309845983982,0.0008561611175537109,0.0008561611175537109,0.7903594137169421,0.3122962408233434,0.0006333398897540993
201,0.007488113524618022,0.73222803133649,0.608439233756144,0.8838534988462925,0.6833058843822073,0.7322275954575161,0.9953479468822479,42.96608680486679,6.8001184687018394,0.0008815228939056396,0.0008815228939056396,0.8311386033892632,0.38672814378514886,0.0006314458674893553
202,0.0072874776687416615,0.7352957249240717,0.610219952690386,0.8148609763011336,0.7014816266346315,0.7352953036679537,0.9954741597175598,53.968402206897736,7.299254804849625,0.0010881125926971436,0.0010881125926971436,0.8234671046957374,0.3627571384422481,0.0006295512137773931
203,0.007068103565622799,0.7415951304210695,0.621071260429767,0.8029457735424299,0.7077393569125285,0.7415946982815572,0.995598167181015,47.85225427150726,18.77041544765234,0.0012011528015136719,0.0012011528015136719,0.8211172955707298,0.368368708062917,0.0006276559262947659
204,0.007957115097352389,0.7233021811116487,0.5942431926960126,0.8335609398782253,0.6844942679163069,0.7233017429243773,0.9952804744243622,40.68244770169258,6.2063073217868805,0.001094222068786621,0.001094222068786621,0.8270768597722054,0.3565790308639407,0.00062576000270165
205,0.0073829747094405875,0.7532148789614439,0.6179447723552585,0.8147365227341652,0.7294700294733047,0.7532144133001566,0.9954472780227661,52.25465330481529,14.17100190371275,0.001263648271560669,0.001263648271560669,0.832626337185502,0.33981867507100105,0.0006238634406416756
206,0.0074930944405919445,0.6865453906430014,0.5567327505050309,0.7967055232056618,0.6190576693116179,0.6865449436012494,0.995156854391098,46.18260508775711,15.484154805541039,0.0010308325290679932,0.0010308325290679932,0.7796742571517825,0.31666499841958284,0.0006219662377417515
207,0.006906133637213233,0.7071934901242967,0.5868352865865345,0.7942394745200632,0.6544779473988762,0.7071930561214825,0.9952230453491211,31.84755340218544,18.487214915454388,0.0011080801486968994,0.0011080801486968994,0.7901752589532407,0.3699844628572464,0.0006200683916118909
208,0.007142772790481986,0.707643404609628,0.5885703098095134,0.7530578207933224,0.6841870956195941,0.7076429650187658,0.9950852990150452,41.81867900490761,17.020678214728832,0.0015439093112945557,0.0015439093112945557,0.7880993317812681,0.3715679794549942,0.0006181698998450326
209,0.006701835499949415,0.7105613835204458,0.583527216692648,0.8102134503568377,0.6651453208251348,0.7105609551072154,0.9950744807720184,56.06685987114906,20.97212564200163,0.0010011792182922363,0.0010011792182922363,0.8071950199082494,0.36681981198489666,0.0006162707600168605
210,0.006708984012771963,0.7118591892067343,0.5828475160524249,0.8583923727273941,0.653329320717603,0.7118587493896484,0.9951970279216766,44.84052994847298,13.804625183343887,0.0009753704071044922,0.0009753704071044922,0.7887322194874287,0.3405027312692255,0.0006143709696856199
211,0.006801798153019538,0.736603694036603,0.6108054928481579,0.7769471220672131,0.7353124918881804,0.7366032358258963,0.9953657388687134,46.276233553886414,16.586342327296734,0.001514524221420288,0.001514524221420288,0.8136826958507299,0.36813344107940793,0.0006124705263919325
212,0.008226618638163376,0.7162291668416045,0.5886340215862773,0.7524289191123705,0.7319661714209666,0.7162287235260092,0.9950196444988251,59.50907889008522,10.583833143115044,0.0014294981956481934,0.0014294981956481934,0.8103125384950545,0.34899685252457857,0.000610569427658607
213,0.0073410494563480215,0.7459608055724176,0.6271358449085029,0.7901312666540403,0.7245037034227004,0.7459603622570344,0.9955433905124664,42.28361764550209,16.450874604284763,0.0013718903064727783,0.0013718903064727783,0.8223219218573377,0.3895599264651537,0.0006086676709904492
214,0.00680683715141971,0.7544807821977884,0.6342698434600607,0.8196754511445761,0.7348003346705809,0.7544803193304688,0.9956940412521362,18.682326763868332,5.567876048386097,0.0012463629245758057,0.0012463629245758057,0.8330079568549991,0.39668155228719115,0.0006067652538740668
215,0.006456243809115029,0.7508084177206911,0.632155943345424,0.7905128613638226,0.7354804152673751,0.7508079751823971,0.9955485463142395,43.889100551605225,7.832151599228382,0.0013994872570037842,0.0013994872570037842,0.8262556422268972,0.4175426671281457,0.0006048621737776744
216,0.008570055741901424,0.7163320453837514,0.5788492830470204,0.7243779432028532,0.7776964250952005,0.7163315964862704,0.9948041439056396,58.72438180446625,9.946495160460472,0.0023588240146636963,0.0023588240146636963,0.8041581753641367,0.32193140778690577,0.000602958428150892
217,0.009137860802707799,0.7257795818218536,0.6003462839940138,0.7947348022065392,0.6887598149551502,0.725779145956065,0.9952333569526672,33.75849714875221,10.853459291160107,0.0011808276176452637,0.0011808276176452637,0.7993274586915504,0.34343973360955715,0.0006010540144245451
218,0.0070873941806370785,0.7318127261241898,0.6077281956095248,0.8829303681850433,0.6751441671513021,0.7318122925935313,0.9953186511993408,19.95848923921585,6.554680489003658,0.000867992639541626,0.000867992639541626,0.8244993556290865,0.3846326107159257,0.0005991489300104574
219,0.010266699182631617,0.7464651381596923,0.6227846429683268,0.7818858590908349,0.7379339439794421,0.7464646664448082,0.9953370690345764,36.41174939274788,5.134099394083023,0.0014274418354034424,0.0014274418354034424,0.8299390040338039,0.3724617213010788,0.0005972431723012443
220,0.007265487324206553,0.7542308317497373,0.630397642031312,0.816197169944644,0.7293627788312733,0.7542303670197725,0.9955323934555054,41.77192750573158,13.075095571577549,0.0012341737747192383,0.0012341737747192383,0.8290128000080585,0.37979256454855204,0.0005953367386701004
221,0.0068882377853504186,0.7680098693817854,0.6420437460765243,0.7907907348126173,0.7660479042679071,0.7680094037204981,0.9956188201904297,27.643423825502396,12.610494464635849,0.0017373263835906982,0.0017373263835906982,0.8327669119462371,0.3779485784471035,0.0005934296264705859
222,0.006738338543624251,0.78503792360425,0.6571139339357615,0.8211948238313198,0.7733472362160683,0.7850374467670918,0.9958508908748627,69.75599902868271,12.07133463025093,0.0013830363750457764,0.0013830363750457764,0.8522698897868395,0.3931714177597314,0.0005915218330364093
223,0.006617249659911701,0.7639640178531408,0.635975694283843,0.8444310501217842,0.7321681044995785,0.7639635391533375,0.9957324862480164,57.297620087862015,13.225801602005959,0.0011324584484100342,0.0011324584484100342,0.845478605479002,0.38785082986578345,0.000589613355681206
224,0.006474750306965275,0.7203490026365766,0.5948816556554088,0.7796844804873253,0.6931172441764226,0.7203485593200214,0.9952508211135864,57.3076750934124,14.766699314117432,0.0012946128845214844,0.0012946128845214844,0.7871054894058034,0.3607853811699897,0.0005877041916983153
225,0.006314278784857103,0.7425062251277268,0.6195492362603545,0.8036948712542653,0.711116039659828,0.7425057534128428,0.9954672455787659,40.875773787498474,13.066214188933372,0.001363128423690796,0.001363128423690796,0.8037512907758355,0.3853097716346383,0.0005857943383605531
226,0.006567775465858479,0.7404302990762517,0.6191885359585285,0.750592990545556,0.7570363579361583,0.7404298456531251,0.9954220354557037,58.720091104507446,29.49022337049246,0.0017698705196380615,0.0017698705196380615,0.8079980416223407,0.38247416028752923,0.0005838837929199803
227,0.006450691625518216,0.7442844072938897,0.6234695014136378,0.8335113078355789,0.7137185751344077,0.7442839738796465,0.995559424161911,40.881280809640884,4.892168805003166,0.0011726617813110352,0.0011726617813110352,0.8200101307593286,0.3877282179892063,0.0005819725526076705
228,0.0064721478883064155,0.722805236466229,0.5956134293228388,0.8503567986190319,0.6686658873222768,0.7228047968819737,0.995066225528717,46.49895712733269,17.28699328005314,0.0008485615253448486,0.0008485615253448486,0.8151534777134657,0.36639420315623283,0.0005800606146334708
229,0.006552301234368122,0.7734986897557974,0.6473948815837502,0.8454733304679394,0.7386923246085644,0.7734982203692198,0.9957950413227081,41.47501656413078,4.194402955472469,0.0010793209075927734,0.0010793209075927734,0.8459687046706676,0.4036270068027079,0.000578147976185762
230,0.006249449108233393,0.7580995690077543,0.6304739890620112,0.8699671477079391,0.6974545186385512,0.7580991126596928,0.9955771565437317,40.76034250855446,12.414671681821346,0.0008459091186523438,0.0008459091186523438,0.8364048544317484,0.3923183581791818,0.0005762346344312134
231,0.006096482899562089,0.7508542983268853,0.6326031248318031,0.7669380470179021,0.7523735076247249,0.7508538474212401,0.9956413209438324,43.898636162281036,15.580648712813854,0.0016670525074005127,0.0016670525074005127,0.8092765307519585,0.37944772467017174,0.0005743205865145341
232,0.006304940044752915,0.733607248403132,0.6076964505482465,0.8417736943811178,0.6834415339399129,0.7336067892611027,0.9952947199344635,42.287537068128586,8.214336968958378,0.000960230827331543,0.000960230827331543,0.8092620652168989,0.369064710335806,0.0005724058295582214
233,0.006078184779846307,0.7315471284091473,0.6019948767498136,0.8382553905248642,0.686054517980665,0.7315466841682792,0.9954430758953094,40.5733879506588,11.864059187471867,0.0009928643703460693,0.0009928643703460693,0.8333695475012064,0.3750977257732302,0.0005704903606623043
234,0.006115951194343242,0.7341591408476233,0.6008946988731623,0.8560780920088291,0.6736419443041086,0.7341586863622069,0.9953663945198059,26.950036227703094,13.71191482245922,0.000993102788925171,0.000993102788925171,0.8012127820402384,0.3430373528972268,0.0005685741769040841
235,0.006124409820503471,0.7067111945943907,0.582684320572298,0.868335546925664,0.639224506507162,0.7067107638576999,0.9951793551445007,42.41867217421532,12.900057844817638,0.0006484389305114746,0.0006484389305114746,0.806883042678237,0.3588021323084831,0.0005666572753378695
236,0.006302733088942301,0.7056554071605206,0.5800134025048465,0.8378059100359678,0.6481361489277333,0.7056549834087491,0.9950560629367828,57.706300258636475,20.207478143274784,0.0008442103862762451,0.0008442103862762451,0.7991654258221388,0.35543241957202554,0.0005647396529947098
237,0.006857851850024114,0.7696283478289843,0.6428375756368041,0.7913210447877645,0.7731893733143806,0.7696278598159552,0.9956948459148407,43.14095053076744,14.352479338645935,0.0016199946403503418,0.0016199946403503418,0.8362455572932959,0.3811714225448668,0.000562821306882122
238,0.006126660357977292,0.7381394468297803,0.6196436025252187,0.7872132323839818,0.714966174222385,0.7381390072405375,0.9953248202800751,58.25575140118599,29.332205690443516,0.0013740360736846924,0.0013740360736846924,0.8048532036700635,0.3811032958328724,0.0005609022339838143
239,0.006115929327665292,0.7313359463587403,0.6010726196691394,0.8509046621620655,0.6653202725574374,0.7313354974612594,0.9952794313430786,26.241147071123123,13.064950034022331,0.0009219348430633545,0.0009219348430633545,0.81548270303756,0.36286891950294375,0.0005589824312594061
240,0.0061233509825824785,0.7503782921703532,0.6320944371400401,0.809183478821069,0.7219892326975241,0.7503778402460739,0.9955877363681793,44.56896233558655,14.106740929186344,0.0011123716831207275,0.0011123716831207275,0.8192883632145822,0.39355259854346514,0.0005570618956441422
241,0.006292669804569221,0.6973422113876679,0.5736855790089705,0.8202360535333025,0.640050325549995,0.6973417922854925,0.9948779940605164,40.701283633708954,12.138753682374954,0.0008949637413024902,0.0008949637413024902,0.7862487230449915,0.3718000794760883,0.0005551406240486037
242,0.005957830476814486,0.74108939990773,0.6208587177134971,0.741154564552126,0.765849325813209,0.7410889603197592,0.995129406452179,58.00515705347061,29.610163383185863,0.0022331178188323975,0.0022331178188323975,0.8096977916866308,0.3802106799557805,0.0005532186133584137
243,0.00607896683504805,0.7393420570879243,0.6178147735481616,0.8314411593601108,0.6926197898574173,0.7393416436971165,0.995463639497757,42.521498799324036,8.201025277376175,0.0008698701858520508,0.0008698701858520508,0.8274387568235397,0.4066081293858588,0.0005512958604339385
244,0.005811070376005249,0.7549459170550108,0.6356581711443141,0.7914174166508019,0.7415509296115488,0.754945449763909,0.9955233037471771,46.35237789154053,15.464273609220982,0.0015035271644592285,0.0015035271644592285,0.8233433938585222,0.4021795867010951,0.0005493723621099843
245,0.006088734586779593,0.7251575812754347,0.5991593115088656,0.8138464205224967,0.6711691971941343,0.7251571677625239,0.9953005015850067,76.14783596992493,24.54944797605276,0.001042097806930542,0.001042097806930542,0.7914328635379206,0.32675682683475316,0.0005474481151954883
246,0.006872288769844807,0.7620160314254463,0.6424675618764013,0.7972892448306084,0.7760268808342516,0.7620155876502395,0.9957249462604523,42.04419729113579,13.468320414423943,0.0015896856784820557,0.0015896856784820557,0.8361269691959023,0.4035914319101721,0.0005455231164732059
247,0.006511703712131941,0.7525470368628284,0.6339630037610313,0.7933061309684897,0.7403704077078452,0.7525465972721699,0.9957586228847504,41.82929068803787,10.37981727719307,0.0011330246925354004,0.0011330246925354004,0.8318595880991779,0.4069260433316231,0.0005435973626993919
248,0.005903784076288117,0.7420411636121571,0.6211297649424523,0.8197863576933742,0.70503646787256,0.7420407212339342,0.9954566657543182,44.15087449550629,7.9764214605093,0.001134335994720459,0.001134335994720459,0.8115083012962714,0.3872461002320051,0.0005416708506034778
249,0.005814880949346292,0.7356687896001108,0.615774026145316,0.8241275064782567,0.6850374564601531,0.7356683462858231,0.9952847063541412,45.24821528792381,16.70349132269621,0.00101548433303833,0.00101548433303833,0.8067904180836649,0.37483120523393154,0.000539743576887742
250,0.005873025686014444,0.7225785494665615,0.6008071990509052,0.8176770536229014,0.6654018480621744,0.7225781040033326,0.9954603910446167,40.031162947416306,17.121753096580505,0.0009507238864898682,0.0009507238864898682,0.7850904394872487,0.36990422662347555,0.0005378155382269764
251,0.005794229853728955,0.7476187273922515,0.6291494611713243,0.7862690948383914,0.732933051891481,0.7476182878017528,0.995515912771225,39.111186504364014,16.834385864436626,0.0013427734375,0.0013427734375,0.8134064060577657,0.3904532501474023,0.0005358867312681466
252,0.005704264616890048,0.766064902767539,0.633943660184741,0.8125109486281872,0.7473317347466946,0.7660644352436066,0.9955093562602997,35.284254997968674,12.943421214818954,0.001521289348602295,0.001521289348602295,0.8166313208639622,0.35345540940761566,0.0005339571526300471
253,0.005573579415354427,0.716963585471941,0.5940379593579301,0.8105622902792569,0.6671772915943017,0.716963160783059,0.9951884150505066,46.08041527867317,17.810230180621147,0.0010111331939697266,0.0010111331939697266,0.7860792805440724,0.36126584210433066,0.0005320267989029498
254,0.005943316042028142,0.7537717679515481,0.6305773328058422,0.7822356317192316,0.7487439960241318,0.7537712883204222,0.9954075813293457,45.79589080810547,15.556824296712875,0.0016463398933410645,0.0016463398933410645,0.8047885843552649,0.38026205729693174,0.0005300956666482484
255,0.005473673193729624,0.712102334946394,0.5895568053238094,0.8525069765746593,0.6516103579197079,0.712101899785921,0.9951731562614441,43.448020696640015,13.391095533967018,0.0009927749633789062,0.0009927749633789062,0.7768347295932472,0.35509319696575403,0.000528163752398095
256,0.005287590708273153,0.7658672397956252,0.6438763896003366,0.799136696383357,0.7552334275096655,0.7658667722716928,0.9957540035247803,57.58140245079994,16.106249324977398,0.0014547407627105713,0.0014547407627105713,0.8170097982510924,0.3945095418021083,0.0005262310526550319
257,0.005432719557023974,0.7247322965413332,0.600850053015165,0.816536467988044,0.6731040845625103,0.7247318505542353,0.9953353404998779,38.626838743686676,15.91051933169365,0.000947117805480957,0.000947117805480957,0.7896416110743303,0.3476875126361847,0.0005242975638916167
258,0.005494219153964271,0.6986054899170995,0.5727249816991389,0.8729340918362141,0.6320516373962164,0.69860505964607,0.9949245154857635,43.9833348095417,11.541631527245045,0.0006455183029174805,0.0006455183029174805,0.7770096585154533,0.33094328828155994,0.0005223632825500419
259,0.006611135110936381,0.7417009882676976,0.6206833720255273,0.7828564122459639,0.7267870158030143,0.7417005673050914,0.9953209757804871,44.13167881965637,15.848602212965488,0.0014294981956481934,0.0014294981956481934,0.8092549097418669,0.37414553947746754,0.0005204282050417462
260,0.005615494690242816,0.7507051331922412,0.6246815645135939,0.8028587428852916,0.7244854760356247,0.7507046600803733,0.9954339861869812,44.50385856628418,15.554418914020061,0.0014020800590515137,0.0014020800590515137,0.8117149686440825,0.36914215167053044,0.000518492327747022
261,0.005145040753466839,0.7458499455824494,0.623252990655601,0.7948571527376771,0.723973489832133,0.7458494692109525,0.9953337609767914,44.65001484751701,15.786544799804688,0.0014819204807281494,0.0014819204807281494,0.7904837592504919,0.3665033681318164,0.000516555647014613
262,0.005407792784160737,0.746877048170191,0.6287074144985496,0.7622247264026188,0.7526816129757513,0.7468766085803564,0.9954031705856323,39.21267330646515,15.640970326960087,0.001725316047668457,0.001725316047668457,0.8023590233551658,0.38066930044442415,0.0005146181591613082
263,0.005387879336591472,0.7678603753447533,0.6352185346186161,0.8578991368412971,0.7252604179084301,0.7678599189966917,0.9955728948116302,39.95083302259445,10.432709887623787,0.001066446304321289,0.001066446304321289,0.8323943801224232,0.35916181979700923,0.0005126798604715261
264,0.005683713077539296,0.729730166727677,0.6091084853978828,0.801756002008915,0.6899484636378475,0.7297297252807766,0.9952777326107025,42.48117792606354,13.70598839968443,0.0012032687664031982,0.0012032687664031982,0.7925617746077478,0.36851841025054455,0.000510740747196894
265,0.00519129917709947,0.7415198823437095,0.6151094809174538,0.8109651878476143,0.7160427484195679,0.7415194199420512,0.9954395592212677,30.051643908023834,16.005032122135162,0.0012275278568267822,0.0012275278568267822,0.8026462350971997,0.36351700127124786,0.000508800815555818
266,0.005678039303430441,0.7460016869008541,0.609453359618783,0.8219361566007137,0.7110180407762527,0.7460012268275023,0.9953881800174713,48.55978465080261,15.53037728369236,0.0013546645641326904,0.0013546645641326904,0.8219021782279015,0.3577108078170568,0.0005068600617330473
267,0.006034789949119317,0.7831989228725433,0.6558235380798578,0.8157746382057667,0.7738520987331867,0.7831984609365463,0.9957094192504883,49.26521122455597,15.567415051162243,0.0014955699443817139,0.0014955699443817139,0.8450351599603891,0.40787747502326965,0.0005049184818792296
268,0.0055455816768561345,0.7497486127540469,0.6229970809072256,0.754639033228159,0.7711744792759418,0.7497481536120176,0.9950233995914459,46.02380773425102,13.001364350318909,0.002333313226699829,0.002333313226699829,0.7949912985786796,0.3873121542856097,0.0005029760721104597
269,0.0053794053436087615,0.7288851542398334,0.6026612804271281,0.8272910844534636,0.6747985908295959,0.7288846992887557,0.9954291880130768,44.04793044924736,15.940987974405289,0.0010725557804107666,0.0010725557804107666,0.7929409882053733,0.3606621855869889,0.0005010328285078191
270,0.005065415581956393,0.7192084530834109,0.5950649958103895,0.8383485097438097,0.6677500463556498,0.7192080153618008,0.995252788066864,44.11032843589783,15.391527116298676,0.0008911788463592529,0.0008911788463592529,0.7947265529073775,0.3674145743716508,0.0004990887471169086
271,0.007914411484362614,0.7681183405220509,0.6333459001034498,0.8327954150736332,0.7414206545799971,0.7681179046630859,0.9955285787582397,63.80347436666489,12.858163930475712,0.0011973977088928223,0.0011973977088928223,0.8455149233341217,0.36445643194019794,0.0004971438239473716
272,0.006003205652108811,0.7555810250341892,0.6218596529215574,0.8739831037819386,0.7035552710294724,0.7555805742740631,0.9952400326728821,55.35586094856262,5.866200685501099,0.0009039938449859619,0.0009039938449859619,0.8273864611983299,0.35286471154540777,0.0004951980549724098
273,0.005748299624291108,0.7658062120899558,0.6407402735203505,0.855167381465435,0.7261068215593696,0.7658057482913136,0.9957110285758972,23.841137021780014,4.84693218767643,0.0009683072566986084,0.0009683072566986084,0.8374644685536623,0.3936763973906636,0.0004932514361282894
274,0.005845106501400358,0.7406063135713339,0.6173856286332011,0.8485291041433811,0.707791406661272,0.7406058683991432,0.995632141828537,33.27121618390083,17.529803343117237,0.0010761022567749023,0.0010761022567749023,0.8221679404377937,0.3656951664015651,0.0004913039633138389
275,0.005714335632298819,0.7253000129639986,0.6054192878509639,0.8545005358755589,0.6881825494820077,0.7252995770104462,0.9953307509422302,42.15144622325897,14.632000349462032,0.001022636890411377,0.001022636890411377,0.7913346537388861,0.37276213616132736,0.0004893556323899376
276,0.005360703738970738,0.7178250453434885,0.5944259113166481,0.8326366264373064,0.6649721013382077,0.7178245927207172,0.995164155960083,56.73379808664322,25.888872370123863,0.0009021461009979248,0.0009021461009979248,0.7845103675499558,0.3490963946096599,0.00048740643917899543
277,0.00528297215439097,0.7313490407541394,0.6068268781527877,0.8025261554867029,0.7169510264648125,0.7313486197963357,0.9953365921974182,54.23860543966293,13.619661279022694,0.0012888908386230469,0.0012888908386230469,0.7960556354373693,0.360997085692361,0.00048545637946442196
278,0.004920139481934409,0.719361087307334,0.5984248039603699,0.838153482414782,0.6683810525282752,0.7193606537184678,0.9953022599220276,28.793246805667877,15.922872230410576,0.0007781684398651123,0.0007781684398651123,0.7919759521028027,0.3692859299480915,0.0004835054489900874
279,0.004962479949674823,0.7237482257246124,0.6029314342944967,0.8285804353954432,0.6668110415412536,0.7237478010356496,0.9951827526092529,45.07243573665619,16.38450086861849,0.0008987784385681152,0.0008987784385681152,0.7875182290008524,0.3479628819040954,0.0004815536434597723
280,0.005354761978554906,0.7154710292882391,0.5945492517269322,0.8180463948063561,0.6619825773014179,0.7154705803841518,0.9950133264064789,43.508850276470184,14.77937775850296,0.0010086894035339355,0.0010086894035339355,0.7855494545510737,0.37114267935976386,0.0004796009585366077
281,0.004968678524054474,0.7327185562462546,0.6117636505805422,0.8397762996610254,0.6784718607086688,0.7327181260334328,0.9954524040222168,44.03953269124031,8.043280087411404,0.0007951259613037109,0.0007951259613037109,0.8042221339419484,0.37750954926013947,0.0004776473898425048
282,0.004799096026655399,0.7422148254700005,0.619681480107829,0.7998203313909471,0.7128293951973319,0.7422143607400358,0.9953553378582001,57.5417455136776,27.880064129829407,0.0013545751571655273,0.0013545751571655273,0.7900650055380538,0.3679513926617801,0.00047569293295757415
283,0.004867780809008488,0.7404653788544238,0.6173492423258722,0.8072019927203655,0.7105897632427514,0.7404649099335074,0.9954697489738464,56.70474696159363,27.80180460214615,0.0011783242225646973,0.0011783242225646973,0.7977410517632961,0.36203981656581163,0.0004737375834195338
284,0.005638628907036036,0.732401659945026,0.608207571611274,0.7983534894883633,0.7009333134628832,0.7324012079043314,0.9953174889087677,28.863715887069702,15.600824899971485,0.0013111233711242676,0.0013111233711242676,0.7990588581596967,0.37205398618243635,0.0004717813367231056
285,0.004944211888042363,0.7630952950567007,0.6408771048299968,0.7827691435813904,0.7668472407385707,0.7630948042497039,0.9956420660018921,31.252828985452652,15.602790363132954,0.0017020106315612793,0.0017020106315612793,0.8108180118724704,0.3880940843373537,0.00046982418831940226
286,0.004902454172472723,0.7493547475896776,0.6282452021259815,0.8204973265528679,0.7160683954134583,0.7493543052114546,0.9956566691398621,29.02190738916397,15.797812074422836,0.0010934770107269287,0.0010934770107269287,0.8087262795306742,0.3811139145400375,0.0004678661336153
287,0.004942583318827956,0.7236444370937534,0.601742524333531,0.8042232372099534,0.6832261989766266,0.7236439955304377,0.9951109290122986,28.6345334649086,15.478172168135643,0.001158207654953003,0.001158207654953003,0.7813437815493671,0.36835747049190104,0.00046590716797280114
288,0.004860517426012931,0.7505830815061927,0.6242200853303075,0.8206975180655718,0.7188251977786422,0.7505826028063893,0.9955058693885803,26.459212839603424,13.346127144992352,0.001332610845565796,0.001332610845565796,0.7975588385015726,0.3553535195533186,0.00046394728670838385
289,0.004891611318188635,0.7564353607594967,0.6293955454602838,0.8235997334122658,0.7256843484938145,0.7564348801970482,0.9954876601696014,42.610711216926575,12.854200430214405,0.0011681318283081055,0.0011681318283081055,0.8086908645927906,0.3739842246286571,0.0004619864850923394
290,0.005282468437640505,0.7346941400319338,0.6122980955988169,0.8389314357191324,0.6898354943841696,0.7346936939284205,0.9954045116901398,41.925001084804535,13.857848577201366,0.0010641813278198242,0.0010641813278198242,0.7902087341062725,0.36846839683130383,0.0004600247583480966
291,0.005277637699195607,0.744217716041021,0.6232266373117454,0.7947980349417776,0.7198343870113604,0.7442172334995121,0.9955503940582275,57.02171865105629,15.87860181927681,0.0013124942779541016,0.0013124942779541016,0.7984357637469657,0.3601383655332029,0.00045806210165153324
292,0.004937758085416686,0.7554434454068542,0.6311048744246364,0.8450305201113224,0.7093342132866383,0.7554429844021797,0.9956817626953125,41.499476581811905,13.240964889526367,0.0009513199329376221,0.0009513199329376221,0.8006438091397285,0.3786249812692404,0.0004560985101302735
293,0.004900140352688279,0.7339180435446906,0.6150788149971049,0.8247936955158366,0.6965177225720254,0.7339175763190724,0.9952671229839325,46.713154047727585,7.8445625603199005,0.0010330677032470703,0.0010330677032470703,0.791434192127781,0.36289563961327076,0.00045413397886297295
294,0.005010428684975274,0.7589043397456408,0.6360923903994262,0.7906719371676445,0.7523908615112305,0.7589038433507085,0.9954650402069092,44.82230418920517,16.193492613732815,0.0015985667705535889,0.0015985667705535889,0.7995013268664479,0.3863738395739347,0.0004521685028785876
295,0.004672213166486472,0.7759476825594902,0.648428276181221,0.8526179157197475,0.7384308632463217,0.7759472243487835,0.9957334399223328,43.58744338154793,13.045543111860752,0.001139134168624878,0.001139134168624878,0.8310811351984739,0.3833548864349723,0.0004502020771556299
296,0.004881135002836923,0.7631828356534243,0.634411052800715,0.8448263853788376,0.721563808619976,0.7631823681294918,0.995661050081253,55.121181070804596,13.351816967129707,0.0011260509490966797,0.0011260509490966797,0.8119188975542784,0.3703358303755522,0.0004482346966214095
297,0.004601159826217388,0.7479293099604547,0.6276485410053283,0.8053440572693944,0.722562659997493,0.7479288433678448,0.9955642521381378,44.341073870658875,15.839159116148949,0.0012337863445281982,0.0012337863445281982,0.7898882750887424,0.37353231804445386,0.0004462663561512584
298,0.00446208049260983,0.7364766327664256,0.6164424024755135,0.7868602480739355,0.726200332515873,0.7364761806093156,0.9954673051834106,43.537187069654465,14.745428897440434,0.0015150904655456543,0.0015150904655456543,0.7801672073546797,0.3773032242897898,0.0004442970505677413
299,0.004898945659850583,0.75163141079247,0.6278139711357653,0.8004975076764822,0.7286882689222693,0.7516309414058924,0.9953832626342773,46.64887633919716,15.917733803391457,0.001446545124053955,0.001446545124053955,0.7900304663926363,0.3728164208587259,0.00044232677463984944
300,0.004590966509457565,0.7566173579543829,0.6315336818806827,0.7670861631631851,0.7702175686135888,0.7566168988123536,0.9953457415103912,31.783374667167664,15.891646012663841,0.002025783061981201,0.002025783061981201,0.7931289933621883,0.37488226033747196,0.0004403555230821779
301,0.004968807521050401,0.7543427757918835,0.6303505357354879,0.8349208980798721,0.7130457628518343,0.7543423268944025,0.9955877661705017,47.7853185236454,16.051784835755825,0.0010844171047210693,0.0010844171047210693,0.8073221063241363,0.37393071176484227,0.00043838329055408696
302,0.004559731511328595,0.7817278616130352,0.6527982223778963,0.8104163371026516,0.7776371836662292,0.7817274015396833,0.9956883192062378,32.29162710905075,15.079890705645084,0.0015355348587036133,0.0015355348587036133,0.8181882407516241,0.3728651190176606,0.00043641007165884534
303,0.004513140232478635,0.7363584702834487,0.6151062648714287,0.8199835763662122,0.6948342702817172,0.7363580036326312,0.9954227209091187,44.53089478611946,15.812904193997383,0.0011299848556518555,0.0011299848556518555,0.7964543738780776,0.3682929426431656,0.0004344358609427563
304,0.004545528254697494,0.7659224402159452,0.6457818229682744,0.8216624017804861,0.7432744959369302,0.7659219847992063,0.9958195388317108,44.21760991215706,15.642746783792973,0.0012181401252746582,0.0012181401252746582,0.812558644451201,0.3907196456566453,0.0004324606528942658
305,0.004964807589369064,0.7404597257263958,0.6165293343365192,0.7865882096812129,0.7350487923249602,0.7404592642560601,0.9952728152275085,43.85544100403786,12.901170492172241,0.00139540433883667,0.00139540433883667,0.7871762597933412,0.34726909501478076,0.0004304844419430511
306,0.004617885531236728,0.7313104385975748,0.6094427190255374,0.8319255877286196,0.6814465827774256,0.7313099824823439,0.995314747095108,56.88558515906334,15.906630702316761,0.0009888112545013428,0.0009888112545013428,0.7879735067253932,0.3621435910463333,0.00042850722245909174
307,0.004481325571594591,0.7408879951108247,0.6202370469691232,0.789474839810282,0.7247140654944815,0.7408875465625897,0.9954829514026642,55.99764162302017,15.498576313257217,0.001352548599243164,0.001352548599243164,0.7906506159342825,0.3577025446575135,0.00042652898875171984
308,0.004615350741060507,0.7583433371037245,0.6357502257451415,0.8792329616844654,0.7186198821291327,0.7583428816869855,0.9955548346042633,41.99836707115173,8.169957093894482,0.0008829832077026367,0.0008829832077026367,0.8195870239287615,0.37812636443413794,0.00042454973506865094
309,0.005317329295036016,0.6664313003493878,0.5480076465828749,0.802309760408864,0.6228760406447997,0.6664308738012145,0.9942554831504822,45.95430827140808,9.109064765274525,0.0008215606212615967,0.0008215606212615967,0.7398801304661902,0.3163080746307969,0.00042256945559499383
310,0.005481358733959496,0.7429549738299102,0.6208661626442336,0.7840498273726553,0.743216123606544,0.7429545194609091,0.9955483675003052,43.46391582489014,11.222117617726326,0.001230090856552124,0.001230090856552124,0.8126733237877488,0.37804728746414185,0.0004205881444522394
311,0.005081767495016031,0.7450637635974999,0.6274656998748469,0.8277053796919063,0.7049871546469149,0.74506331736211,0.9955532252788544,42.487350821495056,12.815089963376522,0.0009003877639770508,0.0009003877639770508,0.8164239670149982,0.3913870267570019,0.0004186057956972281
312,0.004719616850541735,0.7683957722038031,0.6363009288907051,0.8206765335053205,0.7583156283944845,0.7683953158557415,0.995397299528122,31.847941488027573,16.078149430453777,0.0016210079193115234,0.0016210079193115234,0.8158337157219648,0.37070929491892457,0.0004166224033210947
313,0.00445588737211162,0.7459349896525964,0.6254142982652411,0.8116819490678608,0.7255277878721245,0.7459345493698493,0.9955097734928131,46.85678389668465,11.016986176371574,0.0011734962463378906,0.0011734962463378906,0.7966803250601515,0.3752899314276874,0.0004146379612481899
314,0.0045466198423651585,0.757794170640409,0.6333094132132828,0.8098287731409073,0.7489308826625347,0.7577937133610249,0.9955199956893921,46.244023114442825,13.970433577895164,0.0015349984169006348,0.0015349984169006348,0.808745015412569,0.37506622821092606,0.00041265246333497955
315,0.004995731728602991,0.7617853730916977,0.6264545377343893,0.8494121190160513,0.7244981341063976,0.7617849074304104,0.9953353106975555,51.20521369576454,15.558903589844704,0.0010382235050201416,0.0010382235050201416,0.8099691178649664,0.3336296449415386,0.00041066590336891814
316,0.004917978088611342,0.7640632428228855,0.6360447835177183,0.7903605476021767,0.7678366927430034,0.764062762260437,0.9954114854335785,30.76096072793007,15.7748758867383,0.0017480254173278809,0.0017480254173278809,0.8064177175983787,0.36901131365448236,0.0004086782750672989
317,0.0043991482146366525,0.7434876905754209,0.6210084143094718,0.7974854484200478,0.7196124531328678,0.743487233761698,0.9952701330184937,60.19658622145653,28.759814843535423,0.0014202594757080078,0.0014202594757080078,0.7905805594054982,0.3608859300147742,0.0004066895720760775
318,0.004462691604258549,0.7447431152686477,0.6226120204664767,0.7966274754144251,0.7228597891516984,0.744742653798312,0.9952682852745056,47.19459566473961,16.19870864599943,0.0014805197715759277,0.0014805197715759277,0.7786747417412698,0.3621625257655978,0.00040469978796866976
319,0.0045780729728214665,0.7526422264054418,0.6289454372599721,0.7989191189408302,0.7424687552265823,0.752641768194735,0.9954931735992432,59.286246836185455,15.698636025190353,0.0014273524284362793,0.0014273524284362793,0.7979050744324923,0.3668513959273696,0.0004027089162447227
320,0.004531922459136695,0.7464668545871973,0.6220568926073611,0.7954801935702562,0.7246236726641655,0.7464663796126842,0.9952304065227509,62.12903106212616,29.933146193623543,0.001565694808959961,0.001565694808959961,0.7756119323894382,0.34231575159356,0.00040071695032885756
321,0.004485860311736663,0.7522919960319996,0.6280530639924109,0.8214125670492649,0.7285068305209279,0.7522915359586477,0.9954493045806885,44.89164289832115,13.912397995591164,0.0012537837028503418,0.0012537837028503418,0.8035378083586693,0.37381556048057973,0.0003987238835693844
322,0.004763420085620248,0.7339686658233404,0.6024433989077806,0.8592284712940454,0.6765464972704649,0.7339682206511497,0.9951180517673492,59.845394551754,20.08210738003254,0.0008614957332611084,0.0008614957332611084,0.7906961888074875,0.33608017140068114,0.00039672970923698735
323,0.004586238944973571,0.7541688997298479,0.6241943510249257,0.8580746501684189,0.7099081994965672,0.7541684340685606,0.9955386817455292,55.16346478462219,12.038004413247108,0.0010235607624053955,0.0010235607624053955,0.8084047697484493,0.3397739881183952,0.0003947344205233804
324,0.004130144245485126,0.7415331248193979,0.6159684807062149,0.8213374018669128,0.7061898368410766,0.7415326749905944,0.9953097105026245,58.807095259428024,14.99173928797245,0.0012082159519195557,0.0012082159519195557,0.7807603804394603,0.3514650631695986,0.00039273801053993075
325,0.004048640841519404,0.7468445170670748,0.6220132242888212,0.8535311296582222,0.7001073705032468,0.7468440774828196,0.9954659044742584,45.45614519715309,13.161324642598629,0.0009737610816955566,0.0009737610816955566,0.7845517490059137,0.3444861965253949,0.000390740472316252
326,0.0040819214156010385,0.7530619595199823,0.6237559225410223,0.8152420837432146,0.7276436341926455,0.7530614826828241,0.9953485727310181,47.86936327815056,16.070619359612465,0.0013269484043121338,0.0013269484043121338,0.7825355501845479,0.35324664041399956,0.0003887417987987635
327,0.004275624476246197,0.7382745118811727,0.6150817731395364,0.8009032597765326,0.7092745923437178,0.7382740490138531,0.9950953125953674,52.53127270936966,16.057485602796078,0.0014809072017669678,0.0014809072017669678,0.7623819522559643,0.35588973900303245,0.00038674198284921577
328,0.004382217976716206,0.7752572782337666,0.6495171310380101,0.821167342364788,0.7573958951979876,0.7752568144351244,0.9957164824008942,60.733296632766724,15.903092175722122,0.001449674367904663,0.001449674367904663,0.8106160834431648,0.39063623547554016,0.0003847410172431821
329,0.005591739390652176,0.7460371279157698,0.6265537788276561,0.7785840581636876,0.7544759830925614,0.7460366899613291,0.9953186213970184,44.140575259923935,8.572906777262688,0.001558750867843628,0.001558750867843628,0.8034651248017326,0.3815041338093579,0.00038273889466851373
330,0.0045128574852380116,0.7596029229462147,0.6322185359895229,0.7952499128878117,0.7553511178120971,0.7596024628728628,0.9953753650188446,29.56295457482338,16.288210190832615,0.0016883611679077148,0.0016883611679077148,0.7959873508661985,0.35543006635271013,0.00038073560772375803
331,0.004362869954837317,0.7280503129586577,0.6037373256403953,0.8394768461585045,0.6811316055245697,0.7280498589389026,0.9951275885105133,44.389921724796295,14.987886764109135,0.0011309683322906494,0.0011309683322906494,0.7675998788326979,0.32997257029637694,0.0003787311489165393
332,0.004612245039562836,0.7447833002079278,0.6238495188299567,0.8124379767104983,0.7114823788870126,0.7447828457225114,0.995547890663147,56.08846202492714,16.19564276188612,0.0012168586254119873,0.0012168586254119873,0.7859468092210591,0.3603662117384374,0.0003767255106619003
333,0.003993185219411372,0.7539677880704403,0.6252449983730912,0.88248710334301,0.6892849616706371,0.7539673391729593,0.9954956471920013,26.136637836694717,12.228167802095413,0.0008252859115600586,0.0008252859115600586,0.7926862202584743,0.34851189982146025,0.0003747186852806031
334,0.004313554258480894,0.7376437361817807,0.6164260627701879,0.8437238847836852,0.6868741163052619,0.7376432993914932,0.9954161643981934,44.146740436553955,15.102540977299213,0.0009467005729675293,0.0009467005729675293,0.7823373200371861,0.3451690385118127,0.00037271066499738924
335,0.0043214783954405875,0.7872613221406937,0.6590536460280418,0.8149537704885006,0.7862087171524763,0.7872608453035355,0.9957279562950134,43.64632624387741,13.23492757230997,0.0015482902526855469,0.0015482902526855469,0.8215374760329723,0.3701851684600115,0.00037070144193919653
336,0.004161058434736774,0.7324569821357727,0.6075481940060854,0.847979661077261,0.6799035172443837,0.7324565439485013,0.9952474534511566,44.07124537229538,12.645952180027962,0.0010145306587219238,0.0010145306587219238,0.7771410890854895,0.3485326950903982,0.00036869100813333194
337,0.004200472313007622,0.7520495727658272,0.6312819975428283,0.81117794662714,0.7260301276110113,0.7520491220057011,0.9955995678901672,44.68371471762657,15.8659148812294,0.0012406408786773682,0.0012406408786773682,0.7776229423470795,0.3554436396807432,0.00036667935550559937
338,0.0038931135504478307,0.747816109098494,0.6257768294308335,0.801736818626523,0.7232494549825788,0.7478156420402229,0.995388001203537,44.52213916182518,15.81028327345848,0.0014681518077850342,0.0014681518077850342,0.7710384489037097,0.3668396258726716,0.00036466647587838003
339,0.003833804930433292,0.7492955224588513,0.6224973066709936,0.8142964970320463,0.7244282509200275,0.7492950661107898,0.9954473972320557,43.76112151145935,14.652152702212334,0.0013658404350280762,0.0013658404350280762,0.7782827336341143,0.3376002993900329,0.0003626523609686652
340,0.004090281510302289,0.7537516970187426,0.6310055304784328,0.7895484175533056,0.7524476274847984,0.7537512676790357,0.9955115020275116,44.14709222316742,15.550797916948795,0.0015345215797424316,0.0015345215797424316,0.7917526960372925,0.3603419875726104,0.00036063700238603866
341,0.004291858919190638,0.7474212944507599,0.6215870371088386,0.8257492929697037,0.7074668970890343,0.7474208325147629,0.9954277873039246,28.436582893133163,15.260842263698578,0.0012606382369995117,0.0012606382369995117,0.7840211950242519,0.35958167677745223,0.0003586203916306077
342,0.004344465202214478,0.7367350095883012,0.6149149937555194,0.8026679735630751,0.7040707173291594,0.7367345504462719,0.9951921105384827,58.2776885330677,16.250464715063572,0.0014482438564300537,0.0014482438564300537,0.7622719774954021,0.3450069159734994,0.0003566025200908819
343,0.003951179570955874,0.7532241251319647,0.6307046404108405,0.8278947677463293,0.720110543537885,0.7532236818224192,0.9955294132232666,43.71498218178749,12.776089280843735,0.0011561214923858643,0.0011561214923858643,0.7881500897929072,0.3579835230484605,0.0003545833790415959
344,0.003988504265152821,0.7636998258531094,0.6382780196145177,0.8513693995773792,0.7188276909291744,0.7636993695050478,0.9956940710544586,42.85419487953186,12.994784481823444,0.0010738372802734375,0.0010738372802734375,0.7941168267279863,0.3634807108901441,0.0003525629596414768
345,0.003955854164704568,0.7401229115203023,0.6182157436851412,0.8631200902163982,0.6842636783840135,0.740122482413426,0.9955656230449677,41.139069855213165,13.267763964831829,0.0008903443813323975,0.0008903443813323975,0.7650044863112271,0.3388337844517082,0.0003505412529309526
346,0.004094109787591592,0.7582365702837706,0.6309208841994405,0.8360804058611393,0.720438914373517,0.7582361046224833,0.995555967092514,45.8973730802536,12.725820034742355,0.0012181401252746582,0.0012181401252746582,0.7882209345698357,0.3496917018201202,0.0003485182498298004
347,0.003885440628933297,0.7429971639066935,0.6173216903116554,0.8129617879167199,0.708017396973446,0.7429967056959867,0.9954724013805389,27.913399785757065,14.688120931386948,0.001236557960510254,0.001236557960510254,0.756930336356163,0.32291039102710783,0.0003464939411347329
348,0.0045198902018565796,0.7452928833663464,0.6155725298449397,0.7799796015024185,0.7382990466430783,0.7452924009412527,0.9952412843704224,57.604337960481644,28.955045364797115,0.001652061939239502,0.001652061939239502,0.7713105222210288,0.3300131787545979,0.0003444683175169201
349,0.004529681749938225,0.7435939917340875,0.6162626491859555,0.8148370515555143,0.7199096763506532,0.7435935223475099,0.9953438639640808,43.30428993701935,15.034102246165276,0.0012658238410949707,0.0012658238410949707,0.7848932230845094,0.34626246336847544,0.00034244136951944463
350,0.004055373561145229,0.7493163105100393,0.6214261138811707,0.8122416771948338,0.7165980264544487,0.7493158392608166,0.9952279627323151,48.65042957663536,13.571213483810425,0.0015289783477783203,0.0015289783477783203,0.763824013993144,0.3486833553761244,0.0003404130875546888
351,0.0038323021038774063,0.7496383734978735,0.6271417229436338,0.7969376873224974,0.7319201466161758,0.7496379287913442,0.9954688847064972,44.52696889638901,15.549788556993008,0.0014675259590148926,0.0014675259590148926,0.7691551095340401,0.3560714276973158,0.0003383834619016499
352,0.00378820913046542,0.7501326082274318,0.6278577814809978,0.8000903073698282,0.7324157850816846,0.750132136978209,0.9954533278942108,43.44185250997543,15.118170529603958,0.0014008879661560059,0.0014008879661560059,0.7705066162161529,0.3515792451798916,0.00033635248270318287
353,0.00439105484860413,0.7264501312747598,0.5999218313954771,0.8198063988238573,0.6821797993034124,0.7264496656134725,0.9951828420162201,45.17511832714081,15.362796403467655,0.0012876391410827637,0.0012876391410827637,0.7447187984362245,0.3144489708356559,0.0003343201399631669
354,0.004200386611928204,0.7396591196302325,0.6196580458199605,0.8019640280399472,0.7090168129652739,0.739658669102937,0.9954148232936859,56.80304330587387,27.98511726409197,0.001224905252456665,0.001224905252456665,0.7735106258187443,0.3460877416655421,0.0003322864235435932
355,0.003738712440033189,0.7425978677347302,0.6170617521274835,0.7750954460352659,0.73819200694561,0.7425973974168301,0.9952896535396576,38.66972643136978,15.62397101521492,0.0017057359218597412,0.0017057359218597412,0.7589968694373965,0.3454585578292608,0.00033025132316157177
356,0.0037044369709099446,0.7441608216613531,0.6205989588052034,0.8235589154064655,0.7026295186951756,0.7441603615880013,0.9953978359699249,47.123090863227844,15.922127857804298,0.0011945366859436035,0.0011945366859436035,0.7620285218581557,0.3408230566419661,0.00032821482838625376
357,0.0036450748809853176,0.7527466034516692,0.630084385164082,0.819713894277811,0.718557698186487,0.7527461303398013,0.9954690337181091,55.778482884168625,15.771189704537392,0.0012608170509338379,0.0012608170509338379,0.7643443597480655,0.34088927460834384,0.0003261769286356675
358,0.0036850061362863266,0.7433725101873279,0.6236935220658779,0.8134845611639321,0.7105930231045932,0.7433720650151372,0.9955208003520966,43.59580072760582,15.444409139454365,0.0010948479175567627,0.0010948479175567627,0.76069428503979,0.3443070650100708,0.0003241376131734635
359,0.003605888135180893,0.7404675572179258,0.6197584902402014,0.8185525862500072,0.6960724808741361,0.7404671050608158,0.9954154789447784,44.457247495651245,15.864850379526615,0.0011335015296936035,0.0011335015296936035,0.7539860808756202,0.34088639239780605,0.00032209687110556687
360,0.004022480066244801,0.754880546592176,0.6381753906607628,0.8005872331559658,0.7405543755739927,0.7548800939694047,0.9956814646720886,44.33837738633156,13.604834996163845,0.0013748109340667725,0.0013748109340667725,0.7837985772639513,0.3675250569358468,0.00032005469137673224
361,0.003836493909175536,0.7534344000741839,0.630925843026489,0.8146842177957296,0.7333791116252542,0.7534339474514127,0.9956543445587158,43.888365268707275,13.349185198545456,0.0012358427047729492,0.0012358427047729492,0.7772753075696528,0.3706832341849804,0.0003180110627669995
362,0.003713467490866385,0.742069489788264,0.6219803686253726,0.8179313801229,0.6984803719678894,0.7420690420549363,0.9955540597438812,43.79249083995819,15.582978300750256,0.001080542802810669,0.001080542802810669,0.7467005476355553,0.3412996884435415,0.00031596597388804456
363,0.004049104888867022,0.7606489900499582,0.6335865426808596,0.8480746112763882,0.7280201409012079,0.760648537427187,0.9956048727035522,45.010343819856644,8.636893346905708,0.0010009407997131348,0.0010009407997131348,0.7882446460425854,0.34349257522262633,0.0003139194131794234
364,0.0037685747163116253,0.7562398621812463,0.631377937272191,0.8362073805183172,0.7145847026258707,0.7562393983826041,0.9955835342407227,43.92176806926727,15.692657850682735,0.0010857582092285156,0.0010857582092285156,0.7779373312368989,0.3487908993847668,0.00031187136890470395
365,0.003930295244296731,0.7507498767226934,0.6263877293094993,0.8123854827135801,0.721918510273099,0.7507494250312448,0.9954162240028381,37.810980170965195,14.612557493150234,0.0012940466403961182,0.0012940466403961182,0.7672837534919381,0.34471615916118026,0.00030982182914748223
366,0.0038610354496278997,0.7254409734159708,0.5944616058841348,0.7837000582367182,0.6994661204516888,0.7254405058920383,0.9947299063205719,67.48298206925392,23.128766402602196,0.0017640292644500732,0.0017640292644500732,0.7366170361638069,0.2951129227876663,0.0003077707818072785
367,0.003870471837492942,0.738230655901134,0.6132387327961624,0.7926029162481427,0.7127528921701014,0.7382301795296371,0.9952612221240997,47.179531037807465,16.07367353886366,0.0015429556369781494,0.0015429556369781494,0.7558131967671216,0.3358086124062538,0.0003057182145953083
368,0.003938357592701461,0.7575124930590391,0.6318941488862038,0.8145163916051388,0.7329354388639331,0.7575120273977518,0.9954860806465149,44.29360443353653,15.542473889887333,0.0013484060764312744,0.0013484060764312744,0.7700881119817495,0.34791754744946957,0.00030366411503012506
369,0.003523748883956366,0.7553649470210075,0.6276453156024218,0.8103902973234653,0.7322147954255342,0.7553644850850105,0.9954267144203186,45.51456239819527,15.289590738713741,0.001367330551147461,0.001367330551147461,0.7607927061617374,0.33784320019185543,0.00030160847043312673
370,0.0038611753764350647,0.7510374877601862,0.6189145240932703,0.807568745687604,0.7250939337536693,0.7510370183736086,0.9954293072223663,46.77101120352745,15.359599366784096,0.0014944374561309814,0.0014944374561309814,0.7662903750315309,0.29476780258119106,0.00029955126792392453
371,0.003966796612296479,0.7552392398938537,0.6321897841989994,0.8096622806042433,0.7342345402576029,0.7552387779578567,0.9954432547092438,46.5025272667408,15.637421883642673,0.0015331804752349854,0.0015331804752349854,0.7819931758567691,0.35836652643047273,0.00029749249441556524
372,0.003700327131699658,0.7489242730662227,0.6243446436710656,0.79997343942523,0.7327705938369036,0.7489238139241934,0.9954118430614471,46.84683007001877,15.38431516289711,0.0014888346195220947,0.0014888346195220947,0.7631230689585209,0.35036304383538663,0.00029543213660960366
373,0.004059494996909052,0.7679753843694925,0.6392212938517332,0.8372597061097622,0.7292949296534061,0.7679749131202698,0.995532214641571,46.07051286101341,12.885620541870594,0.001225978136062622,0.001225978136062622,0.7920413762331009,0.35723900864832103,0.00029337018099101795
374,0.004023730142789921,0.7414506506174803,0.6158873126842082,0.7912911465391517,0.7220021095126867,0.7414501765742898,0.9951730370521545,60.399911254644394,16.683864951133728,0.001582711935043335,0.001582711935043335,0.7552006579935551,0.3418144090101123,0.00029130661382296226
375,0.0039263672572842825,0.7388760382309556,0.6162286987528205,0.8230485431849957,0.698372486513108,0.7388755832798779,0.9954180419445038,44.66771620512009,15.80473580211401,0.0012000203132629395,0.0012000203132629395,0.7637414857745171,0.3523357901722193,0.0002892414211413496
376,0.0036327208314711847,0.7347204777179286,0.6159746199846268,0.8214173605665565,0.6911083479935769,0.7347200282965787,0.9954521954059601,38.408225774765015,14.534372299909592,0.0010098814964294434,0.0010098814964294434,0.7545874892093707,0.3471465182956308,0.0002871745887492587
377,0.003994679389782532,0.7593879904597998,0.6313451109454036,0.8252213560044765,0.7299271058291197,0.7593875229358673,0.995357096195221,44.06040781736374,15.250969238579273,0.0012819170951843262,0.0012819170951843262,0.7831084784120321,0.3488183447625488,0.0002851061022111573
378,0.003592594258600112,0.7667258996516466,0.642738283611834,0.8135543707758188,0.7483233716338873,0.7667254377156496,0.9955388307571411,43.959101766347885,15.607041455805302,0.0014459788799285889,0.0014459788799285889,0.7757241167128086,0.3598110715392977,0.00028303594684693387
379,0.003594198415874306,0.7528990837745368,0.6318170030135661,0.8168816836550832,0.7238062703981996,0.7528986190445721,0.9955432415008545,43.62257343530655,15.476714499294758,0.0011721551418304443,0.0011721551418304443,0.772284188773483,0.3503748292569071,0.00028096410772573076
380,0.00358823251691788,0.7405191971920431,0.6199616098310798,0.809160147793591,0.7061154379043728,0.7405187473632395,0.9954665303230286,43.98522865772247,16.019489988684654,0.0012278258800506592,0.0012278258800506592,0.7488098414614797,0.33775115152820945,0.0002788905696595702
381,0.0035934014630391066,0.7416753936558962,0.6216684723040089,0.7942740046419203,0.7162972604855895,0.7416749203111976,0.995330274105072,29.435395002365112,16.07010407745838,0.0014078319072723389,0.0014078319072723389,0.7465765958186239,0.3481467510573566,0.0002768153171967635
382,0.0034688414615988167,0.7695467732846737,0.6432534586638212,0.7992637529969215,0.7657091654837132,0.7695463001728058,0.9955681562423706,46.99228250980377,15.499886117875576,0.0016313493251800537,0.0016313493251800537,0.7662672139704227,0.3486502459272742,0.0002747383346150956
383,0.003441234867998653,0.7594127953052521,0.6314475014805794,0.8250539861619473,0.7291196482256055,0.7594123147428036,0.9955264627933502,45.072822242975235,12.575706161558628,0.0013260245323181152,0.0013260245323181152,0.7658268362283707,0.34103391552343965,0.00027265960591477443
384,0.003368089019645457,0.7662109322845936,0.6389116775244474,0.8103198762983084,0.7486379351466894,0.7662104722112417,0.9954600036144257,43.36016529798508,12.708718605339527,0.0016093850135803223,0.0016093850135803223,0.7701249774545431,0.34705095645040274,0.0002705791148111353
385,0.0033732201096206677,0.765664292499423,0.6396973002701998,0.8139952421188354,0.7456084638834,0.7656638324260712,0.9956137537956238,44.230683356523514,15.3633331656456,0.001435607671737671,0.001435607671737671,0.7678948268294334,0.33872512937523425,0.000268496844727089
386,0.0034880494173249285,0.7308427537791431,0.6118152501876466,0.7929388319607824,0.7012000767281279,0.7308422956848517,0.9952728748321533,60.28324815630913,16.6357444524765,0.0013380646705627441,0.0013380646705627441,0.7358008328010328,0.3388615529984236,0.0002664127787853039
387,0.003451428921173581,0.7491033775731921,0.6275063261855394,0.77642961172387,0.74933942547068,0.7491028876975179,0.9954064190387726,47.11473932862282,16.013256318867207,0.0016963481903076172,0.0016963481903076172,0.7549220439977944,0.3483073634561151,0.000264326899800108
388,0.0035153421393426306,0.7550488626584411,0.6286404179409146,0.8129632361233234,0.7276325887069106,0.7550483830273151,0.9955024421215057,43.341423362493515,15.658015996217728,0.0013448596000671387,0.0013448596000671387,0.7646472305059433,0.33719111466780305,0.00026223919026910044
389,0.0034707161354493687,0.77699282951653,0.650867898017168,0.803581926971674,0.7734022829681635,0.7769923768937588,0.9956786930561066,46.04963377118111,15.417847745120525,0.00167161226272583,0.00167161226272583,0.7836572267115116,0.3516504317522049,0.0002601496323644581
390,0.0037326836379978695,0.7786695845425129,0.6493926849216223,0.8118357956409454,0.7749216146767139,0.7786691039800644,0.9956807792186737,47.14197400212288,15.932726100087166,0.0014664828777313232,0.0014664828777313232,0.7793334517627954,0.3445600997656584,0.0002580582079239239
391,0.0036277987413940896,0.7694483026862144,0.6426875665783882,0.8031855132430792,0.7609798479825258,0.7694478407502174,0.9954836666584015,47.20499810576439,15.780283845961094,0.0016065239906311035,0.0016065239906311035,0.7705412339419127,0.35163340624421835,0.00025596489844146203
392,0.0038710194534029474,0.7743094731122255,0.6466828174889088,0.8013913668692112,0.7730805352330208,0.7743090130388737,0.9955398142337799,48.10295280814171,15.88405979424715,0.001607060432434082,0.001607060432434082,0.7863298431038857,0.3415468414314091,0.0002538696850575648
393,0.0033979628078117403,0.7472691815346479,0.6237699640914798,0.8091207090765238,0.7213032194413245,0.7472687168046832,0.995369166135788,42.68865615129471,14.949032574892044,0.001319587230682373,0.001319587230682373,0.7586881117895246,0.35044864332303405,0.00025177254854919455
394,0.003400123836895959,0.7658835332840681,0.641603896394372,0.8000001721084118,0.756717530079186,0.7658830489963293,0.9955347180366516,31.996204674243927,16.13513683527708,0.0016654133796691895,0.0016654133796691895,0.771375791169703,0.36583400098606944,0.00024967346931934365
395,0.0036439292563238378,0.7496882732957602,0.6250418140552938,0.7823248161002994,0.7417882503941655,0.74968780297786,0.9952970147132874,57.808984845876694,28.01462571322918,0.001776188611984253,0.001776188611984253,0.753883732482791,0.34399852459318936,0.00024757242738619403
396,0.0033604146905638504,0.744969385676086,0.6222606485243887,0.8000131780281663,0.7219483298249543,0.7449689116328955,0.9954626560211182,43.959023892879486,15.661050342023373,0.0013865232467651367,0.0013865232467651367,0.749101938214153,0.3427525497972965,0.00024546940237185757
397,0.0034996012479744172,0.7428903197869658,0.6148649300448596,0.8019790202379227,0.7223129635676742,0.7428898559883237,0.9953805506229401,43.89170756936073,15.447460547089577,0.0014734268188476562,0.0014734268188476562,0.7562985941767693,0.3318970990367234,0.0002433643734906761
398,0.0032965582971828003,0.7368160402402282,0.6135573403444141,0.8235628064721823,0.6940955545287579,0.7368155675940216,0.9953517615795135,44.09266671538353,16.101418554782867,0.0010468661785125732,0.0010468661785125732,0.7469757371582091,0.31871606269851327,0.00024125731953706037
399,0.003422905276458936,0.7556855566799641,0.6349849924445152,0.8062366209924221,0.7407512655481696,0.7556850966066122,0.9955476820468903,57.26748424768448,15.272805966436863,0.0014481842517852783,0.0014481842517852783,0.7546860678121448,0.3355207066051662,0.00023914821887284436
400,0.00345027161176514,0.7581637781113386,0.6376239191740751,0.7968151196837425,0.7496447046287358,0.7581633254885674,0.9956171810626984,46.68351113796234,15.494509167969227,0.0014681518077850342,0.0014681518077850342,0.7574894977733493,0.3531724829226732,0.00023703704941413096
401,0.0038614370683772545,0.7446285162586719,0.6227271802490577,0.7704672319814563,0.738692594692111,0.744628039188683,0.9953023195266724,70.76682448387146,31.14336570352316,0.00186958909034729,0.00186958909034729,0.7522646840661764,0.333101951982826,0.00023492378861760376
402,0.0038248895364107957,0.7591059617698193,0.6347500002011657,0.7926835976541042,0.7570508513599634,0.7591055110096931,0.9953786730766296,50.158303648233414,18.43670503795147,0.0018071532249450684,0.0018071532249450684,0.7633673306554556,0.36271848483011127,0.00023280841346627672
403,0.0039042487412437117,0.734845960047096,0.611025050515309,0.8210367728024721,0.6980253309011459,0.7348455139435828,0.9952827095985413,47.27545961737633,14.00770340114832,0.0011455416679382324,0.0011455416679382324,0.7525892239063978,0.32276434171944857,0.0002306909004546538
404,0.0034966217671436343,0.7557820966467261,0.6323031787760556,0.8143846709281206,0.7353358655236661,0.7557816291227937,0.9954485893249512,45.1400528550148,13.053087651729584,0.0014883577823638916,0.0014883577823638916,0.7608099989593029,0.34885889454744756,0.00022857122557326718
405,0.0032772281838609188,0.7465159278362989,0.6231233216822147,0.810217035934329,0.7218791162595153,0.7465154705569148,0.9953917264938354,46.38904428482056,15.477943621575832,0.0013539493083953857,0.0013539493083953857,0.7523961691185832,0.33391141262836754,0.00022644936429256138
406,0.003304403112093551,0.7452465482056141,0.6205270607024431,0.8187158778309822,0.7103686407208443,0.7452460760250688,0.9953176081180573,52.967585533857346,13.026837207376957,0.0013733208179473877,0.0013733208179473877,0.7373648723587394,0.33371743373572826,0.0002243252915460891
407,0.00336551540143167,0.7523760180920362,0.6301021184772253,0.7984614092856646,0.7355754356831312,0.7523755580186844,0.9953209757804871,44.495600163936615,15.781212151050568,0.0015610456466674805,0.0015610456466674805,0.7474800255149603,0.3479386498220265,0.00022219898171298088
408,0.003333295545554861,0.7689507473260164,0.6409176047891378,0.8092553019523621,0.7607640102505684,0.7689502965658903,0.9955015182495117,47.50128760933876,17.038575626909733,0.0016086697578430176,0.0016086697578430176,0.7735579572618008,0.3529148646630347,0.00022007040859965013
409,0.003283377673307603,0.7486428059637547,0.6240766001865268,0.8128613512963057,0.7246710564941168,0.7486423430964351,0.9954037964344025,46.84808751940727,15.622711189091206,0.00142747163772583,0.00142747163772583,0.7514619706198573,0.33264629705809057,0.0002179395454206905
410,0.0032156641766160838,0.7611670373007655,0.6363720111548901,0.8078987579792738,0.7431719582527876,0.7611665464937687,0.9955978095531464,46.683735221624374,15.715036928653717,0.0014507472515106201,0.0014507472515106201,0.755446894094348,0.33877580193802714,0.00021580636477892232
411,0.003251423390765646,0.7466951319947839,0.6223068321123719,0.811375105753541,0.7181704984977841,0.7466946830973029,0.9954147934913635,43.63998079299927,15.347069650888443,0.0013378560543060303,0.0013378560543060303,0.7426514681428671,0.3417673783842474,0.0002136708386445385
412,0.0032467934740425058,0.7486926806159317,0.6275004588533193,0.8155796267092228,0.7145721572451293,0.7486922140233219,0.9955509006977081,44.73299142718315,15.536631509661674,0.0012888610363006592,0.0012888610363006592,0.7541456432081759,0.3586906192358583,0.00021153293833330034
413,0.003093943592499603,0.7536927554756403,0.6278663221746683,0.8051625676453114,0.7327031493186951,0.7536922786384821,0.9953877329826355,46.98075392842293,15.477269135415554,0.0014983415603637695,0.0014983415603637695,0.7443620786070824,0.3251879923045635,0.0002093926344837281
414,0.0031316002485144772,0.7488527493551373,0.6264304062351584,0.802246293053031,0.7350748386234045,0.7488522958010435,0.995489090681076,46.399088859558105,14.68353196978569,0.0015133321285247803,0.0015133321285247803,0.7506282106041908,0.34741061506792903,0.0002072498970332279
415,0.0031290639793345085,0.7416675025597215,0.6197669603861868,0.8010610928758979,0.7149289310909808,0.7416670457459986,0.9953198730945587,49.47845387458801,15.832028329372406,0.0014218688011169434,0.0014218688011169434,0.7357962336391211,0.3263942813500762,0.00020510469519309334
416,0.0032672523935395998,0.7529816552996635,0.6299050888046622,0.8116889037191868,0.7409919700585306,0.7529811942949891,0.9955834746360779,45.9962877035141,13.398389741778374,0.0015361607074737549,0.0015361607074737549,0.7560964692384005,0.336776630487293,0.00020295699742231397
417,0.003377374084348875,0.7395894099026918,0.6146937529556453,0.7612218149006367,0.7477999033872038,0.7395889344625175,0.9952113330364227,47.21428221464157,15.755411982536316,0.0018822848796844482,0.0018822848796844482,0.7398063133005053,0.31322177592664957,0.0002008067714001198
418,0.003361315491157725,0.758270775899291,0.6336926277726889,0.8237226586788893,0.7282073348760605,0.7582703083753586,0.9955413341522217,43.06685855984688,15.188736759126186,0.0012934207916259766,0.0012934207916259766,0.7634521052241325,0.3400615535210818,0.0001986539839971847
419,0.0032348772581440935,0.7471736134029925,0.6240764313843101,0.8203751798719168,0.7185229607857764,0.7471731626428664,0.9954916834831238,45.76725387573242,13.42797165364027,0.0012955963611602783,0.0012955963611602783,0.7471848325803876,0.3377261506393552,0.00019649860124540636
420,0.0031498855025733283,0.7512835767120123,0.6222618194296956,0.8250720389187336,0.7193882511928678,0.7512831352651119,0.9954546988010406,33.582859218120575,16.651791021227837,0.0013363063335418701,0.0013363063335418701,0.7570037413388491,0.3233234325889498,0.00019434058830617405
421,0.0038202389983008757,0.7522200820967555,0.6266520554199815,0.8020833991467953,0.7402799958363175,0.7522196089848876,0.9956167340278625,46.5534970164299,15.195584148168564,0.001437157392501831,0.001437157392501831,0.7594673028215766,0.31421877164393663,0.00019217990943702903
422,0.00322044511223353,0.7521757138893008,0.6277702203951776,0.8033112417906523,0.7301814081147313,0.7521752510219812,0.995426207780838,49.705208480358124,15.962869890034199,0.001515895128250122,0.001515895128250122,0.7491704430431128,0.33830989920534194,0.00019001652795661513
423,0.003129743151613652,0.7546358546242118,0.6309155751951039,0.8205712214112282,0.7287247469648719,0.7546353936195374,0.9955155849456787,45.2260245680809,12.816606670618057,0.0012987256050109863,0.0012987256050109863,0.7603041529655457,0.34477416751906276,0.0001878504062078088
424,0.0033238531534814024,0.7532336809672415,0.632224646396935,0.8149533569812775,0.7272760085761547,0.7532332022674382,0.9955889880657196,46.44603917002678,15.243735320866108,0.0012780725955963135,0.0012780725955963135,0.755565335508436,0.3460423140786588,0.00018568150551890957
425,0.00309373443561719,0.7534999987110496,0.625724894925952,0.8215567879378796,0.7254633018746972,0.75349953584373,0.9954665005207062,45.942001074552536,13.38131582736969,0.0013242065906524658,0.0013242065906524658,0.7539420602843165,0.33175840484909713,0.00018350978616276273
426,0.003143914571300036,0.7490251837298274,0.6274956960696727,0.8169677816331387,0.7260791696608067,0.749024759978056,0.9955613315105438,45.25180193781853,13.245259180665016,0.001306295394897461,0.001306295394897461,0.7458248278126121,0.3365181884728372,0.00018133520731367455
427,0.0030970779039445474,0.7565690483897924,0.6323726521804929,0.8059246316552162,0.741803340613842,0.7565685911104083,0.995501697063446,46.3801072537899,15.37653149664402,0.0014760792255401611,0.0014760792255401611,0.7533219074830413,0.3464202666655183,0.00017915772700197077
428,0.003099867990275732,0.7560755470767617,0.6332330564036965,0.8110841270536184,0.7355280704796314,0.7560750804841518,0.9955538213253021,45.97989684343338,15.192971244454384,0.0013944804668426514,0.0013944804668426514,0.7581773567944765,0.3397095366381109,0.000176977302066035
429,0.003113990289751779,0.7503116512671113,0.6266999999061227,0.8127033058553934,0.7210809937678277,0.7503111902624369,0.9955216646194458,46.07274356484413,15.325327515602112,0.0012896358966827393,0.0012896358966827393,0.7391978250816464,0.328185620252043,0.00017479388810165137
430,0.0030820211095763652,0.7646127603948116,0.6376367062330246,0.8287871181964874,0.7322634682059288,0.7646122835576534,0.9955496490001678,46.35877466201782,14.81075494736433,0.001293569803237915,0.001293569803237915,0.7568306718021631,0.3409685497172177,0.00017260743940845976
431,0.0030260045349485044,0.7654146309942007,0.6397632239386439,0.8294846694916487,0.7337370682507753,0.7654141876846552,0.9955805838108063,46.45263209939003,15.352792747318745,0.0012841224670410156,0.0012841224670410156,0.7634725701063871,0.3421724303625524,0.00017041790893331673
432,0.003033289989230759,0.7588253747671843,0.6353798401542008,0.8151919692754745,0.7403461812064052,0.7588249249383807,0.9956196844577789,47.068423718214035,15.163002714514732,0.0014063715934753418,0.0014063715934753418,0.7576303463429213,0.34598092222586274,0.00016822524821033595
433,0.003107666233766147,0.7432476915419102,0.619622289435938,0.8048706520348787,0.7185924996156245,0.7432472412474453,0.9954930543899536,46.810407519340515,15.55613386631012,0.0013153254985809326,0.0013153254985809326,0.7409492894075811,0.32042537489905953,0.00016602940729736244
434,0.0030907145683710096,0.7646378120407462,0.6424942137673497,0.8263647202402353,0.7414250029250979,0.764637359417975,0.9956453144550323,48.9585767686367,14.887651070952415,0.0012765228748321533,0.0012765228748321533,0.7584399301558733,0.35876162676140666,0.00016383033470861356
435,0.0030466211813318573,0.765658313408494,0.6390002807602286,0.8192673958837986,0.7468638569116592,0.7656578384339809,0.9956705272197723,46.21145603060722,15.063256964087486,0.0014235079288482666,0.0014235079288482666,0.7637868858873844,0.3339289096184075,0.0001616279773431937
436,0.0031163434058808807,0.7440477577038109,0.6229273797944188,0.8157529328018427,0.7159047732129693,0.7440472999587655,0.995502233505249,46.309751868247986,15.07553892582655,0.0013373196125030518,0.0013373196125030518,0.7400885201059282,0.33679829188622534,0.00015942228040916463
437,0.0031786553850961905,0.754312651231885,0.6336396364495158,0.7867679391056299,0.7521372409537435,0.7543121930211782,0.9955078065395355,46.240274131298065,15.34508877247572,0.0016452670097351074,0.0016452670097351074,0.7512405752204359,0.33839835808612406,0.00015721318734282117
438,0.0030859135131873754,0.7451327377930284,0.622947538155131,0.7994305472820997,0.7202738297637552,0.7451322774868459,0.9955204427242279,46.84192603826523,15.81802036613226,0.0014274120330810547,0.0014274120330810547,0.7452228260226548,0.32948376471176744,0.0001550006397227912
439,0.0031642563337685933,0.7470196487847716,0.6280431809136644,0.8077834146097302,0.7187785599380732,0.7470191814936697,0.9955438673496246,46.39254254102707,15.518180206418037,0.001249074935913086,0.001249074935913086,0.738508680369705,0.3412390826269984,0.0001527845771785392
440,0.00295212225120684,0.7482920838519931,0.6249004965648055,0.8042223677039146,0.7279282459057868,0.7482916032895446,0.9953861236572266,49.29963955283165,15.46653888374567,0.0014827549457550049,0.0014827549457550049,0.7395440405234694,0.3310339010786265,0.00015056493729281325
441,0.0030280662996863775,0.7423694143071771,0.6157692321576178,0.7802918385714293,0.7395777152851224,0.7423689551651478,0.9951359927654266,49.6395705640316,17.933231003582478,0.0018838346004486084,0.0018838346004486084,0.7377843791618943,0.33509309217333794,0.00014834165549752873
442,0.0031160417658446186,0.7690810915082693,0.6395697761327028,0.8337800111621618,0.7411676906049252,0.7690806351602077,0.9956482350826263,47.12525895237923,15.09062760323286,0.0013158917427062988,0.0013158917427062988,0.761130066588521,0.3275971277616918,0.0001461146649625295
443,0.0030017083124469286,0.742263023275882,0.6219505605986342,0.8063690764829516,0.7134179971180856,0.7422625652980059,0.9955159723758698,59.895732402801514,15.522980980575085,0.001226186752319336,0.001226186752319336,0.7378786550834775,0.3315500949975103,0.00014388389647661083
444,0.0029780453884141575,0.7428684630431235,0.6212851633317769,0.8212919998914003,0.7170359599404037,0.742868022993207,0.9954288303852081,45.95414745807648,13.318199582397938,0.0012933015823364258,0.0012933015823364258,0.7323630172759295,0.33126942883245647,0.0001416492783201228
445,0.002967502287708957,0.7638363931328058,0.6385599197819829,0.8101565688848495,0.752544330433011,0.7638359367847443,0.9955458343029022,46.43912607431412,15.651524394750595,0.0015523433685302734,0.0015523433685302734,0.7548578716814518,0.3454146506264806,0.00013941073612839947
446,0.003145983679022527,0.7461509862914681,0.6223951913416386,0.7959267608821392,0.7384149096906185,0.7461505243554711,0.9953308701515198,45.960918337106705,15.81729181110859,0.0017896294593811035,0.0017896294593811035,0.748402982018888,0.32720571104437113,0.0001371681927451782
447,0.00313092745967548,0.7470110142603517,0.6267592653166503,0.7962169591337442,0.7313771317712963,0.7470105425454676,0.9954482018947601,46.23951455950737,15.573400422930717,0.0014824271202087402,0.0014824271202087402,0.7393931322731078,0.32804297911934555,0.0001349215680650786
448,0.0029764812541984475,0.7464052187278867,0.6229055756703019,0.8144808672368526,0.7227648999541998,0.7464047642424703,0.9954420328140259,46.60779917240143,15.029999479651451,0.0013980865478515625,0.0013980865478515625,0.7402823967859149,0.3303606740664691,0.0001326707788641081
449,0.0030553015548679414,0.7478909278288484,0.6231126682832837,0.8177771251648664,0.7283299891278148,0.7478904807940125,0.9954938292503357,46.84253662824631,14.52067568898201,0.0013899505138397217,0.0013899505138397217,0.7431397847831249,0.32726764399558306,0.00013041573861703878
450,0.0030079299467615783,0.7711970135569572,0.6420341767370701,0.8004512470215559,0.7696592081338167,0.7711965497583151,0.9954998195171356,49.57222560048103,15.799136377871037,0.001809537410736084,0.001809537410736084,0.7631940264254808,0.33255529357120395,0.00012815635730036785
451,0.003183835205466797,0.7588719818741083,0.6384897008538246,0.7962814662605524,0.7515342058613896,0.7588715190067887,0.9955279231071472,49.1782945394516,15.745072908699512,0.0016475915908813477,0.0016475915908813477,0.751718639396131,0.35207255696877837,0.00012589254117941672
452,0.0029711622504912543,0.7671726197004318,0.6421493990346789,0.8201223704963923,0.7501526139676571,0.7671721633523703,0.9956099987030029,45.8446004986763,14.803779289126396,0.0014674067497253418,0.0014674067497253418,0.7610386963933706,0.3403376922942698,0.0001236241925779498
453,0.002969753440772889,0.7538911867886782,0.6274174693971872,0.8137825019657612,0.733501254580915,0.7538907201960683,0.9954562485218048,46.45451670885086,14.875262692570686,0.0014728903770446777,0.0014728903770446777,0.7437494788318872,0.3279070523567498,0.00012135120962849047
454,0.0029697335610928185,0.7506095170974731,0.628646151162684,0.8180662225931883,0.7207891093567014,0.7506090439856052,0.9954871833324432,46.303162693977356,15.393372602760792,0.0012829601764678955,0.0012829601764678955,0.7390233809128404,0.34705192293040454,0.00011907348600128
455,0.0029061577224638313,0.7648715544492006,0.6397826988250017,0.8128479961305857,0.7437790557742119,0.7648710776120424,0.9955388307571411,46.821898341178894,15.387078039348125,0.0014701485633850098,0.0014701485633850098,0.747869485989213,0.3408845132216811,0.00011679091060955954
456,0.002886770105264573,0.7513537043705583,0.6293544215150177,0.8179072793573141,0.7209317730739713,0.7513532331213355,0.9955891072750092,46.52508932352066,15.447068877518177,0.0012782514095306396,0.0012782514095306396,0.7397331660613418,0.3400060199201107,0.00011450336728854525
457,0.0029539078091285332,0.7422088487073779,0.6182929761707783,0.8025524728000164,0.7159317806363106,0.7422083793208003,0.9953689277172089,47.07904013991356,15.670853942632675,0.0013961195945739746,0.0013961195945739746,0.7292397487908602,0.32746989326551557,0.00011221073444511076
458,0.0030101798633536832,0.7459351848810911,0.6195759978145361,0.821101127192378,0.7155012879520655,0.7459347303956747,0.9953545033931732,46.68115508556366,17.327221415936947,0.0013704299926757812,0.0013704299926757812,0.7391470111906528,0.32170444121584296,0.00010991288467477625
459,0.0030344663766410313,0.7533030789345503,0.6235643606632948,0.8086835648864508,0.7339832680299878,0.7533026188611984,0.9953491985797882,46.29176923632622,17.28877730667591,0.0015006065368652344,0.0015006065368652344,0.7384658753871918,0.32292551547288895,0.00010760968434212009
460,0.0029758890662130648,0.751753737218678,0.6263314606621861,0.8103348612785339,0.7323752576485276,0.7517532724887133,0.9954576790332794,45.93522197008133,14.92905144393444,0.0014407634735107422,0.0014407634735107422,0.743046055547893,0.3234968844335526,0.00010530099312016371
461,0.0029608264175652894,0.7553005032241344,0.628235294483602,0.7978492081165314,0.744288569316268,0.755300035700202,0.9952925145626068,63.12604379653931,18.541903235018253,0.0018175840377807617,0.0018175840377807617,0.7452879026532173,0.3396804053336382,0.00010298666348361787
462,0.0029756857565547707,0.7488521672785282,0.6244500293396413,0.8019650876522064,0.7330168001353741,0.7488517183810472,0.9954557716846466,46.984804570674896,17.65325430035591,0.0015429556369781494,0.0015429556369781494,0.7388461595401168,0.33282139198854566,0.00010066654015009615
463,0.0028733675946679077,0.7479604547843337,0.6220570728182793,0.8271541055291891,0.7139426665380597,0.7479600114747882,0.9954030811786652,46.07675379514694,13.1561299264431,0.0012966692447662354,0.0012966692447662354,0.7322614565491676,0.324411952868104,9.834045946247941e-05
464,0.002886151420446395,0.7618121076375246,0.637900092639029,0.814186230301857,0.7433367278426886,0.7618116419762373,0.995530903339386,46.492399513721466,15.166243277490139,0.001488417387008667,0.001488417387008667,0.7498263791203499,0.3560103517957032,9.600824870451702e-05
465,0.0029207310969165214,0.7579695824533701,0.6322308536618948,0.8280504830181599,0.7302118632942438,0.7579691354185343,0.9955775439739227,46.30051106214523,14.709416463971138,0.00131148099899292,0.00131148099899292,0.7477533835917711,0.3346655131317675,9.366972534044407e-05
466,0.0028604516860055314,0.7663273196667433,0.6406741309911013,0.8160280808806419,0.7489358307793736,0.7663268521428108,0.9955936670303345,46.32781592011452,15.032336741685867,0.0014744699001312256,0.0014744699001312256,0.7531846016645432,0.3494033426977694,9.132469616782773e-05
467,0.0028285617149914756,0.7575746942311525,0.6326859099790454,0.8154143784195185,0.7371637150645256,0.757574220187962,0.9955156743526459,46.50752520561218,15.00503920763731,0.0014509260654449463,0.0014509260654449463,0.7449057912454009,0.34083917853422463,8.897295637097126e-05
468,0.002804833527823741,0.7488958444446325,0.6234454168006778,0.8136327005922794,0.725188828073442,0.7488953750580549,0.9954209625720978,46.33567076921463,15.002290725708008,0.0013872087001800537,0.0013872087001800537,0.7382760094478726,0.3336066745687276,8.661428845992607e-05
469,0.0029106393384140438,0.758276080712676,0.6314417188987136,0.8325085882097483,0.7278792252764106,0.7582756206393242,0.9955978095531464,47.13029855489731,15.977558329701424,0.00132027268409729,0.00132027268409729,0.7527671847492456,0.33739833626896143,8.424846107739114e-05
470,0.002915523992145829,0.761632177978754,0.6341975890100002,0.8107906021177769,0.7460033763200045,0.7616317179054022,0.9955773651599884,46.2567942738533,17.35989622026682,0.001540154218673706,0.001540154218673706,0.7518092058598995,0.3358535273000598,8.18752276523933e-05
471,0.0028335021854604056,0.7493388215079904,0.6244572498835623,0.8204883169382811,0.7211936819367111,0.7493383698165417,0.9954938888549805,46.31265679001808,14.83797900378704,0.001283794641494751,0.001283794641494751,0.7373579004779458,0.32746210554614663,7.949432487547622e-05
472,0.002810701702291033,0.7568620499223471,0.6316479044035077,0.8167211711406708,0.7367891231551766,0.7568615935742855,0.9955631196498871,45.57839947938919,14.922342270612717,0.0014210045337677002,0.0014210045337677002,0.7462972812354565,0.3342926469631493,7.710547096497543e-05
473,0.002844523485030302,0.7598240729421377,0.6319468263536692,0.8207248076796532,0.7377620572224259,0.7598235998302698,0.9955425560474396,45.79618448019028,15.370599001646042,0.0014031529426574707,0.0014031529426574707,0.7479388080537319,0.331062167417258,7.470836368753417e-05
474,0.0029904754209741386,0.7480643074959517,0.6258259122259915,0.8179176319390535,0.7186061055399477,0.7480638548731804,0.9954645931720734,46.22270134091377,14.949701197445393,0.00133591890335083,0.00133591890335083,0.7367673739790916,0.3411871404387057,7.23026780879678e-05
475,0.002840036535141707,0.7557821497321129,0.6309772492386401,0.8002140279859304,0.7450087666511536,0.7557816775515676,0.9954783618450165,46.30561736226082,16.8334247097373,0.0015811920166015625,0.0015811920166015625,0.7448130128905177,0.33412395091727376,6.988806387340599e-05
476,0.002801930295501017,0.7642341870814562,0.6363058108836412,0.8109312783926725,0.7486450616270304,0.7642337139695883,0.9955190420150757,46.449313282966614,16.78207078576088,0.0015242993831634521,0.0015242993831634521,0.7496616318821907,0.3412713799625635,6.746414238367822e-05
477,0.002787354467507226,0.7551834993064404,0.6308758016675711,0.8161423020064831,0.7339961780235171,0.7551830383017659,0.9955374598503113,46.37730115652084,15.121684454381466,0.0013977289199829102,0.0013977289199829102,0.7413972914218903,0.3381800535134971,6.503050306324746e-05
478,0.0028220969208191627,0.7479519154876471,0.6266738336998969,0.7988516166806221,0.7304716194048524,0.7479514572769403,0.9954456686973572,47.36721459031105,15.819102622568607,0.0014643967151641846,0.0014643967151641846,0.7340096714906394,0.3452984399627894,6.258669932838723e-05
479,0.0028515169591022036,0.7499652160331607,0.6253800522536039,0.8115813136100769,0.7270605675876141,0.7499647568911314,0.9954909682273865,46.56193244457245,15.576846472918987,0.0013973712921142578,0.0013973712921142578,0.7373706353828311,0.32745358534157276,6.01322436949885e-05
480,0.0028258289905462525,0.7482917746528983,0.6252052090130746,0.8069537077099085,0.7285753367468715,0.7482913145795465,0.9954635798931122,46.24129408597946,16.964587576687336,0.0014530718326568604,0.0014530718326568604,0.7360930936411023,0.3392961542122066,5.7666601994895854e-05
481,0.0027657366123149227,0.7524804342538118,0.629492187872529,0.8187070470303297,0.7284081261605024,0.752479967661202,0.9954918920993805,46.347337543964386,16.942235685884953,0.0013937056064605713,0.0013937056064605713,0.7388199670240283,0.34432727145031095,5.518918645844863e-05
482,0.0027866263020162783,0.7498014774173498,0.627181374002248,0.8063398208469152,0.7301241084933281,0.7498010108247399,0.9954739511013031,46.584310591220856,15.402797348797321,0.0014509260654449463,0.0014509260654449463,0.7366070384159684,0.3431672118604183,5.2699347372755836e-05
483,0.0028561584847259587,0.7488414607942104,0.6262227511033416,0.8042835760861635,0.7296749129891396,0.7488410044461489,0.9954450726509094,47.59394580125809,15.25076910853386,0.0014611482620239258,0.0014611482620239258,0.7343647452071309,0.33375215250998735,5.019636293147572e-05
484,0.002772446047994449,0.752669133245945,0.6305341343395412,0.8130093105137348,0.7311673383228481,0.7526686824858189,0.9954876899719238,47.41945320367813,15.371708542108536,0.0014213323593139648,0.0014213323593139648,0.7382470779120922,0.3441554056480527,4.767942676090328e-05
485,0.002758215880021453,0.7493438124656677,0.6254124883562326,0.8117919601500034,0.72706184303388,0.749343341216445,0.995465487241745,47.34339398145676,17.268111430108547,0.001403898000717163,0.001403898000717163,0.7359067155048251,0.3329012030735612,4.5147632421134877e-05
486,0.002768536894688044,0.7518698759377003,0.6289769024588168,0.8094442188739777,0.7338557308539748,0.7518694279715419,0.9954917132854462,47.27817243337631,17.145351231098175,0.0014503896236419678,0.0014503896236419678,0.7393531184643507,0.3434636169113219,4.259995391188707e-05
487,0.0027686229167915317,0.7500725444406271,0.6280930396169424,0.8033689949661493,0.7325713569298387,0.7500720955431461,0.9954557716846466,47.53705304861069,15.50182905048132,0.0014698803424835205,0.0014698803424835205,0.7354854843579233,0.33623834419995546,4.003522081490459e-05
488,0.00280360922580726,0.7482585022225976,0.6246192795224488,0.8064213767647743,0.7281540352851152,0.7482580468058586,0.9954049587249756,47.1359948515892,15.093807362020016,0.0014866888523101807,0.0014866888523101807,0.7339208694174886,0.33410468231886625,3.745208610377897e-05
489,0.0027605246551419523,0.7479250775650144,0.6243321509100497,0.8164390046149492,0.7229545055888593,0.7479246221482754,0.9954279661178589,47.09117132425308,14.773825861513615,0.0013813376426696777,0.0013813376426696777,0.7325020786374807,0.3351239536423236,3.484898371928687e-05
490,0.002767624367014364,0.7496886784210801,0.6258461372926831,0.8127204328775406,0.7273187385872006,0.749688227660954,0.9954453706741333,47.170667707920074,14.917111478745937,0.0014285147190093994,0.0014285147190093994,0.7336667217314243,0.32912709563970566,3.2224071517527e-05
491,0.002777145917096994,0.7506257733330131,0.6268774927593768,0.8138436526060104,0.7276617190800607,0.7506253067404032,0.9954638183116913,47.24754184484482,14.877298310399055,0.001414954662322998,0.001414954662322998,0.7358036180958152,0.33007691451348364,2.9575152732566297e-05
492,0.002814291766491916,0.7502795476466417,0.6270212815143168,0.8042282741516829,0.7350107212550938,0.7502790912985802,0.995437502861023,47.22926336526871,15.198900677263737,0.0015004873275756836,0.0015004873275756836,0.7349207904189825,0.33492723922245204,2.6899564852898082e-05
493,0.0027912194844137766,0.7469659289345145,0.6242081020027399,0.8074181135743856,0.7262516096234322,0.746965492144227,0.9953882396221161,47.04072231054306,15.07989639788866,0.0014608800411224365,0.0014608800411224365,0.7295848298817873,0.32720507495105267,2.419401716265777e-05
494,0.0027872392445605137,0.7534851925447583,0.6305774319916964,0.8095901869237423,0.7365594883449376,0.7534847185015678,0.9954732060432434,47.15934091806412,17.040907241404057,0.001504659652709961,0.001504659652709961,0.7402840126305819,0.3369776264298707,2.1454343618097682e-05
495,0.0027565250197905257,0.7504265764728189,0.627751144580543,0.8098665997385979,0.7308878619223833,0.7504261247813702,0.9954401850700378,47.13321256637573,16.996656894683838,0.001469045877456665,0.001469045877456665,0.734881347976625,0.33580016321502626,1.86751079733455e-05
496,0.002728322921250241,0.7527585849165916,0.6302585643716156,0.8091005217283964,0.7339521208778024,0.7527581183239818,0.9954596757888794,47.14421993494034,16.991266325116158,0.0014713108539581299,0.0014713108539581299,0.7363862115889788,0.34124134108424187,1.5848931924611145e-05
497,0.0027465242804310314,0.7529340228065848,0.6296686199493706,0.8107700757682323,0.7336559616960585,0.7529335748404264,0.995469480752945,47.21249693632126,16.889293275773525,0.001459956169128418,0.001459956169128418,0.7376369955018163,0.3404070334509015,1.2965252773542109e-05
498,0.00276888376295877,0.7522273128852248,0.6286062845028937,0.8088645841926336,0.7342532849870622,0.7522268481552601,0.9954566657543182,47.20286422967911,16.746761240065098,0.0014875233173370361,0.0014875233173370361,0.7376865455880761,0.3352497639134526,1.0007742567915822e-05
499,0.0027695431269945184,0.7507051816210151,0.6272466322407126,0.8117140624672174,0.7300599771551788,0.7507047215476632,0.995457798242569,47.188630282878876,14.942916505038738,0.0014446377754211426,0.0014446377754211426,0.7358709117397666,0.3350391255225986,6.947906928878752e-06
500,0.002707887699326613,0.7508006040006876,0.627461769618094,0.8099872563034296,0.7311831125989556,0.7508001513779163,0.9954542815685272,47.20075660943985,14.977694243192673,0.0014590919017791748,0.0014590919017791748,0.7355476934462786,0.3351070696953684,3.7232911332721414e-06
