epoch,train_loss,val_dice,val_iou,val_precision,val_recall,val_f1,val_accuracy,val_hausdorff,val_hausdorff_95,val_fp_per_volume,val_fp_per_image,val_ap,val_mAP,lr
1,0.662847846031189,0.3219407759606838,0.20333781302906573,0.23155525024048984,0.6091415686532855,0.3219404104165733,0.9804747104644775,219.0081114768982,98.80448794364929,0.016605615615844727,0.016605615615844727,0.26736059901304543,0.0,0.0002
2,0.5311161533594132,0.45911691896761225,0.3175557274385767,0.3506710794771236,0.7566786874181833,0.4591165576130157,0.9866434633731842,241.11109352111816,116.72935584187508,0.011270105838775635,0.011270105838775635,0.5336544338788372,0.049112367210909724,0.0004
3,0.4095123713612556,0.4706994993637377,0.3343117265055948,0.3648396339301653,0.7637825030929651,0.4706991277635108,0.9869996607303619,218.55102252960205,66.34700393676758,0.010968923568725586,0.010968923568725586,0.44645244209095836,0.05673705879598856,0.0006
4,0.34304406541585925,0.48082104511756646,0.3361242366974448,0.376926818865045,0.746476026261529,0.48082065768539983,0.9881640374660492,103.46173632144928,70.58472621440887,0.009600669145584106,0.009600669145584106,0.45444074807164725,0.030355571303516626,0.0008
5,0.3080488241314888,0.5412339157110182,0.4011596558448218,0.5052818146823483,0.631569079187102,0.5412334657921747,0.9919930100440979,86.27701658010483,34.00263004004955,0.004646360874176025,0.004646360874176025,0.44844927924350486,0.07926423754543066,0.001
6,0.2997093155682087,0.6206606347147765,0.4792579272795858,0.5484020309575146,0.7698573544717636,0.6206602249294535,0.9936808943748474,83.10833141207695,27.862467229366302,0.004545241594314575,0.004545241594314575,0.5726829102649162,0.1434130473062396,0.0009909954834128342
7,0.2565406883060932,0.6171636176295578,0.4756863280199468,0.6758841602131724,0.6097971121780574,0.617163157556206,0.9943569600582123,111.0739093720913,36.55253228545189,0.001904606819152832,0.001904606819152832,0.5673089417396113,0.13090648921206594,0.000989193491307027
8,0.233293072193861,0.715399531647563,0.5701181013137102,0.6132915150374174,0.9129593595862389,0.7153990939259529,0.9950706362724304,73.38669043779373,10.774391174316406,0.004015058279037476,0.004015058279037476,0.7279409188777208,0.25722976261749864,0.000987391134388305
9,0.19350805765390397,0.7405458576977253,0.6109078610315919,0.7587238512933254,0.7498310673981905,0.7405453845858574,0.9958033561706543,94.04419288039207,10.93950341641903,0.0014959871768951416,0.0014959871768951416,0.6837441809475422,0.2843294315971434,0.0009855884118426005
10,0.1727184739112854,0.7548432387411594,0.6150216367095709,0.6443499494343996,0.9415059871971607,0.7548427805304527,0.9957077205181122,59.85606959462166,5.486306056380272,0.003712892532348633,0.003712892532348633,0.7337326593697071,0.2918977867811918,0.0009837853228523705
11,0.1437129514813423,0.793614698573947,0.6659929044544697,0.7869464941322803,0.8176649939268827,0.7936142105609179,0.9964711964130402,70.51637625694275,17.85753244161606,0.0016807615756988525,0.0016807615756988525,0.7423389442265034,0.32911314629018307,0.0009819818665965754
12,0.13870073127746582,0.8135948516428471,0.6910971067845821,0.7585271000862122,0.8933767043054104,0.8135943785309792,0.9967553913593292,56.731468975543976,3.988365039229393,0.0021053850650787354,0.0021053850650787354,0.7705203909426928,0.38076252210885286,0.0009801780422506556
13,0.13480073727667333,0.7958124168217182,0.6672534365206957,0.7223547361791134,0.9050071202218533,0.7958119288086891,0.9964196085929871,59.915488839149475,3.77923534065485,0.0025442540645599365,0.0025442540645599365,0.7495443765074015,0.34321846067905426,0.0009783738489865113
14,0.11594209976494313,0.8205091208219528,0.7011274620890617,0.7680678777396679,0.8975563384592533,0.8205086253583431,0.9969265162944794,67.18593856692314,3.814995728433132,0.0021693408489227295,0.0021693408489227295,0.7695214599370956,0.37965306593105197,0.000976569285972478
15,0.10815753914415836,0.8424546793103218,0.732872499153018,0.8096726313233376,0.8868574537336826,0.8424542024731636,0.9972729086875916,55.3100084066391,2.793981984257698,0.001602470874786377,0.001602470874786377,0.8004477005451918,0.4399577919393778,0.0009747643523733044
16,0.11364432109892368,0.8399520367383957,0.7271954417228699,0.8313537053763866,0.8627814687788486,0.8399515636265278,0.9973702728748322,60.109183847904205,2.707639627158642,0.0015466809272766113,0.0015466809272766113,0.7947192713618279,0.429797344841063,0.0009729590473501306
17,0.10347595237195492,0.8390524089336395,0.7263731099665165,0.8664378188550472,0.8207863122224808,0.8390519097447395,0.9973489344120026,54.84227380156517,2.3751064389944077,0.0010989010334014893,0.0010989010334014893,0.7883856035768986,0.42986586643382907,0.0009711533700604632
18,0.09698353554308414,0.8549385219812393,0.748579166829586,0.8157209046185017,0.9072071276605129,0.8549380414187908,0.9975257813930511,54.473436906933784,2.158082790672779,0.0017238259315490723,0.0017238259315490723,0.8111795522272587,0.4648319762200117,0.0009693473196581535
19,0.08861033479869365,0.8694748505949974,0.7721060290932655,0.8667827360332012,0.8792338222265244,0.8694743737578392,0.9978344440460205,52.9194401204586,1.99688221514225,0.0010531246662139893,0.0010531246662139893,0.8406913541257381,0.5380428852513433,0.0009675408952933734
20,0.08873269021511078,0.863937970250845,0.7620266936719418,0.8484294712543488,0.8865236267447472,0.8639374896883965,0.9976794123649597,54.62936383485794,2.1233882308006287,0.001311957836151123,0.001311957836151123,0.833569411188364,0.5062621049582958,0.0009657340961125918
21,0.08680791921913623,0.8447166010737419,0.7331902757287025,0.7908552400767803,0.9142621122300625,0.8447161391377449,0.9973228573799133,55.56741754710674,2.482986405491829,0.001985400915145874,0.001985400915145874,0.7954558804631233,0.4308012677356601,0.0009639269212585509
22,0.08599714648723603,0.8691435754299164,0.7714960612356663,0.8471131026744843,0.8962814956903458,0.8691430911421776,0.9976490437984467,52.958196103572845,1.9284463003277779,0.0013692080974578857,0.0013692080974578857,0.8297517113387585,0.5222804467193782,0.0009621193698702417
23,0.08293255092203618,0.8536261506378651,0.7467571273446083,0.8163379654288292,0.9019998125731945,0.8536256738007069,0.9974101483821869,54.21983979642391,2.2964062318205833,0.001704573631286621,0.001704573631286621,0.8064917586743832,0.4561789655126631,0.0009603114410828803
24,0.09307857158780097,0.8441178873181343,0.7341081351041794,0.780854906886816,0.9310469329357147,0.8441174179315567,0.997223287820816,56.586646258831024,3.2253303676843643,0.0022464990615844727,0.0022464990615844727,0.8029982522130013,0.445855260360986,0.0009585031340278833
25,0.08293523040413857,0.8783505968749523,0.7844492830336094,0.8634657114744186,0.8992183320224285,0.8783501125872135,0.9979465305805206,54.45638084411621,2.0494528487324715,0.0012643635272979736,0.0012643635272979736,0.8482455499470234,0.5326662920415401,0.0009566944478328421
26,0.07863284648954869,0.8552139289677143,0.7503560855984688,0.790120292454958,0.9411211088299751,0.8552134670317173,0.9974453449249268,57.99761751294136,3.9354192465543747,0.0020643770694732666,0.0020643770694732666,0.8102340288460255,0.49359242990612984,0.0009548853816214997
27,0.07727762275934219,0.8391403798013926,0.7406690698117018,0.8099176799878478,0.9037903174757957,0.8391399085521698,0.9972228109836578,54.801868468523026,6.952519088983536,0.002029120922088623,0.002029120922088623,0.7954748934134841,0.48434597067534924,0.0009530759345137246
28,0.0797548186480999,0.8397873006761074,0.7271635681390762,0.7661748714745045,0.9381548203527927,0.8397868387401104,0.9972835183143616,66.95049911737442,12.154470711946487,0.0021912753582000732,0.0021912753582000732,0.787188220769167,0.43071355298161507,0.0009512661056254851
29,0.08360854272544384,0.8779257163405418,0.7839273847639561,0.8827469758689404,0.8794266320765018,0.8779252395033836,0.9980083703994751,53.175372406840324,1.8647431209683418,0.0009527206420898438,0.0009527206420898438,0.837489403784275,0.5278932172805071,0.0009494558940688246
30,0.07215706700086594,0.873090110719204,0.7766461223363876,0.859796829521656,0.8908247649669647,0.8730896413326263,0.9978191256523132,54.494790464639664,2.0325806364417076,0.0012284517288208008,0.0012284517288208008,0.8260507434606552,0.5066830422729254,0.0009476452989518352
31,0.07390121179819108,0.8464483059942722,0.7377029769122601,0.7676041796803474,0.9532484710216522,0.8464478217065334,0.9972441792488098,58.44622457027435,4.051843479275703,0.002371072769165039,0.002371072769165039,0.7976242825388908,0.46279762499034405,0.000945834319378632
32,0.07122587203979493,0.8752119541168213,0.7808629497885704,0.8346650451421738,0.9262012653052807,0.8752114735543728,0.997724860906601,54.9305801987648,2.2899065613746643,0.001660764217376709,0.001660764217376709,0.8329364322125912,0.5299502164125443,0.000944022954449327
33,0.06927779027819633,0.8731553368270397,0.7768934220075607,0.8474933467805386,0.9080136530101299,0.8731548599898815,0.9978452920913696,56.55427822470665,2.9159206598997116,0.0014074146747589111,0.0014074146747589111,0.831088799983263,0.5311893317848444,0.0009422112032600019
34,0.0692982472628355,0.8635161481797695,0.7617395333945751,0.8394704684615135,0.8948390074074268,0.8635156825184822,0.9976731240749359,48.8167122900486,6.400025799870491,0.0014009475708007812,0.0014009475708007812,0.8131939768791199,0.488509064540267,0.0009403990649026824
35,0.07705665230751038,0.8754281401634216,0.7840108815580606,0.8699779026210308,0.8919644467532635,0.8754276782274246,0.997785896062851,64.02321046590805,10.302754513919353,0.0013165473937988281,0.0013165473937988281,0.845167875289917,0.5556315872818232,0.0009385865384653104
36,0.06684741193056107,0.8766671419143677,0.7824338972568512,0.8435396924614906,0.9189094454050064,0.8766666762530804,0.997779905796051,54.44491642713547,2.4267467111349106,0.001560121774673462,0.001560121774673462,0.8312218002974987,0.5302459225058556,0.0009367736230317175
37,0.06561410181224346,0.884438369423151,0.7940821312367916,0.8797324597835541,0.8955987319350243,0.8844378888607025,0.9980470836162567,61.60348363220692,1.7876912131905556,0.0011380016803741455,0.0011380016803741455,0.8424037359654903,0.5516046900302172,0.0009349603176815974
38,0.06946725826710462,0.849171657115221,0.7440780159085989,0.7773400899022818,0.9501723125576973,0.8491711877286434,0.9974711835384369,68.82836601138115,14.978690303862095,0.0021182596683502197,0.0021182596683502197,0.8004004433751106,0.4723184425383806,0.0009331466214904777
39,0.06698345494270325,0.862104058265686,0.7593084871768951,0.888382401317358,0.8425172567367554,0.8621035739779472,0.9977746605873108,64.39652341604233,3.2188805788755417,0.0009647011756896973,0.0009647011756896973,0.8203799910843372,0.4984594825655222,0.0009313325335296929
40,0.07192089109122753,0.8828983269631863,0.7921792380511761,0.8469601832330227,0.9281658343970776,0.8828978464007378,0.9979314506053925,54.65006384253502,1.885598935186863,0.0015192627906799316,0.0015192627906799316,0.8372126072645187,0.5510694645345211,0.0009295180528663554
41,0.06386848665773869,0.881460752338171,0.7896709367632866,0.8427181206643581,0.9298530258238316,0.8814602792263031,0.9979371726512909,54.275847405195236,1.8870105594396591,0.001543194055557251,0.001543194055557251,0.8486947566270828,0.5719877146184444,0.0009277031785633282
42,0.06190151607990265,0.8906495533883572,0.8041593357920647,0.8649054504930973,0.9228802062571049,0.8906490728259087,0.9980925917625427,53.997325390577316,1.8220980986952782,0.001312851905822754,0.001312851905822754,0.8484006188809872,0.5723334867507219,0.0009258879096791951
43,0.06005343624204397,0.8864845000207424,0.7969721630215645,0.8773291148245335,0.9020008072257042,0.8864840231835842,0.9980671405792236,53.87275084853172,1.7854864448308945,0.001170426607131958,0.001170426607131958,0.8490583710372448,0.5644429288804531,0.0009240722452682321
44,0.06074454832077027,0.8739330172538757,0.7790127247571945,0.8459778167307377,0.9099093191325665,0.8739325553178787,0.9977849721908569,54.56167387962341,2.213147595524788,0.0014099180698394775,0.0014099180698394775,0.8324816823005676,0.5512870941311121,0.0009222561843803788
45,0.059011765241622924,0.8975601308047771,0.8156191185116768,0.8778371512889862,0.923036489635706,0.8975596353411674,0.9982106983661652,53.97801148891449,1.7925895974040031,0.0012082159519195557,0.0012082159519195557,0.8597917929291725,0.5972221754491329,0.0009204397260612089
46,0.06045912451297045,0.8619987107813358,0.7613857313990593,0.8179235458374023,0.9212138764560223,0.8619982451200485,0.9977222084999084,48.644960552453995,6.156221851706505,0.001693129539489746,0.001693129539489746,0.8231975100934505,0.5153736667707562,0.0009186228693518994
47,0.06786521213501692,0.8847271949052811,0.7947789765894413,0.8746092654764652,0.899518258869648,0.8847267217934132,0.997962474822998,54.59358814358711,1.8397578671574593,0.0011886060237884521,0.0011886060237884521,0.8370333351194859,0.5461380425840616,0.0009168056132892021
48,0.06065928617864847,0.8629860319197178,0.7619272023439407,0.8905685916543007,0.8479221239686012,0.8629855550825596,0.9978843927383423,53.48422023653984,1.7419380396604538,0.0009414553642272949,0.0009414553642272949,0.8152745738625526,0.48815481923520565,0.0009149879569054125
49,0.06079786595702171,0.8837334141135216,0.793773639947176,0.8440628610551357,0.9331489652395248,0.8837329521775246,0.997883677482605,53.256139516830444,2.1148220524191856,0.0015505850315093994,0.0015505850315093994,0.8375030048191547,0.553418479859829,0.0009131698992283396
50,0.05688448245823383,0.8884128257632256,0.8006655350327492,0.8874745517969131,0.8965075574815273,0.8884123526513577,0.9981702566146851,53.50182071328163,1.6862988993525505,0.0010198354721069336,0.0010198354721069336,0.8488322235643864,0.5694354698061943,0.0009113514392812751
51,0.05573871534317732,0.8886849097907543,0.8007357716560364,0.881993368268013,0.902482159435749,0.8886844217777252,0.9981134235858917,53.508054316043854,1.7423488274216652,0.0011086463928222656,0.0011086463928222656,0.8466086387634277,0.5547905303537846,0.0009095325760829623
52,0.06335554090887308,0.8800168335437775,0.7871772423386574,0.8719986751675606,0.895033422857523,0.8800163604319096,0.9979290068149567,53.81063070893288,1.7723560109734535,0.0012797117233276367,0.0012797117233276367,0.8345307894051075,0.5432231277227402,0.0009077133086475646
53,0.05874879316240549,0.877909030765295,0.7842255420982838,0.8528493046760559,0.9097967334091663,0.8779085576534271,0.9978874623775482,55.52855834364891,2.345049038529396,0.0014353394508361816,0.0014353394508361816,0.8294644877314568,0.5314917042851448,0.0009058936359846345
54,0.055351822331547736,0.8852801136672497,0.7960029318928719,0.8588535636663437,0.9197635389864445,0.8852796442806721,0.9980202317237854,54.30505523085594,1.765621617436409,0.001343756914138794,0.001343756914138794,0.8358232192695141,0.5589365363121033,0.0009040735570990808
55,0.055503230452537536,0.8830088153481483,0.7920501306653023,0.8698918297886848,0.9024995006620884,0.8830083310604095,0.9979965388774872,53.297485023736954,1.8093364238739014,0.0012335777282714844,0.0012335777282714844,0.8361200653016567,0.5506622325628996,0.0009022530709911372
56,0.05413748239725828,0.8766767643392086,0.7825913056731224,0.8685527890920639,0.8946900181472301,0.8766762837767601,0.997793972492218,54.26227816939354,1.7666224539279938,0.001447439193725586,0.001447439193725586,0.8288543820381165,0.5449579823762178,0.0009004321766563289
57,0.05389016679674387,0.8743648044764996,0.7794754095375538,0.8164113312959671,0.9481885954737663,0.8743643127381802,0.9976142048835754,54.37378564476967,2.4028589576482773,0.001996934413909912,0.001996934413909912,0.8215130642056465,0.5348580963909626,0.0008986108730854411
58,0.054392780356109144,0.8839775510132313,0.7938508689403534,0.8770495317876339,0.8999552503228188,0.8839770816266537,0.9979662597179413,53.68876722455025,1.7905970215797424,0.0012513399124145508,0.0012513399124145508,0.8425863943994045,0.5538318380713463,0.0008967891592644846
59,0.062334810473024846,0.8817805536091328,0.7907086461782455,0.8533288836479187,0.917819045484066,0.8817800655961037,0.9978589117527008,63.41723829507828,8.672548599541187,0.0014677643775939941,0.0014677643775939941,0.8473717495799065,0.5738166514784098,0.0008949670341746629
60,0.05486536937206984,0.8919760845601559,0.8061556853353977,0.8869012258946896,0.9039440527558327,0.8919756151735783,0.9980657994747162,53.57789321243763,1.7006268873810768,0.0011491477489471436,0.0011491477489471436,0.8500772379338741,0.5799963362514973,0.0008931444967923387
61,0.05115022235363722,0.888853196054697,0.8014971725642681,0.8804589509963989,0.9042708203196526,0.8888527303934097,0.9979766011238098,54.560381174087524,1.7521026656031609,0.0012359917163848877,0.0012359917163848877,0.845300916582346,0.5777049195021391,0.0008913215460889999
62,0.054120630301535126,0.8857747949659824,0.7970226593315601,0.8678344935178757,0.9124127067625523,0.8857743255794048,0.9979676902294159,54.21963666379452,1.74285127222538,0.0013480186462402344,0.0013480186462402344,0.8393165916204453,0.5656351335346699,0.0008894981810312246
63,0.051775897651910784,0.8875780776143074,0.7991771139204502,0.884275458753109,0.8993234634399414,0.8875776045024395,0.9979899525642395,55.36840704083443,1.780698224902153,0.0012187063694000244,0.0012187063694000244,0.8446720242500305,0.565932635217905,0.0008876744005806469
64,0.05065729289501905,0.8840606324374676,0.7938924580812454,0.8549013510346413,0.922736257314682,0.8840601742267609,0.9978643953800201,53.85560363531113,1.7488747909665108,0.001516103744506836,0.001516103744506836,0.8403271622955799,0.5741161964833736,0.000885850203693922
65,0.054055786341428755,0.8873133510351181,0.7994940169155598,0.8673361130058765,0.9153752364218235,0.8873128741979599,0.9979669153690338,54.267456352710724,1.7549862042069435,0.0013893842697143555,0.0013893842697143555,0.8405785448849201,0.5647121351212263,0.0008840255893226908
66,0.05136679667234421,0.8883045874536037,0.8011377416551113,0.8614943400025368,0.9229776263237,0.8883041031658649,0.9979541897773743,54.09886084496975,1.7229106724262238,0.0014879703521728516,0.0014879703521728516,0.8428011052310467,0.5708047486841679,0.0008822005564135439
67,0.05222170945256949,0.8891319893300533,0.8019722476601601,0.8708160668611526,0.914420373737812,0.8891315124928951,0.9980693161487579,53.25919206440449,1.7346226945519447,0.0012302696704864502,0.0012302696704864502,0.8427222557365894,0.5744751282036304,0.0008803751039079861
68,0.05321952203661203,0.8835173211991787,0.7935929037630558,0.8570328131318092,0.9191545434296131,0.8835168406367302,0.997817873954773,54.26728756725788,1.823011040687561,0.0015536248683929443,0.0015536248683929443,0.8352430239319801,0.5669598244130611,0.0008785492307423999
69,0.04942758937925101,0.8875172846019268,0.8004075549542904,0.8835954405367374,0.9008811861276627,0.8875167965888977,0.9979290068149567,53.55544653534889,1.73001080006361,0.0012914538383483887,0.0012914538383483887,0.8462765254080296,0.5746973492205143,0.0008767229358480086
70,0.05079059287160635,0.8862910903990269,0.7983773611485958,0.871457539498806,0.9098783433437347,0.8862905912101269,0.9980134665966034,53.40406781435013,6.4417052790522575,0.0012312233448028564,0.0012312233448028564,0.8439265340566635,0.5887902341783047,0.0008748962181508392
71,0.04881252331286669,0.8890865966677666,0.8027425073087215,0.869358491152525,0.9180943258106709,0.8890861123800278,0.997965008020401,53.04983472824097,6.190598584711552,0.0013879835605621338,0.0013879835605621338,0.844782430678606,0.584220452234149,0.000873069076571686
72,0.047853669352829455,0.8787639886140823,0.7854898348450661,0.8446130529046059,0.9210337921977043,0.8787635155022144,0.9978461265563965,54.26233386993408,1.8587097525596619,0.0015590488910675049,0.0015590488910675049,0.8247076645493507,0.545173017308116,0.0008712415100260713
73,0.04942182959616184,0.867467861622572,0.7708546593785286,0.8472938388586044,0.90050845220685,0.8674673810601234,0.9976029396057129,60.536279410123825,13.152549609541893,0.0016252398490905762,0.0016252398490905762,0.8216734007000923,0.535202868282795,0.0008694135174242088
74,0.0488723723217845,0.8829340822994709,0.7924206405878067,0.8748966529965401,0.9004242159426212,0.8829336240887642,0.9978355169296265,61.00717043876648,1.8206042051315308,0.0013966262340545654,0.0013966262340545654,0.836453452706337,0.5573700089007616,0.0008675850976709641
75,0.051034626938402654,0.8768041841685772,0.783411294221878,0.8501283973455429,0.9122028462588787,0.8768037110567093,0.9978544414043427,53.92969937622547,1.8479864448308945,0.0014435946941375732,0.0014435946941375732,0.8324266672134399,0.5550187435001135,0.0008657562496658164
76,0.05009656538069248,0.8885826170444489,0.8011667132377625,0.8662370704114437,0.9183374047279358,0.8885821402072906,0.9980700314044952,53.11725205183029,1.7457567900419235,0.0012795329093933105,0.0012795329093933105,0.8424902819097042,0.5754068493843079,0.0008639269723028191
77,0.04860162503272295,0.881337147206068,0.7896056845784187,0.8782927729189396,0.8917899616062641,0.8813366740942001,0.9979795813560486,60.6101139485836,1.8231774419546127,0.0011296272277832031,0.0011296272277832031,0.8348848931491375,0.5546849127858877,0.0008620972644705603
78,0.051583272151649,0.8831436298787594,0.7931152321398258,0.8596571199595928,0.9154482409358025,0.8831431567668915,0.9979143738746643,54.27397330105305,1.765621617436409,0.0014002025127410889,0.0014002025127410889,0.839844673871994,0.5667701158672571,0.0008602671250521225
79,0.051674061462283136,0.8613882511854172,0.7606324218213558,0.8155987896025181,0.9227577969431877,0.8613877817988396,0.9974747896194458,72.83639691770077,17.926565378904343,0.001911252737045288,0.001911252737045288,0.8188044428825378,0.5247073620557785,0.000858436552925043
80,0.0501590485945344,0.8834279626607895,0.7928610220551491,0.8720800690352917,0.9040128588676453,0.8834274746477604,0.9978889524936676,53.67353557050228,1.756480097770691,0.0013585388660430908,0.0013585388660430908,0.8404206447303295,0.5644178260117769,0.0008566055469612726
81,0.047594292230904105,0.8810885958373547,0.7888720035552979,0.8717656955122948,0.8974569253623486,0.881088100373745,0.9979442954063416,54.4377843439579,1.9232911169528961,0.0012359917163848877,0.0012359917163848877,0.829934436827898,0.5417039506137371,0.0008547741060271343
82,0.04651195377111435,0.8886796645820141,0.8011532016098499,0.8781009614467621,0.9074594713747501,0.8886791840195656,0.9980286955833435,54.23369085788727,1.7863993868231773,0.001236051321029663,0.001236051321029663,0.836369302123785,0.5725644137710333,0.0008529422289832824
83,0.0492624461427331,0.8797437772154808,0.7872997485101223,0.8600986376404762,0.9064057655632496,0.8797433041036129,0.9979347884654999,52.64181788265705,1.8022332713007927,0.001202404499053955,0.001202404499053955,0.8334253393113613,0.5503740683197975,0.0008511099146846599
84,0.048970370955765244,0.8958667889237404,0.8127641342580318,0.8871452696621418,0.9115680754184723,0.8958663120865822,0.9982040822505951,53.558063328266144,1.7178758680820465,0.0010706186294555664,0.0010706186294555664,0.8484371043741703,0.5970672182738781,0.0008492771619804566
85,0.04559338042885065,0.8740421906113625,0.781232126057148,0.8492256551980972,0.9142756536602974,0.8740417212247849,0.9977881610393524,59.24129498004913,13.597587056457996,0.0015089809894561768,0.0015089809894561768,0.8362452648580074,0.5572637747973204,0.0008474439697140658
86,0.04596656560897827,0.8872389048337936,0.7992599420249462,0.8637806959450245,0.9194794781506062,0.887238435447216,0.9979581236839294,53.167190209031105,1.7488747909665108,0.0013813674449920654,0.0013813674449920654,0.841794278472662,0.577372994273901,0.0008456103367230419
87,0.04518340960890055,0.8845002874732018,0.794869914650917,0.8695977330207825,0.9079889990389347,0.8844998180866241,0.9979371130466461,54.02245630323887,1.8835184648633003,0.001317828893661499,0.001317828893661499,0.8371456898748875,0.5635867957025766,0.0008437762618390562
88,0.04568938593566418,0.88560401648283,0.7967363260686398,0.8803609870374203,0.8985044024884701,0.8856035359203815,0.997910350561142,52.98215885460377,1.7130540311336517,0.0012485384941101074,0.0012485384941101074,0.8368668407201767,0.5582240745425224,0.0008419417438878526
89,0.045075284473598,0.8833166137337685,0.793549008667469,0.8580912314355373,0.9191321954131126,0.8833161406219006,0.9979190528392792,52.9251951277256,1.880488358438015,0.0014120042324066162,0.0014120042324066162,0.8334255777299404,0.5617773700505495,0.000840106781689204
90,0.04494704050570726,0.885834988206625,0.7967493124306202,0.8760166242718697,0.9040670096874237,0.885834526270628,0.9979722201824188,54.024078980088234,1.7295086458325386,0.001271665096282959,0.001271665096282959,0.8345955237746239,0.5560531634837389,0.0008382713740568662
91,0.04306124052405357,0.8894852809607983,0.8027638047933578,0.8881404250860214,0.8983505852520466,0.8894848078489304,0.9980503022670746,54.37231317162514,1.7854864448308945,0.0011455118656158447,0.0011455118656158447,0.8363559618592262,0.5631968155503273,0.0008364355197985339
92,0.0443961820602417,0.8772882297635078,0.7835651934146881,0.8502806536853313,0.9143895879387856,0.8772877492010593,0.9977818429470062,53.771925896406174,1.8072650507092476,0.0015438497066497803,0.0015438497066497803,0.824088528752327,0.5434657614678144,0.0008345992177157936
93,0.04509844992309809,0.8769464008510113,0.7823928147554398,0.8509970642626286,0.9135466255247593,0.8769459314644337,0.9978399574756622,54.07995903491974,1.8840171471238136,0.0014571547508239746,0.0014571547508239746,0.8203943260014057,0.5222124475985765,0.000832762466604078
94,0.04643920549750328,0.8833026811480522,0.7933869883418083,0.8600504770874977,0.9167683832347393,0.8833022154867649,0.9979160726070404,47.666375651955605,1.7558991461992264,0.0014370977878570557,0.0014370977878570557,0.8337191082537174,0.5670025143772364,0.0008309252652526187
95,0.04379927233606577,0.8839650191366673,0.793691910803318,0.8818325065076351,0.8954688385128975,0.8839645460247993,0.997943252325058,54.03101560473442,1.7478860765695572,0.0012290477752685547,0.0012290477752685547,0.8348235785961151,0.5609893165528774,0.0008290876124443998
96,0.04633872310072184,0.8852994479238987,0.7961597442626953,0.8539052419364452,0.9259143620729446,0.8852989748120308,0.997958242893219,49.054483368992805,2.119175009429455,0.001453310251235962,0.001453310251235962,0.8338789939880371,0.5562035012990236,0.0008272495069561094
97,0.0429957415163517,0.8816209957003593,0.7903002351522446,0.8721938617527485,0.8992556519806385,0.8816205337643623,0.9978600442409515,54.28734511137009,1.9737866148352623,0.001347273588180542,0.001347273588180542,0.8302839510142803,0.5542928036302328,0.0008254109475580918
98,0.04498036064952612,0.883360181003809,0.7933051437139511,0.8629937879741192,0.9136183373630047,0.8833597116172314,0.997906506061554,54.25652623176575,1.931952528655529,0.0014019608497619629,0.0014019608497619629,0.8352402225136757,0.561182988807559,0.0008235719330142989
99,0.04237926964461804,0.885477714240551,0.7968497574329376,0.881105437874794,0.8995158076286316,0.8854772485792637,0.9980696439743042,53.51848018169403,1.8392557129263878,0.001126021146774292,0.001126021146774292,0.8370546214282513,0.5804839059710503,0.0008217324620822401
100,0.04320395702123642,0.8901614397764206,0.8035427369177341,0.8854847401380539,0.9014593996107578,0.8901609592139721,0.9980809390544891,53.6780606508255,1.7397332713007927,0.0011503100395202637,0.0011503100395202637,0.8477116264402866,0.5845703650265932,0.0008198925335129345
101,0.04308416091650724,0.8798687942326069,0.7876279875636101,0.8695473968982697,0.9002401269972324,0.8798683285713196,0.9978677332401276,54.274348586797714,1.97597985714674,0.0013615190982818604,0.0013615190982818604,0.8332914002239704,0.5529416613280773,0.0008180521460508585
102,0.04002866268157959,0.8901220969855785,0.803703922778368,0.8909115269780159,0.8967274129390717,0.8901216201484203,0.9981282651424408,53.361648708581924,1.6997136548161507,0.0010221004486083984,0.0010221004486083984,0.8392684161663055,0.5816986225545406,0.0008162112984338965
103,0.043040114186704156,0.8793025836348534,0.7869769968092442,0.8620615229010582,0.9065970182418823,0.879302117973566,0.9979208111763,53.690191715955734,1.8523273319005966,0.0013366341590881348,0.0013366341590881348,0.8337373472750187,0.5620122943073511,0.0008143699893932899
104,0.039575334645807744,0.8819152750074863,0.7908376194536686,0.85328184440732,0.9199632816016674,0.8819147907197475,0.9979694783687592,46.75805705785751,1.87107914686203,0.0013841986656188965,0.0013841986656188965,0.8296859301626682,0.5546226501464844,0.0008125282176535839
105,0.040138472624123095,0.8860638402402401,0.7971186749637127,0.8731502220034599,0.9067793115973473,0.886063389480114,0.9979863166809082,53.314634293317795,1.818980097770691,0.0012398958206176758,0.0012398958206176758,0.8383560851216316,0.5790974199771881,0.0008106859819325769
106,0.04042666779458523,0.889291875064373,0.8025548048317432,0.8716030269861221,0.9154935032129288,0.8892913982272148,0.9980006515979767,53.53697547316551,1.7858972325921059,0.0013200640678405762,0.0013200640678405762,0.8345607072114944,0.5677124187350273,0.0008088432809412661
107,0.040337785564363,0.8780676387250423,0.7842543460428715,0.8592118918895721,0.9061648696660995,0.878067173063755,0.9978535175323486,48.51429098844528,1.894150398671627,0.0013764798641204834,0.0013764798641204834,0.8271717391908169,0.5345787890255451,0.0008070001133837954
108,0.03942666697502136,0.8845194764435291,0.7951622977852821,0.872511763125658,0.9050950556993484,0.8845190182328224,0.9978941082954407,60.95732590556145,7.670296661555767,0.0013535022735595703,0.0013535022735595703,0.8326826840639114,0.5609099194407463,0.0008051564779574008
109,0.04152622226625681,0.8874663859605789,0.7992638424038887,0.8657628297805786,0.917298998683691,0.8874659202992916,0.9980064630508423,53.449486553668976,1.6883673667907715,0.0013361871242523193,0.0013361871242523193,0.837656170129776,0.5728320255875587,0.0008033123733523561
110,0.04065957612544298,0.8878106512129307,0.7995578125119209,0.8719994053244591,0.9105453565716743,0.8878101781010628,0.9980441629886627,53.0566621273756,1.6718327328562737,0.0012062788009643555,0.0012062788009643555,0.8380194194614887,0.5674891546368599,0.0008014677982519177
111,0.04104438754916191,0.8737438283860683,0.7777942568063736,0.8347887806594372,0.9245106838643551,0.8737433478236198,0.9977271854877472,48.080249816179276,2.2304302975535393,0.001651078462600708,0.001651078462600708,0.8225247040390968,0.5342919025570154,0.0007996227513322692
112,0.03981348434835672,0.8648194707930088,0.7659918740391731,0.8219151683151722,0.9231273382902145,0.8648190051317215,0.997663289308548,54.30808541178703,6.638428524136543,0.0017228126525878906,0.0017228126525878906,0.8131938725709915,0.5149352084845304,0.0007977772312624649
113,0.04209378429502249,0.8817383535206318,0.7904545366764069,0.8444113954901695,0.9297097846865654,0.8817378766834736,0.9978488087654114,48.12485836446285,2.1322401389479637,0.0015887618064880371,0.0015887618064880371,0.8295199945569038,0.5545171331614256,0.000795931236704373
114,0.041160432316362856,0.8822101317346096,0.7912175543606281,0.8678697757422924,0.9047073200345039,0.8822096735239029,0.9979609847068787,48.070674657821655,2.1206038892269135,0.001243501901626587,0.001243501901626587,0.8311570882797241,0.5441631153225899,0.0007940847663126185
115,0.039157545685768125,0.8890099748969078,0.8019998222589493,0.8687823489308357,0.9167208671569824,0.8890095129609108,0.9980688095092773,48.01886057853699,1.9577921330928802,0.0012606978416442871,0.0012606978416442871,0.8383694030344486,0.5711641181260347,0.0007922378187345249
116,0.037732274301350115,0.8874819800257683,0.7995840236544609,0.8624620363116264,0.9212880171835423,0.8874815069139004,0.9980811476707458,54.10317277908325,1.9102988317608833,0.0012879669666290283,0.0012879669666290283,0.8346667289733887,0.5681274812668562,0.0007903903926100556
117,0.03796904975175858,0.8856940269470215,0.7968027628958225,0.873384278267622,0.9060753099620342,0.8856935426592827,0.9979609847068787,47.78606903553009,1.789125107228756,0.0013043582439422607,0.0013043582439422607,0.8307611644268036,0.5607882048934698,0.0007885424865717544
118,0.03869061792641878,0.88060387596488,0.78884606808424,0.8737692534923553,0.8960463181138039,0.8806034065783024,0.997917890548706,61.53744761645794,7.854103922843933,0.0012505054473876953,0.0012505054473876953,0.8268929682672024,0.5519365090876818,0.0007866940992446861
119,0.03756684330105781,0.8821537233889103,0.791173443198204,0.8652597703039646,0.9081651531159878,0.8821532428264618,0.9979856014251709,47.84462916851044,1.895732194185257,0.0012836158275604248,0.0012836158275604248,0.8301721848547459,0.5582956001162529,0.0007848452292463757
120,0.03804345750063658,0.8788246363401413,0.7862940467894077,0.8598177507519722,0.907150711864233,0.8788241520524025,0.9978396594524384,48.225455552339554,1.9382915943861008,0.0014160573482513428,0.0014160573482513428,0.8225522674620152,0.5510614272207022,0.0007829958751867468
121,0.039589178189635275,0.876244954764843,0.7817619629204273,0.869818240404129,0.8927178792655468,0.876244492828846,0.9978373050689697,56.47347956895828,2.14710533618927,0.0013031959533691406,0.0013031959533691406,0.8163083828985691,0.524286050349474,0.0007811460356680608
122,0.03819271889328957,0.8808880224823952,0.7896592542529106,0.8613676466047764,0.909933976829052,0.8808875344693661,0.9979842007160187,54.07430770993233,1.9237783178687096,0.0012996494770050049,0.0012996494770050049,0.8270886391401291,0.5533912666141987,0.000779295709284853
123,0.038235302709043024,0.8783345371484756,0.7850589044392109,0.8624026291072369,0.90226149559021,0.8783340565860271,0.9978825151920319,44.06874045729637,1.904387153685093,0.0013422369956970215,0.0013422369956970215,0.8230475895106792,0.5498125851154327,0.0007774448946238706
124,0.0370914059728384,0.8827937953174114,0.7922355234622955,0.864470012485981,0.9093734622001648,0.8827933222055435,0.9979929625988007,47.42205208539963,1.8639888241887093,0.0012701749801635742,0.0012701749801635742,0.8304384350776672,0.5495340786874294,0.0007755935902640081
125,0.03689402224868536,0.8803413137793541,0.7881351411342621,0.8586896881461143,0.9123362675309181,0.8803408332169056,0.9979057013988495,54.01957602798939,1.8420727998018265,0.0013850927352905273,0.0013850927352905273,0.8287879824638367,0.5536640770733356,0.000773741794776243
126,0.03966434817016125,0.8790018819272518,0.7859948612749577,0.8511533252894878,0.9167546704411507,0.879001397639513,0.9978609681129456,46.864882722496986,1.7915978580713272,0.0014652013778686523,0.0014652013778686523,0.8224285915493965,0.5288423784077168,0.0007718895067235705
127,0.03733984316140413,0.8875804729759693,0.799571093171835,0.8795261681079865,0.9027409255504608,0.8875799961388111,0.998037576675415,43.39716753363609,1.6936901360750198,0.0011845231056213379,0.0011845231056213379,0.8287931196391582,0.5643800441175699,0.0007700367246609375
128,0.03664391020685434,0.8817614912986755,0.7907580994069576,0.8657372742891312,0.9071822836995125,0.8817610405385494,0.9978694021701813,53.62393206357956,1.731305219233036,0.0013931691646575928,0.0013931691646575928,0.8276891596615314,0.5541012529283762,0.0007681834471351756
129,0.03557413287460804,0.8803858123719692,0.78868468105793,0.8524585291743279,0.9188938289880753,0.8803853392601013,0.9978063702583313,64.98406964540482,1.922358252108097,0.0015441477298736572,0.0015441477298736572,0.8296910636126995,0.5641474612057209,0.0007663296726849344
130,0.03588167080283165,0.8892184793949127,0.8022883534431458,0.8808677159249783,0.9048451595008373,0.8892179876565933,0.9980800449848175,46.98923560976982,1.746167577803135,0.0011495351791381836,0.0011495351791381836,0.8353711850941181,0.5743556190282106,0.0007644753998406124
131,0.034865290254354475,0.8835653960704803,0.7932219803333282,0.8640786744654179,0.9103613570332527,0.8835649341344833,0.9979234933853149,48.1514598429203,1.7488747909665108,0.0013551414012908936,0.0013551414012908936,0.8294235952198505,0.5587534364312887,0.0007626206271242884
132,0.04061917808651924,0.873272217810154,0.7767109237611294,0.865271519869566,0.8902210667729378,0.8732717372477055,0.9978234767913818,53.40652298927307,2.107069991528988,0.0012752711772918701,0.0012752711772918701,0.8192344643175602,0.5199468117207289,0.0007607653530496521
133,0.03692182455211878,0.8785973712801933,0.7855489477515221,0.865657027810812,0.9005186669528484,0.8785968795418739,0.9979188740253448,54.126327872276306,2.01592605561018,0.0012910068035125732,0.0012910068035125732,0.8257752545177937,0.5466947928071022,0.0007589095761219332
134,0.036846771217882636,0.8887612894177437,0.8021166697144508,0.872793897986412,0.9128580428659916,0.8887608274817467,0.9981122612953186,48.180426210165024,2.0008673667907715,0.0011824965476989746,0.0011824965476989746,0.8339522965252399,0.5695149097591639,0.0007570532948378305
135,0.03584110800176859,0.8811406530439854,0.7893625721335411,0.8592505939304829,0.9114357978105545,0.8811401762068272,0.9979293942451477,63.77802038192749,2.0223597586154938,0.0013686716556549072,0.0013686716556549072,0.8257443085312843,0.5461917296051979,0.0007551965076854392
136,0.034325744859874247,0.8811142258346081,0.7893516905605793,0.8720304034650326,0.8984501212835312,0.881113737821579,0.9978937804698944,43.800521314144135,1.8814932852983475,0.0012970268726348877,0.0012970268726348877,0.8248315006494522,0.5507847145199776,0.0007533392131441786
137,0.034420602791011334,0.8838786780834198,0.793622937053442,0.8657598979771137,0.9095155484974384,0.8838782012462616,0.997961550951004,72.22179731726646,1.7752618193626404,0.001308739185333252,0.001308739185333252,0.8339589312672615,0.5614521875977516,0.0007514814096847186
138,0.03477160423994064,0.8784552365541458,0.7851647473871708,0.8632291667163372,0.9021979458630085,0.8784547597169876,0.9978321492671967,51.83937722444534,1.7950508743524551,0.0013826489448547363,0.0013826489448547363,0.8227740973234177,0.5378945395350456,0.000749623095768904
139,0.035042858473956585,0.8821939453482628,0.7908743023872375,0.8747901879251003,0.8965476155281067,0.8821934908628464,0.9980602860450745,44.15353384613991,1.7343327328562737,0.0010946989059448242,0.0010946989059448242,0.8258243501186371,0.5511137787252665,0.0007477642698496805
140,0.03619856087118387,0.8809167593717575,0.7890828996896744,0.8655119724571705,0.904564943164587,0.8809162899851799,0.9979198276996613,54.315436869859695,1.7352459654211998,0.0012923181056976318,0.0012923181056976318,0.8272351659834385,0.5572144854813814,0.0007459049303710179
141,0.03408602233231068,0.8725604377686977,0.7771723344922066,0.8414113111793995,0.9146004319190979,0.8725599683821201,0.9977595210075378,51.63657757639885,9.131273910403252,0.0015504658222198486,0.0015504658222198486,0.821051187813282,0.5332206506282091,0.0007440450757678328
142,0.03259693164378405,0.8778753839433193,0.7841636165976524,0.8572916984558105,0.9082253240048885,0.8778749220073223,0.9979003667831421,55.4800860285759,8.134618550539017,0.0013545453548431396,0.0013545453548431396,0.8294710516929626,0.5530435852706432,0.000742184704465911
143,0.03395875588804483,0.8816761299967766,0.7898662276566029,0.8677048422396183,0.9048459082841873,0.8816756531596184,0.9979205131530762,44.36391842365265,1.765621617436409,0.0013102591037750244,0.0013102591037750244,0.8313828371465206,0.5439682081341743,0.0007403238148818282
144,0.033448981672525406,0.8857591487467289,0.796637337654829,0.8622067533433437,0.9170976132154465,0.8857586719095707,0.9979773461818695,59.46992003917694,1.82769263535738,0.0013649165630340576,0.0013649165630340576,0.8344268016517162,0.5773544460535049,0.000738462405422871
145,0.03327549001574516,0.8901263438165188,0.8040121719241142,0.871286615729332,0.9167744256556034,0.8901258558034897,0.9980692863464355,48.12353150546551,1.695101760327816,0.0012610256671905518,0.0012610256671905518,0.8339837938547134,0.5694126393646002,0.0007366004744869555
146,0.03530149810016155,0.8681860268115997,0.7717995122075081,0.8215505965054035,0.931922759860754,0.8681855611503124,0.9978285133838654,48.276686668395996,8.373920805752277,0.0016093850135803223,0.0016093850135803223,0.8227070309221745,0.5459990091621876,0.0007347380204625457
147,0.0346939511820674,0.8881055302917957,0.8009311594069004,0.8624498620629311,0.9225657507777214,0.8881050422787666,0.9980165958404541,54.40468195080757,2.0167906135320663,0.0013602375984191895,0.0013602375984191895,0.8315282501280308,0.5582312103360891,0.0007328750417285716
148,0.035600638940930365,0.880149632692337,0.788184329867363,0.8572057709097862,0.9119339846074581,0.8801491521298885,0.9978570640087128,48.546245127916336,1.9753755927085876,0.0014430582523345947,0.0014430582523345947,0.8252452425658703,0.5581568647176027,0.0007310115366543449
149,0.03454911167174578,0.8827692344784737,0.7921413742005825,0.8632920794188976,0.9099248796701431,0.8827687464654446,0.9980202317237854,44.25019362568855,1.924204058945179,0.0012591183185577393,0.0012591183185577393,0.8295496366918087,0.5654792711138725,0.0007291475035994755
150,0.032863648079335686,0.8867769464850426,0.7981928363442421,0.8762488774955273,0.9034788385033607,0.8867764659225941,0.9980674088001251,87.80478525161743,1.8336429744958878,0.0011560618877410889,0.0011560618877410889,0.8316376768052578,0.5606664922088385,0.0007272829409137847
151,0.032696116946637634,0.8872780576348305,0.7991307489573956,0.8774909861385822,0.9038918912410736,0.8872776031494141,0.9980675280094147,48.0107279419899,1.713342770934105,0.0011547505855560303,0.0011547505855560303,0.8330740481615067,0.5683749038726091,0.0007254178469372199
152,0.03123317053169012,0.8873850964009762,0.7994451634585857,0.8810281902551651,0.9005465768277645,0.887384619563818,0.9980237483978271,48.2142251431942,1.737649329006672,0.0011863410472869873,0.0011863410472869873,0.8273032791912556,0.5484455339610577,0.0007235522199997669
153,0.033428618013858796,0.8815338760614395,0.7899874113500118,0.8590871579945087,0.9116804338991642,0.881533395498991,0.9979466497898102,45.55376812815666,2.0822538807988167,0.0013308227062225342,0.0013308227062225342,0.8312707468867302,0.549442958086729,0.0007216860584213608
154,0.033160593315958976,0.8795119151473045,0.7866259217262268,0.8623794503509998,0.9039697870612144,0.8795114271342754,0.9979044497013092,44.902994364500046,1.900642104446888,0.0013243257999420166,0.0013243257999420166,0.8224477395415306,0.5601081494241953,0.0007198193605117973
155,0.030900929860770702,0.8788229487836361,0.7856821976602077,0.8575087077915668,0.9081880338490009,0.8788224756717682,0.9979197382926941,44.692101895809174,2.1018531918525696,0.0013373792171478271,0.0013373792171478271,0.8228381723165512,0.5606195330619812,0.0007179521245706413
156,0.030749726444482803,0.8783243857324123,0.7850796058773994,0.8660084307193756,0.8997959308326244,0.8783239163458347,0.9978942275047302,63.334038108587265,2.020732194185257,0.00128859281539917,0.00128859281539917,0.8215856440365314,0.5402993429452181,0.0007160843488871357
157,0.03136789559572935,0.884823627769947,0.7953241728246212,0.8750114738941193,0.9026171080768108,0.8848231583833694,0.9980033338069916,43.11852955818176,1.7422703206539154,0.0011987090110778809,0.0011987090110778809,0.8313910774886608,0.560461787506938,0.0007142160317401089
158,0.03187512091547251,0.878775279968977,0.7856319844722748,0.8732766024768353,0.8930276110768318,0.8787748217582703,0.9978518486022949,45.03287351131439,2.0788359493017197,0.0012908577919006348,0.0012908577919006348,0.8193034008145332,0.5427069179713726,0.0007123471713978799
159,0.031493297591805455,0.8826383762061596,0.7919150851666927,0.8695554286241531,0.9036859832704067,0.8826379030942917,0.9979716241359711,48.324364364147186,1.917498767375946,0.001245051622390747,0.001245051622390747,0.8275131620466709,0.5590850953012705,0.0007104777661181647
160,0.029432143419981002,0.879368182271719,0.786026157438755,0.8829884827136993,0.8844310715794563,0.8793677166104317,0.9979296326637268,47.426024317741394,1.8375854939222336,0.0011272132396697998,0.0011272132396697998,0.8161475844681263,0.5241010636091232,0.0007086078141479791
161,0.030540412187576294,0.8770154304802418,0.7825928218662739,0.8629299141466618,0.898327749222517,0.877014946192503,0.997848778963089,48.43444523215294,1.8493980690836906,0.0013193488121032715,0.0013193488121032715,0.817452285438776,0.5268485527485609,0.0007067373137235415
162,0.03144106638431549,0.8806528709828854,0.7880486063659191,0.8708526194095612,0.8972163386642933,0.8806523941457272,0.9979107975959778,48.20562428236008,1.7241115793585777,0.0012405812740325928,0.0012405812740325928,0.8260362967848778,0.544891607016325,0.0007048662630701754
163,0.031095560513436794,0.8813233524560928,0.7895497679710388,0.8696651048958302,0.900203924626112,0.8813228905200958,0.9979492723941803,44.06381443142891,1.8834270909428596,0.0012252330780029297,0.0012252330780029297,0.8241546079516411,0.5509235765784979,0.0007029946604022085
164,0.030678856659680606,0.8860824257135391,0.7969660833477974,0.8854709789156914,0.8941091224551201,0.8860819451510906,0.9980647563934326,48.466627150774,1.8675140291452408,0.0010573267936706543,0.0010573267936706543,0.8326490297913551,0.5653236024081707,0.0007011225039228726
165,0.031369382116943595,0.8801173120737076,0.787365548312664,0.8666351661086082,0.902157012373209,0.8801168464124203,0.9978860318660736,48.461662113666534,1.8067628964781761,0.0013096034526824951,0.0013096034526824951,0.8196970485150814,0.5422047451138496,0.0006992497918242011
166,0.02926124049350619,0.8833025395870209,0.7927037738263607,0.8711173497140408,0.9030322059988976,0.8833020776510239,0.9979753196239471,48.34555795788765,1.7432620599865913,0.001210629940032959,0.001210629940032959,0.8277829252183437,0.5414955466985703,0.0006973765222869263
167,0.03155205412581563,0.8792658522725105,0.7863544411957264,0.8502013087272644,0.9178033471107483,0.8792653754353523,0.9978348016738892,48.66898241639137,1.9982945397496223,0.0015165209770202637,0.0015165209770202637,0.8197614140808582,0.5439914483577013,0.0006955026934803739
168,0.03120379437878728,0.8778864368796349,0.7843526713550091,0.8563347160816193,0.9088132753968239,0.8778859525918961,0.9978818893432617,45.41269025206566,2.03565164655447,0.0013505220413208008,0.0013505220413208008,0.822118416428566,0.5492579564452171,0.000693628303562358
169,0.03056431604549289,0.8854272551834583,0.7964185960590839,0.8654326535761356,0.9137136936187744,0.885426789522171,0.9980093538761139,48.651239201426506,1.9570216089487076,0.001280277967453003,0.001280277967453003,0.832713894546032,0.5726115461438894,0.0006917533506790733
170,0.029447202678769827,0.8820569068193436,0.790695060044527,0.8746789284050465,0.8971370086073875,0.8820564262568951,0.9979567527770996,48.355938881635666,1.8224331140518188,0.0012013912200927734,0.0012013912200927734,0.8204228729009628,0.5450805462896824,0.000689877832964987
171,0.03036962403357029,0.884685393422842,0.7948544435203075,0.8833741880953312,0.8931329995393753,0.8846848979592323,0.9980131387710571,48.58866411447525,1.7476715967059135,0.0011023283004760742,0.0011023283004760742,0.8233694769442081,0.5413315128535032,0.0006880017485427283
172,0.02918570217117667,0.8856107071042061,0.7966326884925365,0.8752296604216099,0.9033477120101452,0.8856102377176285,0.9980064630508423,48.73517680168152,1.817943461239338,0.0011838078498840332,0.0011838078498840332,0.8317605741322041,0.5765498578548431,0.0006861250955229781
173,0.02858593801036477,0.8834365271031857,0.79310417547822,0.8663512468338013,0.9090316742658615,0.8834360465407372,0.9978676438331604,73.28680494427681,1.717373713850975,0.001394718885421753,0.001394718885421753,0.8236200362443924,0.5479624401777983,0.0006842478720043559
174,0.027552930258214474,0.8850094974040985,0.7956197448074818,0.8706529140472412,0.9070243313908577,0.8850090242922306,0.9979993402957916,44.45210248231888,1.8342167735099792,0.0012295544147491455,0.0012295544147491455,0.8294041678309441,0.5648577399551868,0.0006823700760733055
175,0.027403541222214698,0.8804618194699287,0.7884231880307198,0.8592117838561535,0.910354919731617,0.8804613463580608,0.99784716963768,48.642004668712616,1.9300610199570656,0.001427680253982544,0.001427680253982544,0.8262710459530354,0.5489700827747583,0.00068049170580398
176,0.028600117158144714,0.8766416199505329,0.7824191860854626,0.8744233027100563,0.8879528641700745,0.8766411431133747,0.9978176951408386,56.04750683903694,1.8858333975076675,0.0012407004833221436,0.0012407004833221436,0.8133568093180656,0.5355463493615389,0.000678612759258125
177,0.02843786236271262,0.8837514258921146,0.7938041873276234,0.8644247464835644,0.9116600379347801,0.8837509527802467,0.9979211091995239,48.76948121190071,1.9019209146499634,0.0013380348682403564,0.0013380348682403564,0.8256046995520592,0.5540194269269705,0.0006767332344849599
178,0.028368112061172724,0.8761612065136433,0.7821896113455296,0.8673745542764664,0.8939274773001671,0.8761607334017754,0.9978302419185638,48.71432653069496,1.9910357221961021,0.0013072490692138672,0.0013072490692138672,0.8137385509908199,0.5365555062890053,0.0006748531295210577
179,0.028868928872048855,0.8800679929554462,0.7875352390110493,0.8680901750922203,0.8999783359467983,0.8800675123929977,0.9979110658168793,44.40757468342781,1.8755453675985336,0.0012862980365753174,0.0012862980365753174,0.819833692163229,0.5383854694664478,0.0006729724423902248
180,0.02808656554669142,0.8822835646569729,0.7906823493540287,0.8770462200045586,0.8948987312614918,0.8822830952703953,0.9980250000953674,48.02995291352272,1.7720559239387512,0.0011141598224639893,0.0011141598224639893,0.8177991136908531,0.5376135669648647,0.0006710911711033769
181,0.02828022273257375,0.8822564221918583,0.7910514697432518,0.8721016272902489,0.8999052420258522,0.8822559379041195,0.9979083240032196,43.999230563640594,1.815405733883381,0.0012610554695129395,0.0012610554695129395,0.8259209282696247,0.5523498561233282,0.0006692093136584148
182,0.026967143159359695,0.8843922056257725,0.794711422175169,0.8787020444869995,0.8976121470332146,0.884391725063324,0.99800044298172,48.787801176309586,1.8187215030193329,0.0011614859104156494,0.0011614859104156494,0.8277214840054512,0.5647437013685703,0.0006673268680400988
183,0.029483227416872978,0.8801770024001598,0.7879115007817745,0.8918525949120522,0.8768440634012222,0.8801765255630016,0.9979512393474579,43.87975203990936,1.8746641725301743,0.0009806454181671143,0.0009806454181671143,0.8160091303288937,0.5381325110793114,0.0006654438322199202
184,0.027031348079442977,0.8816735818982124,0.7903071828186512,0.8679719716310501,0.903401717543602,0.8816731162369251,0.9978868067264557,48.41208150982857,1.8492217436432838,0.001298069953918457,0.001298069953918457,0.8236605189740658,0.5471547413617373,0.0006635602041559724
185,0.027101282745599746,0.8863572180271149,0.797811470925808,0.871279887855053,0.9092592820525169,0.8863567411899567,0.9980156719684601,48.57558098435402,1.811975210905075,0.0012282729148864746,0.0012282729148864746,0.8266815692186356,0.5543533433228731,0.00066167598179282
186,0.027329515777528287,0.8747176602482796,0.7794808112084866,0.8664698116481304,0.892653476446867,0.8747171647846699,0.9978143572807312,50.48732143640518,1.889039821922779,0.0013358592987060547,0.0013358592987060547,0.8080051355063915,0.5228999927639961,0.0006597911630613657
187,0.02770424569398165,0.8804023675620556,0.78814697265625,0.8654983155429363,0.903241191059351,0.8804018869996071,0.9978917241096497,48.39318561553955,1.8474569246172905,0.001317739486694336,0.001317739486694336,0.8238583020865917,0.5463641453534365,0.0006579057458787157
188,0.025791175678372382,0.8824470117688179,0.7910758927464485,0.8908972702920437,0.8813952580094337,0.8824465088546276,0.9980178475379944,48.33846569061279,1.76782638579607,0.0010116398334503174,0.0010116398334503174,0.8203335851430893,0.5390246007591486,0.0006560197281480442
189,0.02544347723200917,0.8845442794263363,0.7950395494699478,0.8797731176018715,0.8966613262891769,0.8845438063144684,0.9980437457561493,48.34164986014366,1.7589791044592857,0.0011041760444641113,0.0011041760444641113,0.8236897066235542,0.5587957426905632,0.0006541331077584547
190,0.02549982125684619,0.8779222965240479,0.7844910733401775,0.8684393279254436,0.8955349549651146,0.8779218196868896,0.9978888630867004,63.7557854950428,1.9567417725920677,0.0012685656547546387,0.0012685656547546387,0.823510255664587,0.5503203626722097,0.0006522458825848401
191,0.02739840307459235,0.8794922791421413,0.7866538912057877,0.8675538450479507,0.8992556184530258,0.8794917985796928,0.9978818893432617,48.03556428849697,1.7214046567678452,0.0012980401515960693,0.0012980401515960693,0.8140265420079231,0.5250327289104462,0.000650358050487742
192,0.026171222388744354,0.884118378162384,0.7940534874796867,0.871856614947319,0.9036308974027634,0.8841178901493549,0.9980080723762512,48.235767900943756,1.703612707555294,0.0012048780918121338,0.0012048780918121338,0.8235972784459591,0.5413479525595903,0.0006484696093132058
193,0.025351592931896448,0.8831683918833733,0.7926459014415741,0.8703143447637558,0.9037865772843361,0.8831679187715054,0.9979744553565979,43.7697551548481,1.6716205403208733,0.0012375414371490479,0.0012375414371490479,0.8215333893895149,0.5461008809506893,0.0006465805568926364
194,0.025998330764472485,0.876531470566988,0.7817424349486828,0.8766679130494595,0.8845085352659225,0.8765309862792492,0.9978949725627899,48.03206765651703,1.80535127222538,0.0011411011219024658,0.0011411011219024658,0.8140098340809345,0.5231122449040413,0.0006446908910426501
195,0.02544351626932621,0.8840642459690571,0.7937670759856701,0.8724924847483635,0.9029219411313534,0.8840637765824795,0.9980477094650269,48.074014738202095,1.866869904100895,0.0011297762393951416,0.0011297762393951416,0.8199193626642227,0.54377531260252,0.0006428006095649255
196,0.025468816585838796,0.8805251456797123,0.788249246776104,0.8654893338680267,0.9034229256212711,0.8805246725678444,0.9979130029678345,46.03289867937565,1.8628389611840248,0.0012867450714111328,0.0012867450714111328,0.8225065469741821,0.544337572529912,0.0006409097102460521
197,0.02506090734153986,0.8778073936700821,0.7838973589241505,0.8729999102652073,0.8911094665527344,0.8778069242835045,0.9979409575462341,48.07647626101971,1.8003389611840248,0.0011685192584991455,0.0011685192584991455,0.8121456429362297,0.5285416394472122,0.0006390181908573774
198,0.027260839615017175,0.88070909678936,0.7892571873962879,0.864470399916172,0.9059769064188004,0.8807086311280727,0.9979575872421265,69.87615752220154,6.761620424687862,0.001269698143005371,0.001269698143005371,0.8280374929308891,0.5540254451334476,0.0006371260491548504
199,0.028439435321837663,0.8796674013137817,0.787531603127718,0.8593619242310524,0.9087732583284378,0.8796669356524944,0.997874915599823,55.59716320037842,1.945528857409954,0.0013625919818878174,0.0013625919818878174,0.8179673366248608,0.5359639432281256,0.0006352332828788649
200,0.026226993709802627,0.8784135058522224,0.7852423526346684,0.8634824529290199,0.9014673009514809,0.8784130327403545,0.997885674238205,55.214664712548256,1.988531693816185,0.0013049840927124023,0.0013049840927124023,0.814375251531601,0.5369671583175659,0.0006333398897540993
201,0.02405198822170496,0.8788157999515533,0.7857074663043022,0.8739815130829811,0.8914882317185402,0.8788153007626534,0.99790820479393,50.909927010536194,1.894150398671627,0.0011938810348510742,0.0011938810348510742,0.8182217702269554,0.5334423817694187,0.0006314458674893553
202,0.024070179138332606,0.8819542825222015,0.7908106856048107,0.8727415986359119,0.8994667306542397,0.8819538056850433,0.9979315996170044,50.803489446640015,1.8067628964781761,0.0012426376342773438,0.0012426376342773438,0.820966649800539,0.5357829593122005,0.0006295512137773931
203,0.023501514110714196,0.8819861523807049,0.7906648591160774,0.87751754373312,0.8935958333313465,0.8819856755435467,0.9979956448078156,48.34761816263199,1.8344674929976463,0.0011184513568878174,0.0011184513568878174,0.8197383433580399,0.5454707611352205,0.0006276559262947659
204,0.024611437302082775,0.8769346326589584,0.7838360033929348,0.8584071919322014,0.9042952992022038,0.8769341707229614,0.9978392422199249,55.670367777347565,8.971551075577736,0.0013738572597503662,0.0013738572597503662,0.8179608732461929,0.5345748793333769,0.00062576000270165
205,0.02481680101528764,0.8802093788981438,0.787788163870573,0.8699656315147877,0.897099606692791,0.8802089169621468,0.9979680180549622,69.58000707626343,1.9704444333910942,0.0011872649192810059,0.0011872649192810059,0.8181607984006405,0.5378064345568419,0.0006238634406416756
206,0.023793324287980797,0.8825696371495724,0.7916579023003578,0.8710357137024403,0.9010384269058704,0.8825691528618336,0.9980167746543884,63.31463351845741,1.8019433096051216,0.0011684596538543701,0.0011684596538543701,0.8216530233621597,0.5559234600514174,0.0006219662377417515
207,0.024151422873139382,0.8788250535726547,0.7862358056008816,0.8843489773571491,0.8823187313973904,0.8788245767354965,0.9980219006538391,48.5467649102211,2.071615919470787,0.0010313093662261963,0.0010313093662261963,0.820351280272007,0.5411998219788074,0.0006200683916118909
208,0.024760735444724558,0.879688061773777,0.7865869365632534,0.8738467283546925,0.8936770483851433,0.8796875923871994,0.9979653060436249,48.19018667936325,1.9307620525360107,0.001173466444015503,0.001173466444015503,0.8205625750124454,0.5433149598538876,0.0006181698998450326
209,0.024547083642333746,0.8807879015803337,0.7889741361141205,0.8835552036762238,0.8871694318950176,0.880787443369627,0.9979531168937683,48.3795040845871,1.9135686457157135,0.0011296272277832031,0.0011296272277832031,0.8249299563467503,0.5512483939528465,0.0006162707600168605
210,0.024542224414646624,0.8859794847667217,0.7968927808105946,0.8811366446316242,0.8984917588531971,0.8859790004789829,0.9980490505695343,43.91454192996025,1.8815224096179008,0.0011132359504699707,0.0011132359504699707,0.8279670998454094,0.5637799743562937,0.0006143709696856199
211,0.023525481060147284,0.8843860626220703,0.7942485362291336,0.8867969661951065,0.8897168226540089,0.8843855932354927,0.998021811246872,48.19647839665413,1.8266277238726616,0.0010822713375091553,0.0010822713375091553,0.8233411610126495,0.5418960303068161,0.0006124705263919325
212,0.024364689849317073,0.8813636414706707,0.7903842888772488,0.8750040419399738,0.8971289061009884,0.8813631683588028,0.9979044198989868,48.96057793498039,1.973609708249569,0.0012698173522949219,0.0012698173522949219,0.8233035765588284,0.5537709891796112,0.000610569427658607
213,0.023572640862315895,0.8777430988848209,0.7840229570865631,0.8664361797273159,0.8978378959000111,0.8777426443994045,0.997822642326355,52.68997214734554,1.9626585841178894,0.001338183879852295,0.001338183879852295,0.8153486102819443,0.5274931453168392,0.0006086676709904492
214,0.02278756482154131,0.8832978866994381,0.7926274463534355,0.8801801353693008,0.8945627845823765,0.8832974098622799,0.9979968070983887,43.91212570667267,1.8286202996969223,0.0011417865753173828,0.0011417865753173828,0.8281618803739548,0.5538483094424009,0.0006067652538740668
215,0.02282799507677555,0.8844835534691811,0.7942917197942734,0.88147347047925,0.8941066451370716,0.8844830691814423,0.9980272054672241,48.06865519285202,1.7750482261180878,0.00111427903175354,0.00111427903175354,0.8270753100514412,0.5484129134565592,0.0006048621737776744
216,0.022668093901127576,0.8832650519907475,0.7925400100648403,0.884274385869503,0.8899889551103115,0.8832645863294601,0.9979846477508545,47.7929644882679,1.9309516921639442,0.001120060682296753,0.001120060682296753,0.8232452645897865,0.541269101202488,0.000602958428150892
217,0.02275217357650399,0.8794140033423901,0.7870875559747219,0.867780763655901,0.8993500843644142,0.8794135339558125,0.9979061484336853,51.65426903963089,8.293720707297325,0.0012749433517456055,0.0012749433517456055,0.8203920461237431,0.5422244500368834,0.0006010540144245451
218,0.02219853288307786,0.875119049102068,0.7806979306042194,0.8645365834236145,0.8941054940223694,0.8751185834407806,0.9978260695934296,64.02218815684319,8.701068848371506,0.0013116002082824707,0.0013116002082824707,0.8167479038238525,0.5418761223554611,0.0005991489300104574
219,0.0219885531142354,0.8830981105566025,0.7924412079155445,0.8775933869183064,0.8965051248669624,0.8830976262688637,0.9979581534862518,55.56744411587715,1.8862219154834747,0.0012002885341644287,0.0012002885341644287,0.8229628838598728,0.5461060795933008,0.0005972431723012443
220,0.0226113070063293,0.8810426220297813,0.7889408133924007,0.875311866402626,0.8942377083003521,0.8810421526432037,0.9979086220264435,50.905419409275055,8.23552793264389,0.0012436211109161377,0.0012436211109161377,0.8211342468857765,0.5378600340336561,0.0005953367386701004
221,0.02210785859078169,0.8821852952241898,0.7911011427640915,0.8682903461158276,0.9037236832082272,0.8821848034858704,0.9979773461818695,69.94451260566711,1.9405449479818344,0.0012562870979309082,0.0012562870979309082,0.8227081336081028,0.5416734609752893,0.0005934296264705859
222,0.023012366715818643,0.8850657604634762,0.7960889637470245,0.8752382956445217,0.9026830047369003,0.8850652724504471,0.9980138540267944,54.639598339796066,2.01845733076334,0.0011913180351257324,0.0011913180351257324,0.8257477320730686,0.5437373705208302,0.0005915218330364093
223,0.02236657502874732,0.8864423707127571,0.797921434044838,0.877032358199358,0.9029080383479595,0.8864418752491474,0.9980641007423401,44.02784073352814,1.7423488274216652,0.0011301934719085693,0.0011301934719085693,0.8253707513213158,0.5590254403650761,0.000589613355681206
224,0.02191814186051488,0.8839076943695545,0.793701633810997,0.8822332061827183,0.8926253467798233,0.8839072212576866,0.9980147182941437,55.23656991124153,1.9247385412454605,0.001117706298828125,0.001117706298828125,0.8243364132940769,0.5427089184522629,0.0005877041916983153
225,0.021199349254369736,0.8806509040296078,0.788455206900835,0.8691880032420158,0.8995439447462559,0.8806504309177399,0.9979210197925568,48.17303657531738,1.7966205403208733,0.0012587010860443115,0.0012587010860443115,0.8180882446467876,0.5382179450243711,0.0005857943383605531
226,0.021296155743300915,0.8841708116233349,0.7941561080515385,0.872971273958683,0.9023872762918472,0.8841703496873379,0.9979800283908844,48.032218247652054,1.7797979414463043,0.0012266933917999268,0.0012266933917999268,0.8216585516929626,0.5456719230860472,0.0005838837929199803
227,0.02154618801549077,0.8870815932750702,0.7990127317607403,0.8734867870807648,0.9078027233481407,0.8870811127126217,0.9980372488498688,47.89210319519043,1.7340447679162025,0.0012170970439910889,0.0012170970439910889,0.8244141042232513,0.5540498401969671,0.0005819725526076705
228,0.02243059767410159,0.8822320997714996,0.7906097024679184,0.8783831372857094,0.8932848647236824,0.8822316192090511,0.9980032742023468,48.15270006656647,1.7622136548161507,0.0011307001113891602,0.0011307001113891602,0.8228595182299614,0.540160670876503,0.0005800606146334708
229,0.021593223083764313,0.8835541792213917,0.7932574413716793,0.8671592846512794,0.9069992452859879,0.8835537023842335,0.9979715049266815,59.92758360505104,1.8067628964781761,0.0012763142585754395,0.0012763142585754395,0.8236443400382996,0.5476454570889473,0.000578147976185762
230,0.020870864540338516,0.8837824054062366,0.7936876714229584,0.8733824864029884,0.9015202336013317,0.8837819285690784,0.9980027973651886,51.67994496226311,1.8411831557750702,0.0012003183364868164,0.0012003183364868164,0.8196549788117409,0.5413968358188868,0.0005762346344312134
231,0.021391844987869262,0.8756494745612144,0.7805980704724789,0.8670185692608356,0.8921199887990952,0.8756490163505077,0.9978452622890472,58.74261078238487,1.9673737064003944,0.0012809932231903076,0.0012809932231903076,0.8159620948135853,0.537182155996561,0.0005743205865145341
232,0.02098506759479642,0.8773455172777176,0.7835424058139324,0.8568035811185837,0.9062564112246037,0.8773450441658497,0.9978560209274292,56.16378206014633,8.117313422262669,0.0013835728168487549,0.0013835728168487549,0.820622380822897,0.537343718111515,0.0005724058295582214
233,0.021343463126569987,0.8833635747432709,0.7923478074371815,0.8751761503517628,0.8991878218948841,0.8833630979061127,0.9980146288871765,47.4932786822319,1.7229864448308945,0.0011457502841949463,0.0011457502841949463,0.8217780031263828,0.544511990621686,0.0005704903606623043
234,0.02125138118863106,0.8795012012124062,0.7862177528440952,0.8789104893803596,0.8879572749137878,0.87950075045228,0.9979227185249329,48.45644220709801,1.9655581638216972,0.001155853271484375,0.001155853271484375,0.8174399361014366,0.5221627727150917,0.0005685741769040841
235,0.01980506154894829,0.8835623115301132,0.7932032197713852,0.8765508495271206,0.8985556773841381,0.8835618458688259,0.9979948103427887,48.391807198524475,1.923197366297245,0.001170128583908081,0.001170128583908081,0.8232330456376076,0.5476416479796171,0.0005666572753378695
236,0.020411832455545665,0.8807927817106247,0.7888351306319237,0.8685189187526703,0.9008368700742722,0.8807923123240471,0.9978986382484436,51.25397774577141,1.975700519979,0.0012992322444915771,0.0012992322444915771,0.8191028945147991,0.5399348083883524,0.0005647396529947098
237,0.020544624224305152,0.8780291378498077,0.7845562472939491,0.8651200644671917,0.8987999111413956,0.8780286610126495,0.9978998303413391,56.46108791232109,1.9399914741516113,0.0012630820274353027,0.0012630820274353027,0.8152823820710182,0.517235491424799,0.000562821306882122
238,0.019320496078580617,0.8835847266018391,0.7932304590940475,0.8803282305598259,0.894054789096117,0.8835842534899712,0.9980488717556,48.48715302348137,1.7839952856302261,0.0010878443717956543,0.0010878443717956543,0.8205486536026001,0.5454376880079508,0.0005609022339838143
239,0.019798522017896177,0.882171880453825,0.7913934960961342,0.8723237290978432,0.8997899293899536,0.8821714110672474,0.9979249835014343,51.43877945840359,1.8661373034119606,0.001259148120880127,0.001259148120880127,0.8162564896047115,0.5391917042434216,0.0005589824312594061
240,0.019546780221164226,0.8852451257407665,0.7959399968385696,0.8754029497504234,0.9028259925544262,0.8852446489036083,0.9980394542217255,48.30392496287823,1.7589722499251366,0.0011599957942962646,0.0011599957942962646,0.8253257758915424,0.5535465124994516,0.0005570618956441422
241,0.019209620356559754,0.8808594681322575,0.7889288365840912,0.868485864251852,0.9010955169796944,0.8808590061962605,0.9979223906993866,54.128220453858376,1.8774441927671432,0.001261979341506958,0.001261979341506958,0.8228372596204281,0.5508242547512054,0.0005551406240486037
242,0.019650296974927185,0.8811801746487617,0.7894287407398224,0.8735203705728054,0.8964606858789921,0.8811797089874744,0.997915118932724,48.09188798069954,1.8114846646785736,0.0012280046939849854,0.0012280046939849854,0.8182550296187401,0.5493445005267859,0.0005532186133584137
243,0.019147545717656613,0.8822087422013283,0.7911286167800426,0.8663391172885895,0.9055071286857128,0.8822082690894604,0.9979283511638641,47.96130284667015,1.9464752823114395,0.0012933313846588135,0.0012933313846588135,0.8212991058826447,0.5467498637735844,0.0005512958604339385
244,0.01888817947357893,0.8779984638094902,0.784593503922224,0.8648538626730442,0.8986966274678707,0.8779980093240738,0.9978514015674591,55.68394881486893,1.9201731160283089,0.0013309121131896973,0.0013309121131896973,0.8136392310261726,0.5302672684192657,0.0005493723621099843
245,0.018550232604146004,0.8799981027841568,0.7876226641237736,0.8665460720658302,0.9016141407191753,0.8799976371228695,0.9978906810283661,48.10552042722702,1.8687642142176628,0.0013189613819122314,0.0013189613819122314,0.8161999396979809,0.5283173695206642,0.0005474481151954883
246,0.020103592755272983,0.8848839849233627,0.7955761887133121,0.8698030821979046,0.9073542766273022,0.8848835080862045,0.997961163520813,43.68476414680481,1.831349492073059,0.0012844204902648926,0.0012844204902648926,0.8215542919933796,0.552831469103694,0.0005455231164732059
247,0.01951112363487482,0.8824881576001644,0.7914674393832684,0.8776511810719967,0.8945524729788303,0.8824876993894577,0.9979667365550995,47.856628865003586,1.8742855712771416,0.001165151596069336,0.001165151596069336,0.8199095539748669,0.5392118021845818,0.0005435973626993919
248,0.01922586802765727,0.8807529434561729,0.7886357791721821,0.8676541857421398,0.901865541934967,0.8807524889707565,0.9979099929332733,51.023161709308624,1.8576559647917747,0.0012967586517333984,0.0012967586517333984,0.8165917806327343,0.5325753409415483,0.0005416708506034778
249,0.019695632800459863,0.8812343664467335,0.7893911376595497,0.8710336945950985,0.8998048566281796,0.8812339007854462,0.9979300200939178,43.743846505880356,1.8369506150484085,0.0012542009353637695,0.0012542009353637695,0.8158374205231667,0.5377912689000368,0.000539743576887742
250,0.018771427534520626,0.8820122331380844,0.790343064814806,0.8827195353806019,0.8890449777245522,0.8820117749273777,0.9980310499668121,49.4698441028595,1.7463797703385353,0.0010390877723693848,0.0010390877723693848,0.8253300338983536,0.5472866483032703,0.0005378155382269764
251,0.019119774129241703,0.877333290874958,0.7832428812980652,0.8651725463569164,0.8978339359164238,0.8773328065872192,0.9978390634059906,55.842653810977936,1.785909354686737,0.0013425946235656738,0.0013425946235656738,0.8089297376573086,0.5188371799886227,0.0005358867312681466
252,0.019058686014264824,0.8781871534883976,0.7848882339894772,0.8540587574243546,0.9115019254386425,0.8781866729259491,0.99782595038414,48.528807163238525,1.9995810091495514,0.0014697909355163574,0.0014697909355163574,0.8104024268686771,0.5162794161587954,0.0005339571526300471
253,0.018681538248434663,0.8793795891106129,0.786479014903307,0.8747590817511082,0.8913893289864063,0.8793791010975838,0.9979263246059418,43.45677110552788,1.8395780697464943,0.0011961162090301514,0.0011961162090301514,0.8128170035779476,0.5305053777992725,0.0005320267989029498
254,0.01906687019765377,0.8806585632264614,0.7886952683329582,0.8599537126719952,0.9096023291349411,0.8806580863893032,0.997943252325058,57.8868253827095,1.9243346154689789,0.0013196468353271484,0.0013196468353271484,0.8139236271381378,0.5380291845649481,0.0005300956666482484
255,0.01828105712682009,0.879954133182764,0.787428580224514,0.8722423389554024,0.8953229337930679,0.8799536600708961,0.9979307651519775,72.58145639300346,1.7802935987710953,0.001217186450958252,0.001217186450958252,0.8127613663673401,0.5267957933247089,0.000528163752398095
256,0.019354548498988152,0.8802547976374626,0.7880572117865086,0.8760739713907242,0.892666157335043,0.8802543245255947,0.9979614019393921,48.26522070169449,1.8815688863396645,0.0011584758758544922,0.0011584758758544922,0.8122018612921238,0.5363101493567228,0.0005262310526550319
257,0.019033043058589102,0.8821631409227848,0.790721669793129,0.8741354793310165,0.8969621174037457,0.8821626678109169,0.9980164766311646,48.34575352072716,1.8149865120649338,0.001147925853729248,0.001147925853729248,0.81956946849823,0.5493160076439381,0.0005242975638916167
258,0.018464019555598496,0.8800614029169083,0.7874317914247513,0.868075791746378,0.8996093831956387,0.880060937255621,0.9979670643806458,48.1158421933651,1.8266277238726616,0.0012214183807373047,0.0012214183807373047,0.8134351558983326,0.5361575726419687,0.0005223632825500419
259,0.018703694958239793,0.8785204403102398,0.7850429564714432,0.8659267500042915,0.8988942764699459,0.8785199820995331,0.9979260861873627,47.762701630592346,1.77313931286335,0.001236557960510254,0.001236557960510254,0.8139871247112751,0.5405515227466822,0.0005204282050417462
260,0.017533154513686894,0.8811157196760178,0.789190199226141,0.8729816973209381,0.8966736197471619,0.8811152391135693,0.9979742467403412,56.13518004119396,1.8266277238726616,0.0011830329895019531,0.0011830329895019531,0.8152058869600296,0.5424182396382093,0.000518492327747022
261,0.017382398718968035,0.8809728249907494,0.7888999097049236,0.8781967312097549,0.8912210017442703,0.8809723369777203,0.9979706704616547,56.115303575992584,1.7711429819464684,0.0011453330516815186,0.0011453330516815186,0.8142857924103737,0.5360984578728676,0.000516555647014613
262,0.017611556071788072,0.8817860931158066,0.790571540594101,0.8556378707289696,0.9168379381299019,0.8817856088280678,0.9978754818439484,43.6641548871994,1.8122922629117966,0.0014522969722747803,0.0014522969722747803,0.8155777230858803,0.5437799878418446,0.0005146181591613082
263,0.019118474055081606,0.8784875981509686,0.7854938358068466,0.8697929866611958,0.8956114910542965,0.8784871324896812,0.9979364573955536,43.68539705872536,1.8512143194675446,0.0012246668338775635,0.0012246668338775635,0.8147495165467262,0.5418268945068121,0.0005126798604715261
264,0.01757759031280875,0.8832701779901981,0.7928644604980946,0.8713328763842583,0.9020801074802876,0.883269689977169,0.9980262815952301,48.11353945732117,1.7651194632053375,0.0011882483959197998,0.0011882483959197998,0.8191573731601238,0.554871853441,0.000510740747196894
265,0.017261215323582293,0.8786846399307251,0.7856634147465229,0.8701079785823822,0.895071491599083,0.8786841481924057,0.997917115688324,43.60982829332352,1.878492310643196,0.0012516975402832031,0.0012516975402832031,0.8130721338093281,0.5260974578559399,0.000508800815555818
266,0.017040781021118164,0.8793015405535698,0.7865028232336044,0.8623106852173805,0.9039403647184372,0.8793010525405407,0.9979364275932312,43.46520406007767,1.9212813898921013,0.0012904107570648193,0.0012904107570648193,0.812347587198019,0.5255140215158463,0.0005068600617330473
267,0.016601856444031,0.8830724805593491,0.7923902943730354,0.8781457804143429,0.8951394036412239,0.8830720111727715,0.9980259239673615,47.78911933302879,1.8742855712771416,0.0011272132396697998,0.0011272132396697998,0.819556713104248,0.5441886279731989,0.0005049184818792296
268,0.016914740096777677,0.8817025385797024,0.7902226150035858,0.870300367474556,0.9008306562900543,0.8817020580172539,0.997960776090622,47.78748162090778,1.9338042810559273,0.0012479126453399658,0.0012479126453399658,0.8157110176980495,0.5373447258025408,0.0005029760721104597
269,0.016440215166658164,0.8796736635267735,0.7871492803096771,0.8707099258899689,0.8966671042144299,0.8796731680631638,0.9979432225227356,48.222205609083176,1.971492551267147,0.001223534345626831,0.001223534345626831,0.8131723888218403,0.5214896183460951,0.0005010328285078191
270,0.016761162221431734,0.8812767751514912,0.7897889316082001,0.8651207908987999,0.9052622802555561,0.8812762908637524,0.9979528784751892,52.11813502013683,1.8872845396399498,0.0012868940830230713,0.0012868940830230713,0.8127532340586185,0.5275449268519878,0.0004990887471169086
271,0.017028136521577836,0.8788706213235855,0.7858992926776409,0.8714690208435059,0.8939375355839729,0.8788701556622982,0.9978934228420258,43.504388213157654,1.8916940912604332,0.0012545883655548096,0.0012545883655548096,0.8132175654172897,0.5194241423159838,0.0004971438239473716
272,0.018282571591436862,0.8831625171005726,0.7920467406511307,0.8768556714057922,0.8956677094101906,0.8831620514392853,0.9980507791042328,51.49871169030666,1.6769433096051216,0.0010915398597717285,0.0010915398597717285,0.8198691047728062,0.5477066375315189,0.0004951980549724098
273,0.017275013998150825,0.8840547651052475,0.7935571670532227,0.878210786730051,0.8964788876473904,0.8840542882680893,0.9980713427066803,43.44397962093353,1.7691504061222076,0.0010843276977539062,0.0010843276977539062,0.819393627345562,0.5336186625063419,0.0004932514361282894
274,0.01660847545787692,0.8840692974627018,0.7937914840877056,0.8739579990506172,0.9004667289555073,0.8840688318014145,0.9980661869049072,31.439210921525955,1.7492855787277222,0.0011264383792877197,0.0011264383792877197,0.8191690966486931,0.5450753848999739,0.0004913039633138389
275,0.017567529790103436,0.8792711719870567,0.7862340025603771,0.8695427887141705,0.8961323574185371,0.8792707026004791,0.9979553818702698,56.53286311030388,1.8312396183609962,0.0012099146842956543,0.0012099146842956543,0.8102214820683002,0.5191363468766212,0.0004893556323899376
276,0.016526138169690965,0.8777642101049423,0.7843477316200733,0.8705040588974953,0.8924534730613232,0.8777637295424938,0.9979231357574463,48.20811793208122,1.9006870090961456,0.0012281239032745361,0.0012281239032745361,0.8109381385147572,0.520276103168726,0.00048740643917899543
277,0.01761704370751977,0.8834768421947956,0.7931941151618958,0.8705061599612236,0.9035429209470749,0.8834763802587986,0.9980060756206512,37.84266218543053,1.8297454342246056,0.0012070238590240479,0.0012070238590240479,0.8255245611071587,0.5527345165610313,0.00048545637946442196
278,0.01638556218892336,0.8817547336220741,0.7901206016540527,0.862357322126627,0.9085526131093502,0.8817542605102062,0.9979512691497803,47.74605271220207,1.8037694841623306,0.0013085603713989258,0.0013085603713989258,0.8173658587038517,0.536977494135499,0.0004835054489900874
279,0.018016504798084497,0.8825157359242439,0.7909947298467159,0.8723905310034752,0.8988986760377884,0.8825152516365051,0.9980110228061676,51.16641712188721,1.6778562515974045,0.001148611307144165,0.001148611307144165,0.8166970498859882,0.5373934749513865,0.0004815536434597723
280,0.016414703607559204,0.8842225670814514,0.7939704284071922,0.8627504967153072,0.9124052077531815,0.884222112596035,0.9980479180812836,53.91473785042763,1.865717850625515,0.001242518424987793,0.001242518424987793,0.8202363476157188,0.5507651921361685,0.0004796009585366077
281,0.01696977346017957,0.8717215098440647,0.7748392596840858,0.8615788817405701,0.8893122225999832,0.8717210441827774,0.9977956712245941,62.383796483278275,1.7251912131905556,0.0013003349304199219,0.0013003349304199219,0.8066881187260151,0.5255468133836985,0.0004776473898425048
282,0.017210063945502042,0.8740664534270763,0.777862548828125,0.8670099563896656,0.8880752101540565,0.8740659803152084,0.9978484809398651,62.42907837033272,1.827129878103733,0.001234889030456543,0.001234889030456543,0.8087165355682373,0.5155033078044653,0.00047569293295757415
283,0.016460776899009943,0.8813909292221069,0.7895053252577782,0.8656636029481888,0.9034057669341564,0.8813904523849487,0.9979987144470215,56.076076835393906,1.6865869835019112,0.001216799020767212,0.001216799020767212,0.8160019218921661,0.5315597914159298,0.0004737375834195338
284,0.01634684391692281,0.8790794163942337,0.7857878059148788,0.8676449619233608,0.896868459880352,0.8790789470076561,0.9979861676692963,43.4418281018734,1.8007393777370453,0.0011812150478363037,0.0011812150478363037,0.81163464859128,0.529383173212409,0.0004717813367231056
285,0.015745711280032992,0.880148246884346,0.7874303348362446,0.8750314824283123,0.8915237300097942,0.8801477774977684,0.9980066418647766,49.91348022222519,1.7636290416121483,0.0011154413223266602,0.0011154413223266602,0.811957348138094,0.5195701848715544,0.00046982418831940226
286,0.015763143736869097,0.8813422061502934,0.7894379943609238,0.879347201436758,0.8898544311523438,0.8813417330384254,0.9980364143848419,50.62534388899803,1.7987885549664497,0.0010665357112884521,0.0010665357112884521,0.8145015053451061,0.536880848929286,0.0004678661336153
287,0.01512544983625412,0.8809219151735306,0.7887697815895081,0.8750676475465298,0.8929508663713932,0.8809214532375336,0.9980264008045197,55.94474706053734,1.7195784822106361,0.001106172800064087,0.001106172800064087,0.8145942203700542,0.5373575557023287,0.00046590716797280114
288,0.015464815327897667,0.8804459348320961,0.7882744148373604,0.8813120014965534,0.8864950574934483,0.8804454505443573,0.9980176091194153,43.57538878917694,1.7609944716095924,0.0010630488395690918,0.0010630488395690918,0.8143337890505791,0.5308759082108736,0.00046394728670838385
289,0.015388557652011513,0.8780769631266594,0.7842812426388264,0.8659815974533558,0.8969511650502682,0.8780764862895012,0.9979172945022583,56.17813190817833,1.774763137102127,0.001248091459274292,0.001248091459274292,0.8094451650977135,0.5242268443107605,0.0004619864850923394
290,0.016359379265457392,0.8791713938117027,0.7860850021243095,0.8678389824926853,0.8976041935384274,0.879170898348093,0.9979488253593445,51.8168249130249,1.7290099635720253,0.0012339353561401367,0.0012339353561401367,0.8151171207427979,0.5425076689571142,0.0004600247583480966
291,0.01615917320549488,0.8789910264313221,0.7858704850077629,0.8630086369812489,0.9027848020195961,0.8789905421435833,0.9979053139686584,43.58268505334854,1.7905970215797424,0.0013071298599243164,0.0013071298599243164,0.8146298341453075,0.5356651283800602,0.00045806210165153324
292,0.016028451953083278,0.8783918730914593,0.7849238999187946,0.8728324733674526,0.8909587189555168,0.8783914037048817,0.9979660212993622,61.670116394758224,1.7530721351504326,0.0011629462242126465,0.0011629462242126465,0.8120006509125233,0.5296456050127745,0.0004560985101302735
293,0.015547659588977695,0.8829452842473984,0.7918552979826927,0.8783367425203323,0.8934130445122719,0.8829447999596596,0.9980787038803101,56.065316051244736,1.6738253086805344,0.0010523498058319092,0.0010523498058319092,0.8157963976264,0.5427334476262331,0.00045413397886297295
294,0.016219079703092575,0.8810636103153229,0.7888991832733154,0.8720104731619358,0.8967215530574322,0.8810631334781647,0.9980126321315765,43.85477465391159,1.8088800609111786,0.0011562705039978027,0.0011562705039978027,0.8143799304962158,0.5314204320311546,0.0004521685028785876
295,0.015506180023774505,0.8829182609915733,0.791836429387331,0.8736076727509499,0.8983887210488319,0.8829177804291248,0.9980678856372833,43.517366111278534,1.7321279644966125,0.0011068880558013916,0.0011068880558013916,0.8152799904346466,0.5430825613439083,0.0004502020771556299
296,0.015238267567008733,0.8788002729415894,0.7854655496776104,0.8660265430808067,0.8988377004861832,0.8787998035550117,0.9979175925254822,56.322034388780594,1.7363253086805344,0.0012710392475128174,0.0012710392475128174,0.8117817863821983,0.5297902096062899,0.0004482346966214095
297,0.0149560936819762,0.8786282911896706,0.7852795645594597,0.8747962340712547,0.8892781585454941,0.8786278106272221,0.9979444444179535,43.643096566200256,1.799657940864563,0.0011668801307678223,0.0011668801307678223,0.8126239962875843,0.5345529187470675,0.0004462663561512584
298,0.01518558401800692,0.8818397521972656,0.7904070913791656,0.876308374106884,0.8940658234059811,0.8818392790853977,0.9980224668979645,51.28109285235405,1.6738253086805344,0.0011270344257354736,0.0011270344257354736,0.8158899508416653,0.5482726227492094,0.0004442970505677413
299,0.014702129015699028,0.8804837986826897,0.7884191647171974,0.8802177533507347,0.8873909637331963,0.8804833181202412,0.998016357421875,75.48115888237953,1.740144059062004,0.0010743439197540283,0.0010743439197540283,0.8155924491584301,0.5367768425494432,0.00044232677463984944
300,0.01500626378878951,0.8790477737784386,0.7856533564627171,0.8626936599612236,0.9020685702562332,0.8790472894906998,0.9979402124881744,44.122345209121704,1.8302509039640427,0.0012775957584381104,0.0012775957584381104,0.8131175264716148,0.5349530447274446,0.0004403555230821779
301,0.016079429294914006,0.8813874199986458,0.7898913063108921,0.8712319582700729,0.8986727856099606,0.8813869543373585,0.9980006814002991,55.88353851437569,1.7764056473970413,0.0011716187000274658,0.0011716187000274658,0.817156258970499,0.5375364851206541,0.00043838329055408696
302,0.014957364896312357,0.8805690854787827,0.7882769629359245,0.8672706075012684,0.9007538631558418,0.8805686011910439,0.9979633390903473,44.00199455022812,1.6914853677153587,0.0012351572513580322,0.0012351572513580322,0.8133849278092384,0.5409031100571156,0.00043641007165884534
303,0.014234328154474497,0.8799608647823334,0.7873913608491421,0.8648949228227139,0.9021583721041679,0.8799603953957558,0.9979277849197388,56.36785513162613,1.7737744227051735,0.0012838244438171387,0.0012838244438171387,0.8143982626497746,0.5353938303887844,0.0004344358609427563
304,0.01392734137736261,0.8815361522138119,0.7898228690028191,0.8726265393197536,0.8972194232046604,0.8815356753766537,0.9979964792728424,56.0676087141037,1.717373713850975,0.0011724531650543213,0.0011724531650543213,0.8142102472484112,0.5358702372759581,0.0004324606528942658
305,0.01405620120279491,0.8807373940944672,0.788826260715723,0.8677123412489891,0.9007777720689774,0.8807369247078896,0.99796923995018,56.32113167643547,1.8302509039640427,0.0012416243553161621,0.0012416243553161621,0.8135568611323833,0.5321529675275087,0.0004304844419430511
306,0.015176471611484886,0.8808868564665318,0.7889436110854149,0.8656307645142078,0.9035512767732143,0.8808864019811153,0.9979551732540131,51.91217467188835,1.7610231190919876,0.001252681016921997,0.001252681016921997,0.8151016160845757,0.5329126976430416,0.00042850722245909174
307,0.014639282612130046,0.8841901049017906,0.7940542995929718,0.880295492708683,0.8945890180766582,0.8841896317899227,0.9980819523334503,51.736240327358246,1.7620014622807503,0.0010682642459869385,0.0010682642459869385,0.8168483264744282,0.5438726264983416,0.00042652898875171984
308,0.01468108277581632,0.881186231970787,0.7891960963606834,0.8765699230134487,0.8925336636602879,0.88118577003479,0.9979643225669861,51.92692244052887,1.7280970215797424,0.0011675059795379639,0.0011675059795379639,0.8143211826682091,0.526489119976759,0.00042454973506865094
309,0.014399437967687846,0.8838129825890064,0.7934598363935947,0.8716682679951191,0.9027135893702507,0.8838124983012676,0.9979998171329498,44.01032358407974,1.745254635810852,0.0012092292308807373,0.0012092292308807373,0.8179141320288181,0.543950155377388,0.00042256945559499383
310,0.013965489089488983,0.8812058828771114,0.7893575765192509,0.8727367371320724,0.8969235010445118,0.8812054060399532,0.9979349374771118,56.26807972788811,1.7312150225043297,0.0012437701225280762,0.0012437701225280762,0.8146675899624825,0.5315203443169594,0.0004205881444522394
311,0.014107016047462822,0.8810335993766785,0.7890590503811836,0.8711973577737808,0.8980945833027363,0.8810331076383591,0.9979524314403534,43.803006917238235,1.779873713850975,0.0012253522872924805,0.0012253522872924805,0.8136718906462193,0.5312556903809309,0.0004186057956972281
312,0.013909294126555324,0.8848431296646595,0.7950675934553146,0.8721365258097649,0.9041897319257259,0.8848426602780819,0.998042494058609,43.447441667318344,1.670417346060276,0.001184612512588501,0.001184612512588501,0.8182957731187344,0.5497273579239845,0.0004166224033210947
313,0.01404685041308403,0.8821580372750759,0.7908077873289585,0.8714366406202316,0.9000279828906059,0.8821575678884983,0.9979503154754639,43.56872999668121,1.7405548468232155,0.0012416839599609375,0.0012416839599609375,0.8139946572482586,0.5421511065214872,0.0004146379612481899
314,0.013862977761775256,0.8817742206156254,0.79025037586689,0.876039020717144,0.894814245402813,0.8817737549543381,0.9979789555072784,43.56631940603256,1.7651194632053375,0.0011683404445648193,0.0011683404445648193,0.8121886253356934,0.5347306970506907,0.00041265246333497955
315,0.013550324719399215,0.8818431794643402,0.7902784869074821,0.8762994632124901,0.8941048793494701,0.8818427175283432,0.9979766309261322,51.79457253217697,1.722484290599823,0.0011701583862304688,0.0011701583862304688,0.8137615509331226,0.530664699152112,0.00041066590336891814
316,0.0147808185108006,0.8814638443291187,0.7895034030079842,0.8854187838733196,0.8841613121330738,0.8814633712172508,0.9980325400829315,51.65712124109268,1.8039358854293823,0.0010377764701843262,0.0010377764701843262,0.81102155148983,0.5329047311097383,0.0004086782750672989
317,0.014510344780981541,0.8836809024214745,0.7931790687143803,0.8787875175476074,0.895299393683672,0.8836804144084454,0.9980499148368835,51.874329686164856,1.7682374641299248,0.0011129677295684814,0.0011129677295684814,0.8184752985835075,0.5436591152101755,0.0004066895720760775
318,0.014097176300361752,0.8790940530598164,0.7862087227404118,0.871967077255249,0.8932977579534054,0.8790935836732388,0.9979531168937683,43.49502021074295,1.8256268873810768,0.0011953413486480713,0.0011953413486480713,0.8102744109928608,0.5344873182475567,0.00040469978796866976
319,0.014356842376291751,0.8806485459208488,0.7885823175311089,0.8789943866431713,0.8891397342085838,0.8806480765342712,0.9980316162109375,51.95861029624939,1.768720604479313,0.0010806620121002197,0.0010806620121002197,0.8138094432651997,0.5309378691017628,0.0004027089162447227
320,0.01566642005369067,0.8818649090826511,0.7905950173735619,0.8810021616518497,0.8897934146225452,0.8818644359707832,0.9980327188968658,51.81892052292824,1.779873713850975,0.0010847151279449463,0.0010847151279449463,0.8157888352870941,0.5474427714943886,0.00040071695032885756
321,0.013776010248810052,0.8791640624403954,0.786047775298357,0.8673352040350437,0.8982578329741955,0.8791635856032372,0.9979098737239838,43.59428545832634,1.7886044457554817,0.0012839138507843018,0.0012839138507843018,0.8099357783794403,0.5237995386123657,0.0003987238835693844
322,0.01322317772358656,0.8827040977776051,0.7918481975793839,0.8827592842280865,0.8896039947867393,0.8827036283910275,0.998034656047821,51.575594902038574,1.7363253086805344,0.0010783076286315918,0.0010783076286315918,0.8137105815112591,0.5420213155448437,0.00039672970923698735
323,0.013839621357619762,0.8803983218967915,0.7884900532662868,0.8728496246039867,0.8958259709179401,0.8803978562355042,0.9979322850704193,50.75551164150238,1.8393436074256897,0.001222848892211914,0.001222848892211914,0.8151965998113155,0.532105078920722,0.0003947344205233804
324,0.013232119442895054,0.8821875862777233,0.7909863218665123,0.87714072316885,0.8939063921570778,0.8821871168911457,0.998028427362442,51.57187822461128,1.7539853677153587,0.0011156797409057617,0.0011156797409057617,0.8148063272237778,0.5430566053837538,0.00039273801053993075
325,0.013223365537822246,0.8779342100024223,0.7841285802423954,0.8630467280745506,0.9001320190727711,0.8779337219893932,0.9978893101215363,51.70965027809143,1.783992551267147,0.0013125836849212646,0.0013125836849212646,0.8087267950177193,0.5127923265099525,0.000390740472316252
326,0.013496682602912188,0.8831561543047428,0.7922326438128948,0.8722349219024181,0.9004002325236797,0.8831556737422943,0.9980399310588837,56.08541399240494,1.7332075983285904,0.001159965991973877,0.001159965991973877,0.8142780438065529,0.5366612728685141,0.0003887417987987635
327,0.013488476123660803,0.8829428777098656,0.7918487712740898,0.8778184540569782,0.8941229544579983,0.8829424120485783,0.9980520606040955,51.79980483651161,1.6590710580348969,0.001097559928894043,0.001097559928894043,0.8146512806415558,0.5415278263390064,0.00038674198284921577
328,0.013002170963212848,0.8835902065038681,0.7929090857505798,0.8750955574214458,0.8982894197106361,0.8835897259414196,0.9980553686618805,51.55752071738243,1.7238080203533173,0.0011263489723205566,0.0011263489723205566,0.815748680382967,0.5478376802057028,0.0003847410172431821
329,0.013389254864305257,0.8810817860066891,0.7892967574298382,0.8698430918157101,0.8992010019719601,0.8810813203454018,0.9979943037033081,51.64400666952133,1.7108477503061295,0.0011978745460510254,0.0011978745460510254,0.8149793781340122,0.5319665037095547,0.00038273889466851373
330,0.01311719279922545,0.8829154521226883,0.7920603267848492,0.8758108802139759,0.8961466737091541,0.8829149752855301,0.9980758130550385,51.486805498600006,1.748590923845768,0.0011002123355865479,0.0011002123355865479,0.8182411156594753,0.5593577940016985,0.00038073560772375803
331,0.013260731223970652,0.8819295018911362,0.7904589958488941,0.8715681992471218,0.8990874215960503,0.8819290138781071,0.9979762434959412,51.67246216535568,1.6590710580348969,0.0012112259864807129,0.0012112259864807129,0.8124292902648449,0.5407480355352163,0.0003787311489165393
332,0.013436362599954009,0.882250476628542,0.7908574864268303,0.8712253496050835,0.8999158032238483,0.8822500109672546,0.9980066120624542,43.63888195157051,1.7531365007162094,0.0011928081512451172,0.0011928081512451172,0.8136251755058765,0.5413399245589972,0.0003767255106619003
333,0.013118723016232252,0.8841516636312008,0.7938914336264133,0.8767956979572773,0.8980995491147041,0.884151179343462,0.9980401694774628,51.66049861907959,1.6585409715771675,0.0011428594589233398,0.0011428594589233398,0.81548822671175,0.543153665959835,0.0003747186852806031
334,0.012626594489440321,0.8815962113440037,0.7901063524186611,0.8735852986574173,0.8967918530106544,0.8815957456827164,0.997990071773529,55.99891224503517,1.7280970215797424,0.0011905133724212646,0.0011905133724212646,0.8125711344182491,0.5369098000228405,0.00037271066499738924
335,0.013529796414077281,0.8817769140005112,0.7903090082108974,0.8685103580355644,0.9024054482579231,0.8817764334380627,0.9979555904865265,51.35364258289337,1.6863747909665108,0.0012689530849456787,0.0012689530849456787,0.8128379061818123,0.526152815669775,0.00037070144193919653
336,0.012735586719587445,0.8816857114434242,0.7899514846503735,0.8798219487071037,0.8901837430894375,0.8816852271556854,0.9980215132236481,43.602717727422714,1.704962506890297,0.001105964183807373,0.001105964183807373,0.8112362697720528,0.5248439367860556,0.00036869100813333194
337,0.013132390277460217,0.8796614073216915,0.7870950549840927,0.8754711076617241,0.8912120349705219,0.8796609193086624,0.9979408085346222,43.42317423224449,1.7687396183609962,0.001193404197692871,0.001193404197692871,0.8095489628612995,0.5193018671125174,0.00036667935550559937
338,0.0131794194560498,0.8833305314183235,0.7926871813833714,0.8732809536159039,0.9003265760838985,0.8833300545811653,0.9980180859565735,43.20764583349228,1.765621617436409,0.001174628734588623,0.001174628734588623,0.81489098072052,0.5322723314166069,0.00036466647587838003
339,0.012586869223043322,0.8813352510333061,0.7896548770368099,0.8760564625263214,0.8940095901489258,0.8813347741961479,0.9979744851589203,55.705449998378754,1.7285078093409538,0.0011661052703857422,0.0011661052703857422,0.811669796705246,0.5308673642575741,0.0003626523609686652
340,0.012989837441593408,0.8788152374327183,0.7854691967368126,0.8803099505603313,0.8850363940000534,0.8788147643208504,0.9979257583618164,43.32364630699158,1.7508673667907715,0.0011501610279083252,0.0011501610279083252,0.8103086091578007,0.5189283527433872,0.00036063700238603866
341,0.012294625099748373,0.882737647742033,0.791669137775898,0.8812122829258442,0.8912053368985653,0.8827371671795845,0.9980276226997375,51.429274529218674,1.6809864416718483,0.0010878443717956543,0.0010878443717956543,0.813452634960413,0.531293110921979,0.0003586203916306077
342,0.01246127448603511,0.8817911893129349,0.7902776822447777,0.8749537505209446,0.8956617191433907,0.881790716201067,0.9979856610298157,56.187170803546906,1.7454668283462524,0.0011729598045349121,0.0011729598045349121,0.8120572417974472,0.5308830682188272,0.0003566025200908819
343,0.01268510109744966,0.8827101290225983,0.7918112352490425,0.8762798719108105,0.8965281024575233,0.8827096447348595,0.9979888796806335,51.44416522979736,1.7321279644966125,0.0011579692363739014,0.0011579692363739014,0.8136104308068752,0.5267457105219364,0.0003545833790415959
344,0.012387487916275858,0.8815915137529373,0.7898442074656487,0.8772097565233707,0.8930361531674862,0.8815910443663597,0.997974157333374,55.790254801511765,1.7066504061222076,0.0011546909809112549,0.0011546909809112549,0.811327088624239,0.5253636762499809,0.0003525629596414768
345,0.012505914708599448,0.882319763302803,0.7909942753612995,0.8733623065054417,0.8978576846420765,0.8823192864656448,0.9979912340641022,51.75059109926224,1.7229864448308945,0.0011816024780273438,0.0011816024780273438,0.8125862255692482,0.5308281555771828,0.0003505412529309526
346,0.012555080464109778,0.879808284342289,0.7871742099523544,0.8762878961861134,0.8902669884264469,0.879807822406292,0.997961014509201,51.54911535978317,1.7527821734547615,0.001153111457824707,0.001153111457824707,0.8102659396827221,0.5289837308228016,0.0003485182498298004
347,0.012312491150572896,0.879737600684166,0.7874621376395226,0.878918532282114,0.8880389146506786,0.879737127572298,0.9979692101478577,55.991758197546005,1.74285127222538,0.0011401772499084473,0.0011401772499084473,0.8106232509016991,0.5453968923538923,0.0003464939411347329
348,0.012280933922156692,0.8804171532392502,0.7881371453404427,0.8757262900471687,0.8918554857373238,0.8804166838526726,0.9979763031005859,55.96017375588417,1.7086429819464684,0.001158386468887329,0.001158386468887329,0.8118785209953785,0.5256115533411503,0.0003444683175169201
349,0.012974065957590937,0.8826541230082512,0.7915019169449806,0.8761399909853935,0.895711362361908,0.8826536573469639,0.9980030655860901,51.31591954827309,1.7035324051976204,0.0011581778526306152,0.0011581778526306152,0.813650693744421,0.5314418859779835,0.00034244136951944463
350,0.011996430460363626,0.88215097412467,0.7907779552042484,0.877247080206871,0.8939428254961967,0.882150512188673,0.9979831874370575,43.147479236125946,1.7742609828710556,0.0011579394340515137,0.0011579394340515137,0.811696819961071,0.5251175500452518,0.0003404130875546888
351,0.011907199637964367,0.8820198066532612,0.7905637100338936,0.8744648806750774,0.8963244967162609,0.8820193521678448,0.9979864656925201,51.36253908276558,1.7161705195903778,0.001175522804260254,0.001175522804260254,0.8107106760144234,0.5247535035014153,0.0003383834619016499
352,0.012565939778462052,0.8788185752928257,0.785859975963831,0.872681200504303,0.8927716128528118,0.8788181021809578,0.9978894591331482,51.766499638557434,1.7905970215797424,0.0012551546096801758,0.0012551546096801758,0.8105616420507431,0.5241399090737104,0.00033635248270318287
353,0.011858830651268363,0.8805651292204857,0.7886169366538525,0.8762840554118156,0.8919261284172535,0.8805646784603596,0.9979584515094757,51.27689465880394,1.6936901360750198,0.0011703968048095703,0.0011703968048095703,0.8118392452597618,0.5359850227832794,0.0003343201399631669
354,0.01254670430906117,0.8834231235086918,0.792879618704319,0.8754762001335621,0.8986783549189568,0.8834226280450821,0.9979801177978516,51.47656047344208,1.6660078093409538,0.001203089952468872,0.001203089952468872,0.8145885840058327,0.5319350063800812,0.0003322864235435932
355,0.012440229691565037,0.880478523671627,0.7884691208600998,0.8782272487878799,0.8902249485254288,0.8804780505597591,0.9979525506496429,51.32932907342911,1.787189058959484,0.0011706054210662842,0.0011706054210662842,0.8123504742980003,0.535492479801178,0.00033025132316157177
356,0.012398714527487755,0.880338191986084,0.788129523396492,0.8749826811254025,0.8927349075675011,0.8803377114236355,0.9979616701602936,43.13425749540329,1.7905970215797424,0.0011802315711975098,0.0011802315711975098,0.8108960874378681,0.5248214304447174,0.00032821482838625376
357,0.011755098232999445,0.8799553699791431,0.7873417250812054,0.8765629231929779,0.8902990520000458,0.8799548931419849,0.9979564845561981,51.584055691957474,1.7905970215797424,0.0011692047119140625,0.0011692047119140625,0.8098817951977253,0.5191324166953564,0.0003261769286356675
358,0.011550127120688558,0.8802253752946854,0.7878866232931614,0.8729450814425945,0.8941279873251915,0.8802249021828175,0.9979762732982635,55.82934707403183,1.7291545271873474,0.0011730492115020752,0.0011730492115020752,0.8097222112119198,0.5387805607169867,0.0003241376131734635
359,0.011987039059400559,0.8807138204574585,0.7884955741465092,0.8744520470499992,0.8936105370521545,0.8807133510708809,0.9979901015758514,51.197332203388214,1.6423242315649986,0.0011541247367858887,0.0011541247367858887,0.8121456690132618,0.5298421494662762,0.00032209687110556687
360,0.01170873412117362,0.8815047666430473,0.789829533547163,0.8772398456931114,0.8923868834972382,0.8815042972564697,0.9980073273181915,51.31640188395977,1.6905721351504326,0.0011239349842071533,0.0011239349842071533,0.8131767548620701,0.530856654047966,0.00032005469137673224
361,0.011735822647809983,0.8815050013363361,0.7897266075015068,0.879151213914156,0.8906496725976467,0.8815045207738876,0.9980077743530273,55.61370864510536,1.7581827118992805,0.0011168718338012695,0.0011168718338012695,0.8128333389759064,0.5253277942538261,0.0003180110627669995
362,0.011602210108190776,0.8829979337751865,0.7920445576310158,0.8740139417350292,0.8987763114273548,0.882997453212738,0.9979996383190155,51.58856043219566,1.6812982335686684,0.001197725534439087,0.001197725534439087,0.8133830204606056,0.5263098292052746,0.00031596597388804456
363,0.011333611624315381,0.8825569860637188,0.7913370653986931,0.8774034939706326,0.8942645974457264,0.8825565129518509,0.9980035126209259,55.85768839716911,1.7006268873810768,0.0011491775512695312,0.0011491775512695312,0.8129974231123924,0.530757175758481,0.0003139194131794234
364,0.011536334808915853,0.8828568309545517,0.7917467840015888,0.8765601478517056,0.8955673724412918,0.8828563541173935,0.9980121552944183,55.80624175071716,1.717373713850975,0.0011463761329650879,0.0011463761329650879,0.8124219588935375,0.5252958610653877,0.00031187136890470395
365,0.011315006548538804,0.8815982490777969,0.790042370557785,0.8698679991066456,0.9004081673920155,0.8815977647900581,0.9979486167430878,51.81225833296776,1.7543961554765701,0.0012477338314056396,0.0012477338314056396,0.812061257660389,0.5300234407186508,0.00030982182914748223
366,0.01171521213836968,0.8821377232670784,0.7906783521175385,0.8783543594181538,0.8925968483090401,0.8821372464299202,0.9979844093322754,51.51601377129555,1.717373713850975,0.0011461079120635986,0.0011461079120635986,0.8122431039810181,0.5254147872328758,0.0003077707818072785
367,0.011322762368246912,0.8824569657444954,0.7912833318114281,0.8735766336321831,0.8982065618038177,0.8824565000832081,0.99798384308815,55.69230619072914,1.7198819518089294,0.0011897385120391846,0.0011897385120391846,0.813266534358263,0.5258474852889776,0.0003057182145953083
368,0.01162436575628817,0.8800640515983105,0.7874183468520641,0.8701779395341873,0.8966579921543598,0.8800635673105717,0.9979585707187653,51.588462978601456,1.7341205403208733,0.0012220144271850586,0.0012220144271850586,0.809396531432867,0.5338157378137112,0.00030366411503012506
369,0.011317492509260774,0.8795575648546219,0.7865772917866707,0.8755079358816147,0.8906152620911598,0.8795570991933346,0.9979691207408905,51.26305630803108,1.6995014622807503,0.001144111156463623,0.001144111156463623,0.8104565441608429,0.5331835746765137,0.00030160847043312673
370,0.011222706098109483,0.8795763850212097,0.786589078605175,0.8717973381280899,0.8941814973950386,0.8795759081840515,0.9979361295700073,51.219760715961456,1.708232194185257,0.0012097954750061035,0.0012097954750061035,0.8090633824467659,0.528235636651516,0.00029955126792392453
371,0.011339507693424821,0.880365788936615,0.7878681272268295,0.8748782575130463,0.89271080493927,0.8803653120994568,0.9979530274868011,51.12631022930145,1.6883673667907715,0.0011834204196929932,0.0011834204196929932,0.8093341775238514,0.5235686637461185,0.00029749249441556524
372,0.010998469522222876,0.8806280456483364,0.7882821522653103,0.8718435056507587,0.8962292112410069,0.8806275725364685,0.9979526102542877,55.419652849435806,1.6883673667907715,0.0012097358703613281,0.0012097358703613281,0.8100064732134342,0.5293603744357824,0.00029543213660960366
373,0.011217649227008224,0.8797227032482624,0.7874997109174728,0.8764418885111809,0.890371534973383,0.8797222375869751,0.9979584217071533,51.292368680238724,1.6995014622807503,0.0011635124683380127,0.0011635124683380127,0.8102495521306992,0.5345118176192045,0.00029337018099101795
374,0.010767787380144,0.8829924389719963,0.7921929806470871,0.8791751563549042,0.8937025815248489,0.8829919584095478,0.9980229139328003,51.42983916401863,1.7142557129263878,0.001118093729019165,0.001118093729019165,0.8143491074442863,0.5272527411580086,0.00029130661382296226
375,0.011688934300094843,0.8803650066256523,0.7882154583930969,0.8798254877328873,0.8882456310093403,0.8803645223379135,0.997991532087326,51.6700060069561,1.7879517003893852,0.0011033415794372559,0.0011033415794372559,0.8103601932525635,0.52486358769238,0.0002892414211413496
376,0.01155128094740212,0.8784689195454121,0.7852090187370777,0.8733524940907955,0.8908825591206551,0.8784684352576733,0.9979493319988251,51.40841805934906,1.7620014622807503,0.0011699497699737549,0.0011699497699737549,0.8092408701777458,0.533398536965251,0.0002871745887492587
377,0.011402931857854128,0.8801252171397209,0.7876616977155209,0.8762513548135757,0.891149964183569,0.8801247291266918,0.9979480803012848,39.138239204883575,1.7142557129263878,0.0011827051639556885,0.0011827051639556885,0.8097522743046284,0.5246317312121391,0.0002851061022111573
378,0.010782925091683864,0.8786081224679947,0.7855479121208191,0.8757183067500591,0.8889190256595612,0.8786076530814171,0.9979267120361328,51.355692625045776,1.747961848974228,0.0011816918849945068,0.0011816918849945068,0.8085827976465225,0.5236263815313578,0.00028303594684693387
379,0.011284232567995787,0.8819086998701096,0.7903700172901154,0.8741424456238747,0.8959641344845295,0.8819082267582417,0.9980040788650513,42.807400315999985,1.7026194632053375,0.001156538724899292,0.001156538724899292,0.8119463250041008,0.5301133636385202,0.00028096410772573076
380,0.010764983292669058,0.8808045908808708,0.7887931056320667,0.8743523322045803,0.8942287862300873,0.8808041177690029,0.9979666769504547,51.31357184052467,1.717373713850975,0.001178056001663208,0.001178056001663208,0.8107550702989101,0.5200023092329502,0.0002788905696595702
381,0.011500845463946462,0.8794747814536095,0.7863353826105595,0.8806515112519264,0.8858840800821781,0.8794742971658707,0.9979778528213501,52.35520002245903,1.7224840000271797,0.0010844767093658447,0.0010844767093658447,0.8120266385376453,0.5195377822965384,0.0002768153171967635
382,0.011457922238856553,0.8821853920817375,0.7908158488571644,0.8775198049843311,0.893491305410862,0.8821849301457405,0.9980130195617676,51.23802050948143,1.717373713850975,0.0011238157749176025,0.0011238157749176025,0.8119815811514854,0.5304266642779112,0.0002747383346150956
383,0.010963924497365952,0.8777456544339657,0.7837378829717636,0.8723689503967762,0.8905024230480194,0.8777451813220978,0.9979491233825684,51.747669368982315,1.7905970215797424,0.0011687278747558594,0.0011687278747558594,0.8044292740523815,0.5001539513468742,0.00027265960591477443
384,0.011214011304080486,0.8809177987277508,0.7887007780373096,0.8671238943934441,0.9015010185539722,0.8809173181653023,0.9979309439659119,52.04159078001976,1.7006268873810768,0.0012635290622711182,0.0012635290622711182,0.8104563802480698,0.5240321904420853,0.0002705791148111353
385,0.01114189874753356,0.8795734085142612,0.7866368964314461,0.8679522275924683,0.8981777615845203,0.8795729167759418,0.9979265034198761,51.48107862472534,1.7474594041705132,0.0012543201446533203,0.0012543201446533203,0.8090351298451424,0.5280376747250557,0.000268496844727089
386,0.010434920834377408,0.8808584474027157,0.7886940278112888,0.8750525675714016,0.8933916836977005,0.8808579817414284,0.9979594349861145,51.38270044326782,1.6883673667907715,0.0011719465255737305,0.0011719465255737305,0.8094649277627468,0.5290245674550533,0.0002664127787853039
387,0.010514337876811624,0.8804695345461369,0.7880903296172619,0.8752805888652802,0.8925467543303967,0.8804690688848495,0.9979522526264191,51.69131410121918,1.6975088864564896,0.0011778175830841064,0.0011778175830841064,0.8090709485113621,0.5241947937756777,0.000264326899800108
388,0.01062094796076417,0.8813697509467602,0.7895197533071041,0.8713188841938972,0.8982466943562031,0.8813692703843117,0.9979652464389801,51.37304738163948,1.7786492928862572,0.0012146532535552979,0.0012146532535552979,0.8110725060105324,0.5250360183417797,0.00026223919026910044
389,0.010676381900906563,0.8809142522513866,0.7887066453695297,0.8708573393523693,0.897796805948019,0.8809137791395187,0.9979592561721802,51.08925098180771,1.7215710580348969,0.001215130090713501,0.001215130090713501,0.8100050240755081,0.5435414761304855,0.0002601496323644581
390,0.01111772156599909,0.8793722465634346,0.7863186933100224,0.8669979274272919,0.8987104631960392,0.8793717809021473,0.9979249536991119,51.97024688124657,1.7414358854293823,0.0012544989585876465,0.0012544989585876465,0.8082198053598404,0.5279198344796896,0.0002580582079239239
391,0.010514047857373953,0.8805421032011509,0.788178164511919,0.8727538026869297,0.8953991904854774,0.8805416263639927,0.9979404211044312,55.77463635802269,1.7142557129263878,0.0012114346027374268,0.0012114346027374268,0.8092584125697613,0.5334277544170618,0.00025596489844146203
392,0.010481102917343377,0.8813377767801285,0.7893630154430866,0.8748565055429935,0.8946084752678871,0.8813373036682606,0.9979594051837921,51.30218982696533,1.682754635810852,0.0011880695819854736,0.0011880695819854736,0.8107605651021004,0.5337474942207336,0.0002538696850575648
393,0.010752371093258262,0.8824868910014629,0.7911779545247555,0.8748249895870686,0.896414004266262,0.8824864141643047,0.9980197548866272,51.267031729221344,1.7035324051976204,0.0011452138423919678,0.0011452138423919678,0.8139493055641651,0.5370895806699991,0.00025177254854919455
394,0.010203795653767883,0.8795717880129814,0.7865347899496555,0.870153583586216,0.8956896625459194,0.8795713223516941,0.9979471564292908,51.464774549007416,1.677644059062004,0.001210719347000122,0.001210719347000122,0.8098827414214611,0.5230051316320896,0.00024967346931934365
395,0.010171795274131,0.8784083351492882,0.7847538739442825,0.8698689118027687,0.8938725516200066,0.8784078508615494,0.9979234039783478,55.647873014211655,1.7651194632053375,0.0012289583683013916,0.0012289583683013916,0.8067964687943459,0.5171025730669498,0.00024757242738619403
396,0.01060993022657931,0.8810818307101727,0.7889025807380676,0.8737327121198177,0.8949296325445175,0.8810813538730145,0.9979799687862396,51.374515146017075,1.7066504061222076,0.0011740624904632568,0.0011740624904632568,0.8099580630660057,0.5340383537113667,0.00024546940237185757
397,0.01094739681854844,0.8821542859077454,0.7905270494520664,0.8799732364714146,0.8906680457293987,0.8821538239717484,0.9980467557907104,51.68716037273407,1.73944940418005,0.0010793805122375488,0.0010793805122375488,0.8126177899539471,0.5252363178879023,0.0002433643734906761
398,0.010682120993733406,0.8794421330094337,0.7862248346209526,0.8713475875556469,0.8940464854240417,0.8794416673481464,0.9979528784751892,38.82775238156319,1.7432620599865913,0.0011935830116271973,0.0011935830116271973,0.8073867671191692,0.5170981325209141,0.00024125731953706037
399,0.010427366631105542,0.8819257654249668,0.7901317588984966,0.8743542395532131,0.8956850320100784,0.8819252997636795,0.9980133473873138,38.79072052240372,1.6608888655900955,0.001147925853729248,0.001147925853729248,0.8118862845003605,0.5296389367431402,0.00023914821887284436
400,0.010297917673364281,0.8814884163439274,0.7896904163062572,0.8749912679195404,0.8946227766573429,0.8814879395067692,0.9979983568191528,38.9833182990551,1.7142557129263878,0.0011529624462127686,0.0011529624462127686,0.8119472935795784,0.5350665953010321,0.00023703704941413096
401,0.01021672208979726,0.8803822286427021,0.7880215533077717,0.8716314136981964,0.8962206169962883,0.8803817592561245,0.997938334941864,39.15798220038414,1.7249790206551552,0.0012308061122894287,0.0012308061122894287,0.8102459236979485,0.5296842977404594,0.00023492378861760376
402,0.009947381289675832,0.8810046426951885,0.7888651080429554,0.8741184435784817,0.8948074020445347,0.8810041584074497,0.997950941324234,38.75981020927429,1.7142557129263878,0.0011999011039733887,0.0011999011039733887,0.8102680146694183,0.5285118110477924,0.00023280841346627672
403,0.010055240502581001,0.8814473859965801,0.7895293310284615,0.8736874610185623,0.8959972895681858,0.8814469091594219,0.9979790449142456,51.310446709394455,1.7035324051976204,0.0011751949787139893,0.0011751949787139893,0.8108351454138756,0.5294705983251333,0.0002306909004546538
404,0.010068949601612986,0.8831668086349964,0.7923186682164669,0.874623317271471,0.8983665145933628,0.8831663355231285,0.9980139434337616,51.096569865942,1.663102000951767,0.001160949468612671,0.001160949468612671,0.8135235495865345,0.5358238536864519,0.00022857122557326718
405,0.010234831493347883,0.8815084919333458,0.7895623408257961,0.8771369233727455,0.8924496620893478,0.8815080299973488,0.9979788959026337,38.934911876916885,1.7285078093409538,0.001159071922302246,0.001159071922302246,0.8106037601828575,0.5434902105480433,0.00022644936429256138
406,0.009899408558383584,0.8799504972994328,0.7870593778789043,0.8682612366974354,0.8983465954661369,0.8799500092864037,0.9979461431503296,51.751824378967285,1.7280970215797424,0.0012369155883789062,0.0012369155883789062,0.8078822828829288,0.5271173343062401,0.0002243252915460891
407,0.010056844318285584,0.8795924000442028,0.7865974940359592,0.871561948210001,0.8943477869033813,0.8795919306576252,0.9979565143585205,51.85849216580391,1.7566009238362312,0.0011925697326660156,0.0011925697326660156,0.8078428767621517,0.5277619324624538,0.00022219898171298088
408,0.010077379727736115,0.87906164675951,0.7861422151327133,0.8740282952785492,0.8913082219660282,0.8790611773729324,0.997951090335846,38.975687712430954,1.7280970215797424,0.0011782944202423096,0.0011782944202423096,0.808572668582201,0.5235190838575363,0.00022007040859965013
409,0.010409125568345189,0.8788207471370697,0.7854057550430298,0.8684716373682022,0.8959242329001427,0.8788202740252018,0.997917890548706,38.91221624612808,1.8017311170697212,0.0012445151805877686,0.0012445151805877686,0.8076506853103638,0.5169490855187178,0.0002179395454206905
410,0.009916220476850868,0.8772052600979805,0.7828380241990089,0.864765640348196,0.8967223167419434,0.877204779535532,0.9978619813919067,51.815162628889084,1.7742609828710556,0.001308441162109375,0.001308441162109375,0.8034479431807995,0.5144732389599085,0.00021580636477892232
411,0.009900591536425054,0.881554301828146,0.7897571846842766,0.8731091283261776,0.8967571295797825,0.8815538249909878,0.9979734122753143,38.985814332962036,1.6635127887129784,0.0011927485466003418,0.0011927485466003418,0.8101613596081734,0.528997028246522,0.0002136708386445385
412,0.009934384913183748,0.8810188211500645,0.7888659238815308,0.8755217753350735,0.8932911604642868,0.8810183443129063,0.9979764819145203,51.44243198633194,1.6988763138651848,0.0011627674102783203,0.0011627674102783203,0.8096211813390255,0.5240857508033514,0.00021153293833330034
413,0.009637045757845044,0.8821904323995113,0.7907065227627754,0.8769477717578411,0.8937812596559525,0.8821899518370628,0.9980107247829437,51.41950586438179,1.7066504061222076,0.0011298954486846924,0.0011298954486846924,0.8103528656065464,0.5339869242161512,0.0002093926344837281
414,0.00966591539233923,0.880955383181572,0.7887609042227268,0.8736050724983215,0.8950039707124233,0.8809549249708652,0.9979785978794098,55.987454533576965,1.7432620599865913,0.001171499490737915,0.001171499490737915,0.8096035160124302,0.5379472337663174,0.0002072498970332279
415,0.009835778733715415,0.882042720913887,0.7904068231582642,0.8776583187282085,0.8928502835333347,0.8820422366261482,0.99801304936409,39.05781677365303,1.6650945767760277,0.0011192262172698975,0.0011192262172698975,0.8107576407492161,0.5242588110268116,0.00020510469519309334
416,0.010253731533885002,0.8810250572860241,0.7888197898864746,0.8731048293411732,0.8955241106450558,0.8810245878994465,0.9979772865772247,51.45953196287155,1.7066504061222076,0.0011751651763916016,0.0011751651763916016,0.8098712041974068,0.5238860733807087,0.00020295699742231397
417,0.009655073687434196,0.8809059634804726,0.7887062951922417,0.8728540726006031,0.8956273980438709,0.8809054754674435,0.9979740679264069,51.424864798784256,1.7405548468232155,0.0011817514896392822,0.0011817514896392822,0.8105677366256714,0.5291283018887043,0.0002008067714001198
418,0.009719897158443928,0.8808736689388752,0.7886291965842247,0.8732289597392082,0.8954688161611557,0.8808732107281685,0.9979645013809204,51.444338381290436,1.7432620599865913,0.0011923611164093018,0.0011923611164093018,0.8100053705275059,0.5241618528962135,0.0001986539839971847
419,0.009709593704901636,0.8808359131217003,0.7886752486228943,0.8661522716283798,0.9027101509273052,0.8808354325592518,0.99793741106987,51.42880827188492,1.7270250171422958,0.0012731850147247314,0.0012731850147247314,0.8103765249252319,0.5444024074822664,0.00019649860124540636
420,0.009565102003514767,0.8817023187875748,0.7898985929787159,0.8697289079427719,0.9003987796604633,0.8817018531262875,0.9979742169380188,39.067213743925095,1.6997136548161507,0.0012192130088806152,0.0012192130088806152,0.811335489153862,0.5342423710972071,0.00019434058830617405
421,0.009181242373771966,0.8817516006529331,0.7899864315986633,0.8739769384264946,0.8961658328771591,0.8817511349916458,0.9979818761348724,51.27317130565643,1.6829668283462524,0.0011797845363616943,0.0011797845363616943,0.8096980452537537,0.5287823211401701,0.00019217990943702903
422,0.009364162186160683,0.8811428472399712,0.7889785654842854,0.8748454749584198,0.8939420282840729,0.8811423666775227,0.997977614402771,38.80699719488621,1.7432620599865913,0.001164853572845459,0.001164853572845459,0.808947965502739,0.528203634545207,0.00019001652795661513
423,0.009747834097594024,0.8805512934923172,0.7881802134215832,0.8714576885104179,0.8968771025538445,0.8805508315563202,0.9979262948036194,42.478729605674744,1.7193662896752357,0.0012407898902893066,0.0012407898902893066,0.8077481798827648,0.5324571151286364,0.0001878504062078088
424,0.009307666381821036,0.8792087770998478,0.7864094451069832,0.8750739432871342,0.8907035887241364,0.8792082853615284,0.9979320168495178,38.85384979844093,1.6849594041705132,0.0011901259422302246,0.0011901259422302246,0.8088924661278725,0.5284362006932497,0.00018568150551890957
425,0.009642154541797936,0.8818331249058247,0.7902249395847321,0.8763213530182838,0.894323218613863,0.8818326815962791,0.9979774951934814,38.61518932878971,1.7086429819464684,0.0011715292930603027,0.0011715292930603027,0.8105486258864403,0.5246502161026001,0.00018350978616276273
426,0.009262366050854325,0.8813999444246292,0.7895972244441509,0.8753428794443607,0.8944500461220741,0.8813994750380516,0.9979609549045563,51.05524879693985,1.6997038125991821,0.001186072826385498,0.001186072826385498,0.8098327592015266,0.5243492927402258,0.00018133520731367455
427,0.009625970241613687,0.8814355917274952,0.7896168455481529,0.8750021532177925,0.8948726579546928,0.881435114890337,0.997968465089798,42.38779550790787,1.7285078093409538,0.0011766254901885986,0.0011766254901885986,0.8095824308693409,0.5238779317587614,0.00017915772700197077
428,0.009718605499714613,0.8794177137315273,0.7863508276641369,0.8659038618206978,0.8999019414186478,0.8794172331690788,0.9979094564914703,55.70654779672623,1.717373713850975,0.0012847483158111572,0.0012847483158111572,0.8069659397006035,0.531428050249815,0.000176977302066035
429,0.009365614104084671,0.8795031942427158,0.7865117229521275,0.8673834055662155,0.8986857533454895,0.879502709954977,0.9979110360145569,38.85669907927513,1.677644059062004,0.0012708008289337158,0.0012708008289337158,0.8061538189649582,0.5267460364848375,0.00017479388810165137
430,0.009337702907621861,0.8817966170608997,0.7902279309928417,0.8759962394833565,0.8947102390229702,0.8817961439490318,0.9979723393917084,42.34828618168831,1.7285078093409538,0.001172482967376709,0.001172482967376709,0.8103398531675339,0.5387061536312103,0.00017260743940845976
431,0.009141019045375287,0.8809849545359612,0.7888964489102364,0.8713691271841526,0.8975838609039783,0.8809844739735126,0.9979498982429504,38.891983807086945,1.6975088864564896,0.0012173354625701904,0.0012173354625701904,0.8096799850463867,0.5382678341120481,0.00017041790893331673
432,0.009347002850845457,0.880791187286377,0.7884972281754017,0.8719426989555359,0.8964191228151321,0.8807907253503799,0.9979485273361206,55.34514591097832,1.7066504061222076,0.0012096166610717773,0.0012096166610717773,0.8075607270002365,0.5427699200809002,0.00016822524821033595
433,0.009431800605729223,0.8800691738724709,0.7874106839299202,0.8704393543303013,0.8966710157692432,0.8800687119364738,0.9979336857795715,55.47540870308876,1.717373713850975,0.001231163740158081,0.001231163740158081,0.807472750544548,0.5423213224858046,0.00016602940729736244
434,0.008968096870929003,0.8803243078291416,0.7878501527011395,0.8714745230972767,0.8962499275803566,0.8803238198161125,0.9979375600814819,38.663314402103424,1.6975088864564896,0.0012235641479492188,0.0012235641479492188,0.8075534328818321,0.5372916720807552,0.00016383033470861356
435,0.009331565611064433,0.880198460072279,0.7876011244952679,0.8700971081852913,0.897298488765955,0.8801979944109917,0.9979322254657745,42.50278502702713,1.6975088864564896,0.0012397468090057373,0.0012397468090057373,0.8068354353308678,0.5412254221737385,0.0001616279773431937
436,0.009100070485845208,0.8801948316395283,0.7875757068395615,0.8720442987978458,0.8952577598392963,0.8801943622529507,0.9979408979415894,38.54257328808308,1.6899035796523094,0.0012128055095672607,0.0012128055095672607,0.8073214739561081,0.5272882543504238,0.00015942228040916463
437,0.009259045531041921,0.8803806751966476,0.7877461276948452,0.8741647899150848,0.8933623023331165,0.8803801983594894,0.9979697167873383,42.25993123650551,1.6904397532343864,0.0011698603630065918,0.0011698603630065918,0.8073379136621952,0.5220596697181463,0.00015721318734282117
438,0.009005558925680817,0.8810540065169334,0.7888595536351204,0.8732637874782085,0.8954783082008362,0.8810535222291946,0.9979767799377441,42.37540027499199,1.7066504061222076,0.0011778771877288818,0.0011778771877288818,0.8084502816200256,0.5230754483491182,0.0001550006397227912
439,0.009137589463032782,0.8810258433222771,0.7887688502669334,0.8740065395832062,0.8947774395346642,0.8810253590345383,0.9979755878448486,42.13654366135597,1.7066504061222076,0.0011743605136871338,0.0011743605136871338,0.8079153262078762,0.5319175627082586,0.0001527845771785392
440,0.009304561657831072,0.8809451386332512,0.7885756678879261,0.8728171624243259,0.8956129364669323,0.8809446804225445,0.9979880154132843,55.4601990878582,1.7066504061222076,0.0011722147464752197,0.0011722147464752197,0.8078562505543232,0.5220944099128246,0.00015056493729281325
441,0.009061838066205382,0.8799244277179241,0.7869958952069283,0.8695217855274677,0.8970704190433025,0.8799239508807659,0.997948408126831,55.83479234576225,1.7341205403208733,0.0012230277061462402,0.0012230277061462402,0.8064954541623592,0.5310396831482649,0.00014834165549752873
442,0.009040049271658064,0.8801777809858322,0.787416186183691,0.872755128890276,0.8942819684743881,0.880177341401577,0.9979589581489563,42.24792805314064,1.7233972325921059,0.0011911392211914062,0.0011911392211914062,0.8066382259130478,0.526271091774106,0.0001461146649625295
443,0.009042194024659693,0.8801839500665665,0.7874510176479816,0.8713710233569145,0.8957432433962822,0.8801834657788277,0.9979518055915833,51.17349946498871,1.7233972325921059,0.0012066960334777832,0.0012066960334777832,0.80674809217453,0.5262399204075336,0.00014388389647661083
444,0.008792448768392205,0.8808887340128422,0.7885208316147327,0.8736219853162766,0.8946995995938778,0.880888257175684,0.9979764521121979,55.465228259563446,1.6997136548161507,0.0011690258979797363,0.0011690258979797363,0.8073983192443848,0.531877413392067,0.0001416492783201228
445,0.008820748690515757,0.880537886172533,0.7880663052201271,0.8727341406047344,0.8952448442578316,0.8805374167859554,0.9979496896266937,51.067652463912964,1.7193662896752357,0.0012048184871673584,0.0012048184871673584,0.8074113726615906,0.5318122506141663,0.00013941073612839947
446,0.008890511443838477,0.8812641613185406,0.7891415916383266,0.874352291226387,0.8947200030088425,0.8812636882066727,0.9979741275310516,51.24255374073982,1.6995014622807503,0.001176387071609497,0.001176387071609497,0.8083025701344013,0.5272830855101347,0.0001371681927451782
447,0.008507101661525667,0.8811888173222542,0.7890860922634602,0.873314268887043,0.895733293145895,0.8811883442103863,0.9979682862758636,51.15877252817154,1.7035324051976204,0.0011892914772033691,0.0011892914772033691,0.8085151091217995,0.5278813280165195,0.0001349215680650786
448,0.008961854631081224,0.8803286105394363,0.7877075634896755,0.8699895851314068,0.8976322747766972,0.8803281299769878,0.9979377388954163,55.838417679071426,1.6867855787277222,0.0012334585189819336,0.0012334585189819336,0.8074692934751511,0.5417409930378199,0.0001326707788641081
449,0.008594205741770566,0.8801623396575451,0.7874134816229343,0.8713373690843582,0.8957723006606102,0.8801618553698063,0.9979389607906342,51.08943951129913,1.7341205403208733,0.0012196898460388184,0.0012196898460388184,0.8073327243328094,0.5361216440796852,0.00013041573861703878
450,0.009156816692091525,0.879716444760561,0.7867640294134617,0.8674560710787773,0.8989877514541149,0.8797159604728222,0.9979242086410522,55.365075439214706,1.6867855787277222,0.001267850399017334,0.001267850399017334,0.8064482770860195,0.5311795305460691,0.00012815635730036785
451,0.009269689306616783,0.8801368400454521,0.7874430678784847,0.8705818802118301,0.8966710567474365,0.8801363594830036,0.9979298114776611,55.455338299274445,1.6995014622807503,0.0012387633323669434,0.0012387633323669434,0.807307243347168,0.5318517945706844,0.00012589254117941672
452,0.008962061129510403,0.8809411004185677,0.7887351885437965,0.8761874809861183,0.892527274787426,0.8809405975043774,0.9979856312274933,51.133903443813324,1.740144059062004,0.0011449158191680908,0.0011449158191680908,0.8097169734537601,0.5376206375658512,0.0001236241925779498
453,0.008506696198135615,0.88114283233881,0.7890111692249775,0.8744039386510849,0.894669696688652,0.8811423480510712,0.9979732930660248,51.111295104026794,1.7233972325921059,0.001176208257675171,0.001176208257675171,0.8089769817888737,0.5328956302255392,0.00012135120962849047
454,0.008531538782641292,0.8812562488019466,0.7891904301941395,0.8721759133040905,0.8971572183072567,0.8812557682394981,0.9979670643806458,38.81124484539032,1.7233972325921059,0.0012031495571136475,0.0012031495571136475,0.8087178319692612,0.5374600887298584,0.00011907348600128
455,0.008543550367467106,0.8809874467551708,0.7887359298765659,0.8735954351723194,0.8951899819076061,0.8809869699180126,0.9979678094387054,38.62167403101921,1.6867855787277222,0.0011852681636810303,0.0011852681636810303,0.8085499964654446,0.5371851306408644,0.00011679091060955954
456,0.008576173492707312,0.8805630430579185,0.7881753817200661,0.8719996400177479,0.8962160050868988,0.8805625736713409,0.9979479908943176,38.72175371646881,1.7233972325921059,0.0012111961841583252,0.0012111961841583252,0.8080142438411713,0.5272496305406094,0.00011450336728854525
457,0.008388638597913086,0.8805926777422428,0.7881722040474415,0.8741008676588535,0.8940688334405422,0.8805922009050846,0.9979478716850281,38.6099499464035,1.7460394352674484,0.0011983513832092285,0.0011983513832092285,0.8075940646231174,0.5318620894104242,0.00011221073444511076
458,0.00851546522602439,0.8813712261617184,0.7893308587372303,0.8748009763658047,0.8946598693728447,0.8813707530498505,0.9979770481586456,38.59985764324665,1.7233972325921059,0.0011698603630065918,0.0011698603630065918,0.8084863685071468,0.5372589789330959,0.00010991288467477625
459,0.008299367588944733,0.8807475827634335,0.7883640117943287,0.8737770318984985,0.8946552909910679,0.8807471096515656,0.9979588985443115,55.56156459450722,1.7233972325921059,0.001190871000289917,0.001190871000289917,0.8080205395817757,0.5365910306572914,0.00010760968434212009
460,0.00836187675409019,0.8815833702683449,0.7896451689302921,0.8768094703555107,0.8931192047894001,0.8815828710794449,0.9979912638664246,38.68593230843544,1.7233972325921059,0.0011444687843322754,0.0011444687843322754,0.8092309981584549,0.5372430346906185,0.00010530099312016371
461,0.008340617202222348,0.8814163208007812,0.7894337885081768,0.8735213465988636,0.8960305154323578,0.8814158476889133,0.9979730844497681,38.66042822599411,1.7341205403208733,0.0011872351169586182,0.0011872351169586182,0.8091218806803226,0.5371044483035803,0.00010298666348361787
462,0.00826917047612369,0.8817432150244713,0.7899684458971024,0.8760100975632668,0.8943032398819923,0.8817427456378937,0.9979886412620544,38.72310248017311,1.7233972325921059,0.0011557042598724365,0.0011557042598724365,0.8099127300083637,0.5423812326043844,0.00010066654015009615
463,0.008272807759232819,0.8811697214841843,0.7890538387000561,0.8733136132359505,0.895852591842413,0.8811692446470261,0.997966855764389,55.48495572805405,1.6669207513332367,0.0011910796165466309,0.0011910796165466309,0.8080859296023846,0.5274263359606266,9.834045946247941e-05
464,0.00827963399887085,0.8824698254466057,0.7910850644111633,0.8770378232002258,0.8944710679352283,0.8824693597853184,0.9980049431324005,38.59049595892429,1.7066504061222076,0.0011433660984039307,0.0011433660984039307,0.8094580359756947,0.5335865914821625,9.600824870451702e-05
465,0.008103487656451762,0.8817852549254894,0.7900014407932758,0.8736708424985409,0.8964565955102444,0.8817847706377506,0.997986763715744,38.448193565011024,1.7160200998187065,0.0011785626411437988,0.0011785626411437988,0.8093479871749878,0.5333957932889462,9.366972534044407e-05
466,0.008052291309460998,0.8816173411905766,0.7897428795695305,0.8747610598802567,0.8950603306293488,0.8816168457269669,0.9979865849018097,38.55254255235195,1.7066504061222076,0.001165539026260376,0.001165539026260376,0.8091294206678867,0.5331593602895737,9.132469616782773e-05
467,0.008184741782024503,0.8820309787988663,0.7903995029628277,0.8752689249813557,0.8954688869416714,0.8820305019617081,0.9979948401451111,38.59869413077831,1.6997136548161507,0.0011619329452514648,0.0011619329452514648,0.8094518929719925,0.5379932615906,8.897295637097126e-05
468,0.008407588162459434,0.88144925609231,0.7894083522260189,0.8730551302433014,0.8964184522628784,0.881448782980442,0.9979844093322754,38.60583205521107,1.7233972325921059,0.0011799335479736328,0.0011799335479736328,0.8084583878517151,0.5372656043618917,8.661428845992607e-05
469,0.008220930464565753,0.8802110515534878,0.7875325903296471,0.8719941899180412,0.8952563218772411,0.8802105635404587,0.9979485869407654,38.704153552651405,1.7233972325921059,0.001205533742904663,0.001205533742904663,0.8062766678631306,0.5312043447047472,8.424846107739114e-05
470,0.008477575691416859,0.8803881518542767,0.7878037430346012,0.8735837712883949,0.8940266966819763,0.8803876750171185,0.9979532361030579,38.60161264240742,1.7233972325921059,0.0011938512325286865,0.0011938512325286865,0.8073543421924114,0.532007148489356,8.18752276523933e-05
471,0.008177707155235112,0.8809393607079983,0.7887181751430035,0.8725110068917274,0.8961747139692307,0.8809388875961304,0.9979617893695831,38.510452941060066,1.7233972325921059,0.0012005865573883057,0.0012005865573883057,0.8079001270234585,0.5371906850486994,7.949432487547622e-05
472,0.008244423342868686,0.879585325717926,0.7865286506712437,0.8699035383760929,0.8961881399154663,0.8795848488807678,0.9979305863380432,38.589265897870064,1.717373713850975,0.0012323260307312012,0.0012323260307312012,0.8053992725908756,0.5306489896029234,7.710547096497543e-05
473,0.008291395247913898,0.8806366734206676,0.7881638035178185,0.8728705793619156,0.8950733356177807,0.8806362077593803,0.9979594945907593,38.5602515488863,1.6997136548161507,0.0011910498142242432,0.0011910498142242432,0.8073574304580688,0.5319890584796667,7.470836368753417e-05
474,0.008081466389819979,0.8808749206364155,0.7885531820356846,0.8735141940414906,0.8950621820986271,0.8808744624257088,0.9979640543460846,38.56411285698414,1.7233972325921059,0.0011882781982421875,0.0011882781982421875,0.8073871247470379,0.5413745660334826,7.23026780879678e-05
475,0.007645729665644467,0.8808115236461163,0.7884896546602249,0.8723093383014202,0.8961788639426231,0.8808110691606998,0.9979564249515533,38.52949617803097,1.7066504061222076,0.0012069940567016602,0.0012069940567016602,0.8071566820144653,0.5320261046290398,6.988806387340599e-05
476,0.007865343951620161,0.8810122460126877,0.7887698039412498,0.8740168064832687,0.8947726972401142,0.8810117803514004,0.9979694187641144,38.8343380689621,1.6997136548161507,0.001179724931716919,0.001179724931716919,0.8078452311456203,0.5369243919849396,6.746414238367822e-05
477,0.00826515188626945,0.8810138739645481,0.7887705713510513,0.8733628205955029,0.8953906260430813,0.8810133934020996,0.9979688227176666,38.5602515488863,1.7341205403208733,0.0011852681636810303,0.0011852681636810303,0.807725764811039,0.5366378091275692,6.503050306324746e-05
478,0.008122996581718325,0.8812326304614544,0.7891300693154335,0.8739111833274364,0.8952684290707111,0.8812321461737156,0.9979719519615173,38.53390623629093,1.7233972325921059,0.00118216872215271,0.00118216872215271,0.8081256337463856,0.5370303466916084,6.258669932838723e-05
479,0.0078351993849501,0.8814358673989773,0.7894218675792217,0.8744750805199146,0.8950432054698467,0.8814353868365288,0.9979812204837799,38.56909929215908,1.7233972325921059,0.0011720359325408936,0.0011720359325408936,0.8081112839281559,0.5416809879243374,6.01322436949885e-05
480,0.00807857162412256,0.8814214132726192,0.7894154638051987,0.8741150572896004,0.8954190835356712,0.8814209289848804,0.997978687286377,38.588254109025,1.6997136548161507,0.0011746585369110107,0.0011746585369110107,0.8082330264151096,0.5417850911617279,5.7666601994895854e-05
481,0.007720079068094492,0.8817629478871822,0.7899648360908031,0.8743119761347771,0.8959063477814198,0.8817624822258949,0.9979863464832306,38.57137854397297,1.7233972325921059,0.0011705756187438965,0.0011705756187438965,0.8087455295026302,0.5374870765954256,5.518918645844863e-05
482,0.008173668078146875,0.8806763179600239,0.7882374599575996,0.872826587408781,0.8952758833765984,0.8806758262217045,0.9979604184627533,38.50930805504322,1.7233972325921059,0.0011927783489227295,0.0011927783489227295,0.8076700270175934,0.5320007484406233,5.2699347372755836e-05
483,0.008050895419903099,0.8814526163041592,0.7894930206239223,0.8751208744943142,0.8945190384984016,0.8814521469175816,0.9979862570762634,38.497812256217,1.7086429819464684,0.0011597871780395508,0.0011597871780395508,0.8085171394050121,0.5326451193541288,5.019636293147572e-05
484,0.007571398326195776,0.8816380649805069,0.7898162677884102,0.8747230991721153,0.8953784592449665,0.881637591868639,0.9979804754257202,38.56411285698414,1.6798488274216652,0.0011736154556274414,0.0011736154556274414,0.808750718832016,0.5375191979110241,4.767942676090328e-05
485,0.008262894321233035,0.8815087527036667,0.7895843386650085,0.8747589737176895,0.895023949444294,0.8815082833170891,0.997981071472168,38.511760517954826,1.6849594041705132,0.001170814037322998,0.001170814037322998,0.8088893219828606,0.5374784078449011,4.5147632421134877e-05
486,0.007875904121436178,0.8816725090146065,0.789781715720892,0.8752014376223087,0.8947537951171398,0.8816720433533192,0.9979935586452484,38.52491421997547,1.6798488274216652,0.0011571049690246582,0.0011571049690246582,0.8089546412229538,0.5329266469925642,4.259995391188707e-05
487,0.007951539480127395,0.8814086839556694,0.7893732823431492,0.8748977333307266,0.894525796175003,0.88140819221735,0.9979864060878754,38.555519834160805,1.6997136548161507,0.001161426305770874,0.001161426305770874,0.8084334619343281,0.537207854911685,4.003522081490459e-05
488,0.007522386346943677,0.881321482360363,0.7892753854393959,0.8748771212995052,0.8945361636579037,0.8813210092484951,0.9979791939258575,55.49822124838829,1.7233972325921059,0.001168370246887207,0.001168370246887207,0.8082063160836697,0.5325306840240955,3.745208610377897e-05
489,0.008013246184214949,0.8812567368149757,0.7891552336513996,0.8738315589725971,0.8954094648361206,0.8812562637031078,0.9979758858680725,38.49908931553364,1.7233972325921059,0.0011795461177825928,0.0011795461177825928,0.8085560612380505,0.5374093502759933,3.484898371928687e-05
490,0.007941611493937671,0.882010642439127,0.7903869114816189,0.8763113468885422,0.8944515660405159,0.8820101730525494,0.9979963004589081,38.50590367615223,1.7233972325921059,0.001150280237197876,0.001150280237197876,0.8091777302324772,0.5333140976727009,3.2224071517527e-05
491,0.007686445207335055,0.881663154810667,0.789847906678915,0.876678790897131,0.893398929387331,0.8816627003252506,0.9979943931102753,38.55738662183285,1.6997136548161507,0.0011432468891143799,0.0011432468891143799,0.8087765090167522,0.5330069866031408,2.9575152732566297e-05
492,0.007977279177866876,0.8818622417747974,0.790150310844183,0.8761017471551895,0.8943279981613159,0.8818617612123489,0.9979947507381439,38.50681193172932,1.6997136548161507,0.0011514723300933838,0.0011514723300933838,0.8090293630957603,0.5332404170185328,2.6899564852898082e-05
493,0.007810742643661797,0.8818503171205521,0.7901432551443577,0.875595323741436,0.8948304206132889,0.881849829107523,0.9979918599128723,38.50295062363148,1.6997136548161507,0.0011582672595977783,0.0011582672595977783,0.8091898560523987,0.5331262480467558,2.419401716265777e-05
494,0.008070604402571917,0.8818004243075848,0.790053591132164,0.8752877712249756,0.8950478918850422,0.881799940019846,0.9979901015758514,38.54881776869297,1.7066504061222076,0.0011611878871917725,0.0011611878871917725,0.8091153204441071,0.5331331212073565,2.1454343618097682e-05
495,0.007636218621395528,0.881868027150631,0.7901711128652096,0.8758045770227909,0.8946944922208786,0.8818675428628922,0.9979895949363708,38.51312570273876,1.7233972325921059,0.001159369945526123,0.001159369945526123,0.8090782538056374,0.5332151390612125,1.86751079733455e-05
496,0.007803495213389397,0.8816624395549297,0.7898248992860317,0.8759736493229866,0.8941145613789558,0.8816619887948036,0.9979868233203888,38.541040137410164,1.7233972325921059,0.0011581778526306152,0.0011581778526306152,0.8085786513984203,0.5328493025153875,1.5848931924611145e-05
497,0.007785762534476817,0.8817991726100445,0.7900542840361595,0.8756039030849934,0.8947667703032494,0.8817987106740475,0.9979879558086395,38.50295062363148,1.6997136548161507,0.0011612772941589355,0.0011612772941589355,0.8088295347988605,0.5330119747668505,1.2965252773542109e-05
498,0.0077110121785663064,0.8817715123295784,0.7900207415223122,0.8757458217442036,0.894595455378294,0.8817710354924202,0.997985303401947,38.50635500252247,1.694549672305584,0.001162499189376831,0.001162499189376831,0.8089437447488308,0.5330201536417007,1.0007742567915822e-05
499,0.007784012127667665,0.8815662674605846,0.7896929048001766,0.8752595223486423,0.8947209492325783,0.8815657868981361,0.9979788661003113,38.50295062363148,1.7233972325921059,0.0011698007583618164,0.0011698007583618164,0.8086021319031715,0.5328821018338203,6.947906928878752e-06
500,0.008027159473858774,0.8816647902131081,0.7898476645350456,0.8750669285655022,0.895078681409359,0.8816643059253693,0.9979811310768127,38.50295062363148,1.7233972325921059,0.0011703968048095703,0.0011703968048095703,0.808783907443285,0.5375528037548065,3.7232911332721414e-06
