epoch,train_loss,val_dice,val_iou,val_precision,val_recall,val_f1,val_accuracy,val_hausdorff,val_hausdorff_95,val_fp_per_volume,val_fp_per_image,val_ap,val_mAP,lr
1,0.6401865753260526,0.0006650483614066615,0.00033269421983277424,0.0003800125647103414,0.005247305845841765,0.0006648684997344389,0.9821441650390625,338.9277099609375,259.1092803955078,0.015815925598144532,0.015815925598144532,0.0021953766234219076,0.0,0.0002
2,0.49123519929972564,1.3888796362993006e-10,1.3888796362993006e-10,2.802144488667224e-10,5.273232378533165e-10,2.599706792883166e-13,0.9958728790283203,238.73651428222655,214.0666015625,0.002081775665283203,0.002081775665283203,0.002108576719183475,0.0,0.0004
3,0.42684495178135956,1.96818038256108e-10,1.96818038256108e-10,5.666994373765277e-10,5.273232378533165e-10,4.857975838008094e-13,0.9969577789306641,237.80927429199218,223.959423828125,0.000996875762939453,0.000996875762939453,0.0020831308676861225,0.0,0.0006
4,0.3609360700303858,2.1614250389490054e-10,2.1614250389490054e-10,6.162117593966343e-10,5.273232378533165e-10,5.673686482654886e-13,0.9971170425415039,265.0957550048828,236.51714172363282,0.0008376121520996093,0.0008376121520996093,0.002248985238838941,0.0,0.0008
5,0.29007693989710376,2.653728584101067e-10,2.653728584101067e-10,9.107156917487203e-10,5.273232378533165e-10,8.703614462176115e-13,0.9973850250244141,253.13408508300782,227.71471557617187,0.0005696296691894531,0.0005696296691894531,0.0021143049700185655,0.0,0.001
6,0.23403167115016418,5.208477940610301e-10,5.208477940610301e-10,0.4000000316666661,5.273232378533165e-10,3.5438110883301287e-10,0.9979479789733887,414.26439208984374,391.705908203125,6.67572021484375e-06,6.67572021484375e-06,0.002055957796983421,0.0,0.0009909954834128342
7,0.18820946731350638,3.7979398931353716e-10,3.7979398931353716e-10,2.5896791377988393e-09,5.273232378533165e-10,2.587350657074633e-12,0.997762393951416,284.57725219726564,255.75559692382814,0.0001922607421875,0.0001922607421875,0.0022807596367783846,0.0,0.000989193491307027
8,0.1545316150242632,5.273232378533165e-10,5.273232378533165e-10,1.0,5.273232378533165e-10,1.054645495934814e-09,0.9979546546936036,572.656982421875,572.656982421875,0.0,0.0,0.0020915864908602087,0.0,0.000987391134388305
9,0.12847157669338313,5.273232378533165e-10,5.273232378533165e-10,1.0,5.273232378533165e-10,1.054645495934814e-09,0.9979546546936036,572.656982421875,572.656982421875,0.0,0.0,0.0027364587294869125,0.0,0.0009855884118426005
10,0.10814136198975823,5.273232378533165e-10,5.273232378533165e-10,1.0,5.273232378533165e-10,1.054645495934814e-09,0.9979546546936036,572.656982421875,572.656982421875,0.0,0.0,0.002331562398467213,0.0,0.0009837853228523705
11,0.09223293817856094,5.273232378533165e-10,5.273232378533165e-10,1.0,5.273232378533165e-10,1.054645495934814e-09,0.9979546546936036,572.656982421875,572.656982421875,0.0,0.0,0.016582188219763337,0.0,0.0009819818665965754
12,0.07959775694391945,5.171173711460142e-10,5.171173711460142e-10,0.40000002000185225,5.273232378533165e-10,2.4398871213346387e-10,0.9979417800903321,413.40532836914065,409.09828796386716,1.2874603271484375e-05,1.2874603271484375e-05,0.0020446761220227925,0.0,0.0009801780422506556
13,0.06956178186969324,5.273232378533165e-10,5.273232378533165e-10,1.0,5.273232378533165e-10,1.054645495934814e-09,0.9979546546936036,572.656982421875,572.656982421875,0.0,0.0,0.011494741146452724,0.0,0.0009783738489865113
14,0.061050835996866226,5.273232378533165e-10,5.273232378533165e-10,1.0,5.273232378533165e-10,1.054645495934814e-09,0.9979546546936036,572.656982421875,572.656982421875,0.0,0.0,0.08144660961115732,0.0,0.000976569285972478
15,0.05458523959598758,5.273232378533165e-10,5.273232378533165e-10,1.0,5.273232378533165e-10,1.054645495934814e-09,0.9979546546936036,572.656982421875,572.656982421875,0.0,0.0,0.004318042859631532,0.0,0.0009747643523733044
16,0.04889491759240627,5.273232378533165e-10,5.273232378533165e-10,1.0,5.273232378533165e-10,1.054645495934814e-09,0.9979546546936036,572.656982421875,572.656982421875,0.0,0.0,0.016069193318253384,0.0,0.0009729590473501306
17,0.043943979862061416,5.273232378533165e-10,5.273232378533165e-10,1.0,5.273232378533165e-10,1.054645495934814e-09,0.9979546546936036,572.656982421875,572.656982421875,0.0,0.0,0.13529140185564756,0.0,0.0009711533700604632
18,0.04052781635387377,5.273232378533165e-10,5.273232378533165e-10,1.0,5.273232378533165e-10,1.054645495934814e-09,0.9979546546936036,572.656982421875,572.656982421875,0.0,0.0,0.06999387103132904,0.0,0.0009693473196581535
19,0.03684246997264298,5.273232378533165e-10,5.273232378533165e-10,1.0,5.273232378533165e-10,1.054645495934814e-09,0.9979546546936036,572.656982421875,572.656982421875,0.0,0.0,0.001273275759012904,0.0,0.0009675408952933734
20,0.03460402608933774,5.273232378533165e-10,5.273232378533165e-10,1.0,5.273232378533165e-10,1.054645495934814e-09,0.9979546546936036,572.656982421875,572.656982421875,0.0,0.0,0.0036751398731212246,0.0,0.0009657340961125918
21,0.03188870982690291,5.273232378533165e-10,5.273232378533165e-10,1.0,5.273232378533165e-10,1.054645495934814e-09,0.9979546546936036,572.656982421875,572.656982421875,0.0,0.0,0.18804541413846892,0.0,0.0009639269212585509
22,0.0303511419756846,5.273232378533165e-10,5.273232378533165e-10,1.0,5.273232378533165e-10,1.054645495934814e-09,0.9979546546936036,572.656982421875,572.656982421875,0.0,0.0,0.023499993231962436,0.0,0.0009621193698702417
23,0.027686421166766773,5.273232378533165e-10,5.273232378533165e-10,1.0,5.273232378533165e-10,1.054645495934814e-09,0.9979546546936036,572.656982421875,572.656982421875,0.0,0.0,0.1560660821152851,0.0,0.0009603114410828803
24,0.02700925482945009,5.273232378533165e-10,5.273232378533165e-10,1.0,5.273232378533165e-10,1.054645495934814e-09,0.9979546546936036,572.656982421875,572.656982421875,0.0,0.0,0.11376074962317943,0.0,0.0009585031340278833
25,0.02437873218547214,5.273232378533165e-10,5.273232378533165e-10,1.0,5.273232378533165e-10,1.054645495934814e-09,0.9979546546936036,572.656982421875,572.656982421875,0.0,0.0,0.2707507749510114,0.03937425017356873,0.0009566944478328421
26,0.022518819621340794,5.273232378533165e-10,5.273232378533165e-10,1.0,5.273232378533165e-10,1.054645495934814e-09,0.9979546546936036,572.656982421875,572.656982421875,0.0,0.0,0.20845276020190795,0.036795294284820555,0.0009548853816214997
27,0.022367375648834488,5.273232378533165e-10,5.273232378533165e-10,1.0,5.273232378533165e-10,1.054645495934814e-09,0.9979546546936036,572.656982421875,572.656982421875,0.0,0.0,0.17107263971120118,0.0,0.0009530759345137246
28,0.020566314755176954,5.273232378533165e-10,5.273232378533165e-10,1.0,5.273232378533165e-10,1.054645495934814e-09,0.9979546546936036,572.656982421875,572.656982421875,0.0,0.0,0.204895150885568,0.0,0.0009512661056254851
29,0.019286167172884398,5.273232378533165e-10,5.273232378533165e-10,1.0,5.273232378533165e-10,1.054645495934814e-09,0.9979546546936036,572.656982421875,572.656982421875,0.0,0.0,0.2747200435434934,0.040745458006858824,0.0009494558940688246
30,0.018188741862435232,5.273232378533165e-10,5.273232378533165e-10,1.0,5.273232378533165e-10,1.054645495934814e-09,0.9979546546936036,572.656982421875,572.656982421875,0.0,0.0,0.31995082143403125,0.05750160813331604,0.0009476452989518352
31,0.017012118827551603,5.273232378533165e-10,5.273232378533165e-10,1.0,5.273232378533165e-10,1.054645495934814e-09,0.9979546546936036,572.656982421875,572.656982421875,0.0,0.0,0.237060223025037,0.011479630321264266,0.000945834319378632
32,0.016269829716872086,5.273232378533165e-10,5.273232378533165e-10,1.0,5.273232378533165e-10,1.054645495934814e-09,0.9979546546936036,572.656982421875,572.656982421875,0.0,0.0,0.3485017164144665,0.04247530996799469,0.000944022954449327
33,0.016018591990525074,5.273232378533165e-10,5.273232378533165e-10,1.0,5.273232378533165e-10,1.054645495934814e-09,0.9979546546936036,572.656982421875,572.656982421875,0.0,0.0,0.30829569086490666,0.04084726572036743,0.0009422112032600019
34,0.015066714915023609,5.273232378533165e-10,5.273232378533165e-10,1.0,5.273232378533165e-10,1.054645495934814e-09,0.9979546546936036,572.656982421875,572.656982421875,0.0,0.0,0.2914104661438614,0.05640280246734619,0.0009403990649026824
35,0.014539076692678711,5.273232378533165e-10,5.273232378533165e-10,1.0,5.273232378533165e-10,1.054645495934814e-09,0.9979546546936036,572.656982421875,572.656982421875,0.0,0.0,0.3641255443159025,0.05737554430961609,0.0009385865384653104
36,0.014401482248848135,5.273232378533165e-10,5.273232378533165e-10,1.0,5.273232378533165e-10,1.054645495934814e-09,0.9979546546936036,572.656982421875,572.656982421875,0.0,0.0,0.29006669530062934,0.03695331215858459,0.0009367736230317175
37,0.013701323123479431,5.273232378533165e-10,5.273232378533165e-10,1.0,5.273232378533165e-10,1.054645495934814e-09,0.9979546546936036,572.656982421875,572.656982421875,0.0,0.0,0.14093057736754416,0.0,0.0009349603176815974
38,0.013731988400898197,5.273232378533165e-10,5.273232378533165e-10,1.0,5.273232378533165e-10,1.054645495934814e-09,0.9979546546936036,572.656982421875,572.656982421875,0.0,0.0,0.33622563700191677,0.03805795013904571,0.0009331466214904777
39,0.01265169811350378,5.273232378533165e-10,5.273232378533165e-10,1.0,5.273232378533165e-10,1.054645495934814e-09,0.9979546546936036,572.656982421875,572.656982421875,0.0,0.0,0.30219887194107287,0.04050095677375794,0.0009313325335296929
40,0.012112439737062563,5.273232378533165e-10,5.273232378533165e-10,1.0,5.273232378533165e-10,1.054645495934814e-09,0.9979546546936036,572.656982421875,572.656982421875,0.0,0.0,0.196059366222471,0.0,0.0009295180528663554
41,0.01174148286438801,5.273232378533165e-10,5.273232378533165e-10,1.0,5.273232378533165e-10,1.054645495934814e-09,0.9979546546936036,572.656982421875,572.656982421875,0.0,0.0,0.27685644023586065,0.03961771428585052,0.0009277031785633282
42,0.011393445501611992,5.273232378533165e-10,5.273232378533165e-10,1.0,5.273232378533165e-10,1.054645495934814e-09,0.9979546546936036,572.656982421875,572.656982421875,0.0,0.0,0.32331851494964214,0.03673507571220398,0.0009258879096791951
43,0.011265574700453064,5.273232378533165e-10,5.273232378533165e-10,1.0,5.273232378533165e-10,1.054645495934814e-09,0.9979546546936036,572.656982421875,572.656982421875,0.0,0.0,0.3345307017676532,0.044575554132461545,0.0009240722452682321
44,0.010868479264900088,5.273232378533165e-10,5.273232378533165e-10,1.0,5.273232378533165e-10,1.054645495934814e-09,0.9979546546936036,572.656982421875,572.656982421875,0.0,0.0,0.22082709460519254,0.0221209779381752,0.0009222561843803788
45,0.011236961528828198,5.273232378533165e-10,5.273232378533165e-10,1.0,5.273232378533165e-10,1.054645495934814e-09,0.9979546546936036,572.656982421875,572.656982421875,0.0,0.0,0.3420776009501424,0.04187080562114716,0.0009204397260612089
46,0.01118150099434636,0.005892923612096257,0.002983592891083009,0.6250000459604564,0.0031003732934147044,0.005892902505766925,0.9979501724243164,302.224267578125,287.12461433410647,7.43865966796875e-06,7.43865966796875e-06,0.270545833412325,0.03774273693561554,0.0009186228693518994
47,0.011554003693163395,5.272909414655303e-10,5.272909414655303e-10,0.8000000399999919,5.273232378533165e-10,9.947132825760542e-10,0.9979541778564454,479.96683197021486,479.1609848022461,4.76837158203125e-07,4.76837158203125e-07,0.34168860253412275,0.06369761899113655,0.0009168056132892021
48,0.011173159815371037,5.273232378533165e-10,5.273232378533165e-10,1.0,5.273232378533165e-10,1.054645495934814e-09,0.9979546546936036,572.656982421875,572.656982421875,0.0,0.0,0.17010606401599943,0.0,0.0009149879569054125
49,0.011278207540850748,5.273232378533165e-10,5.273232378533165e-10,1.0,5.273232378533165e-10,1.054645495934814e-09,0.9979546546936036,572.656982421875,572.656982421875,0.0,0.0,0.27112989239394664,0.025354096293449403,0.0009131698992283396
50,0.01016895813782784,5.273232378533165e-10,5.273232378533165e-10,1.0,5.273232378533165e-10,1.054645495934814e-09,0.9979546546936036,572.656982421875,572.656982421875,0.0,0.0,0.18838502186990808,0.0,0.0009113514392812751
51,0.009440654486587102,5.273232378533165e-10,5.273232378533165e-10,1.0,5.273232378533165e-10,1.054645495934814e-09,0.9979546546936036,572.656982421875,572.656982421875,0.0,0.0,0.2506148536107503,0.022212399542331694,0.0009095325760829623
52,0.009595138317143375,5.273232378533165e-10,5.273232378533165e-10,1.0,5.273232378533165e-10,1.054645495934814e-09,0.9979546546936036,572.656982421875,572.656982421875,0.0,0.0,0.2933541789883748,0.05234394073486328,0.0009077133086475646
53,0.008930878311564977,5.273232378533165e-10,5.273232378533165e-10,1.0,5.273232378533165e-10,1.054645495934814e-09,0.9979546546936036,572.656982421875,572.656982421875,0.0,0.0,0.3401939377887174,0.03553803265094757,0.0009058936359846345
54,0.009705173105678776,5.273232378533165e-10,5.273232378533165e-10,1.0,5.273232378533165e-10,1.054645495934814e-09,0.9979546546936036,572.656982421875,572.656982421875,0.0,0.0,0.3430448218015954,0.05829832553863525,0.0009040735570990808
55,0.008837709796022285,5.273232378533165e-10,5.273232378533165e-10,1.0,5.273232378533165e-10,1.054645495934814e-09,0.9979546546936036,572.656982421875,572.656982421875,0.0,0.0,0.0507362483009274,0.0,0.0009022530709911372
56,0.008537350688129663,0.24860722140372102,0.17568277881443806,0.7498481751844214,0.18165921753238082,0.24860704554403182,0.9982841491699219,193.3650680541992,161.03248867988586,0.00020771026611328126,0.00020771026611328126,0.38141833791451063,0.052712918072938916,0.0009004321766563289
57,0.008518005403774705,0.07397873489571224,0.04535385888338509,0.6970384094381415,0.04550861195389039,0.07397868120339127,0.9980732917785644,288.0826416015625,268.2183619499207,2.193450927734375e-06,2.193450927734375e-06,0.3368608504650183,0.04180402159690857,0.0008986108730854411
58,0.008050243433734233,0.2609254033469439,0.186895938327241,0.6991059542219066,0.1973909441191995,0.2609252007132779,0.9979721069335937,202.39925842285157,167.92321319580077,0.0004991531372070312,0.0004991531372070312,0.4001562691060826,0.07222325727343559,0.0008967891592644846
59,0.007785873805088076,0.3440796317018061,0.26009533418784436,0.346863153991935,0.35110315417836546,0.34407933360981696,0.9982995986938477,93.10055694580078,76.97330627441406,0.0007726669311523438,0.0007726669311523438,0.29439460847643206,0.05444271564483642,0.0008949670341746629
60,0.008245628792792559,0.3302266181490686,0.24073690483787322,0.3573529820668703,0.3115099016387307,0.33022632599513735,0.9977862358093261,111.10916442871094,86.60353012084961,0.0010920524597167968,0.0010920524597167968,0.288395140087232,0.04122058153152466,0.0008931444967923387
61,0.007448506732047958,0.09329573852443801,0.05324422312402831,0.7268901839035679,0.054424174602216546,0.0932956460867925,0.9980770111083984,285.81004333496094,256.66222343444826,7.028579711914063e-05,7.028579711914063e-05,0.2979960903758183,0.024656061828136445,0.0008913215460889999
62,0.0072944365357133474,0.41047232153413865,0.2896363914251146,0.4837473035118444,0.3793890717523084,0.4104719340801985,0.9975873947143554,98.2622787475586,55.40155844688415,0.0013672828674316407,0.0013672828674316407,0.3885278627742082,0.03767167329788208,0.0008894981810312246
63,0.007688871807080101,0.3404196561343768,0.2508792043693164,0.6551855206828259,0.2924828413684213,0.34041938794905896,0.9978435516357422,192.48175201416015,156.64987301826477,0.0009160995483398438,0.0009160995483398438,0.417091563064605,0.08075466603040696,0.0008876744005806469
64,0.008311764485287395,0.2906586021943608,0.20993052132563977,0.3362278760793308,0.25915062766190394,0.29065830409545695,0.9968993186950683,107.55941276550293,80.93804092407227,0.0017190933227539062,0.0017190933227539062,0.30237144683487716,0.044620546698570254,0.000885850203693922
65,0.008127655601128936,0.1566476275678724,0.10244111737702041,0.575673658028245,0.10843847601208836,0.156647358299233,0.9980725288391114,89.50309143066406,61.755401039123534,0.00017843246459960937,0.00017843246459960937,0.2989683581050485,0.03994400203227997,0.0008840255893226908
66,0.00797620365946469,0.25796707295264254,0.19986382149542817,0.49818609715035034,0.2306658689929903,0.2579669001281516,0.9980755805969238,190.95752182006837,162.2608519077301,0.0006693840026855469,0.0006693840026855469,0.3359023792902008,0.07653650641441345,0.0008822005564135439
67,0.007068293613635681,0.16808006203388512,0.10656052267765344,0.2774378016559771,0.12094345736045249,0.16807990075497417,0.9981060028076172,94.94449386596679,79.71627082824708,0.0003055572509765625,0.0003055572509765625,0.19478579387068748,0.0,0.0008803751039079861
68,0.007551871017891575,0.3346303247256929,0.2450779434635097,0.5295160472780632,0.2903589771212921,0.3346300523729246,0.9978475570678711,87.29825057983399,58.31941084861755,0.000959014892578125,0.000959014892578125,0.38184600085951387,0.061356037855148315,0.0008785492307423999
69,0.007271138263273646,0.23719557749922213,0.16329710514168078,0.3639514897313874,0.18882766161951278,0.23719528634109635,0.997578239440918,82.16359024047851,68.88249931335449,0.0010098457336425782,0.0010098457336425782,0.24909121061209588,0.01167994663119316,0.0008767229358480086
70,0.006550730745816095,0.31629301871138876,0.22234560943174428,0.5635170638866499,0.2756346148522482,0.3162927094847841,0.9975737571716309,85.03028984069825,67.81368098258972,0.0011511802673339843,0.0011511802673339843,0.33986620055511596,0.027125093340873718,0.0008748962181508392
71,0.006756363140249794,0.3374226690323746,0.2533910305293,0.42612908920350306,0.3053928915221536,0.33742240668669216,0.9980058670043945,96.96662750244141,70.7883056640625,0.0008966445922851563,0.0008966445922851563,0.35969436694867907,0.07386087775230407,0.000873069076571686
72,0.00657556469509886,0.15458554058134966,0.10152497171223573,0.3054608012418615,0.10514365779895193,0.15458540322048098,0.9980663299560547,94.31288528442383,70.7726710319519,0.00022897720336914062,0.00022897720336914062,0.25035799501929434,0.03848872482776642,0.0008712415100260713
73,0.006377315127544783,0.26365844409034705,0.2038268253864453,0.29187430756423965,0.24737875188760544,0.26365813858370457,0.9978537559509277,76.34529037475586,62.751067543029784,0.0009265899658203125,0.0009265899658203125,0.2845185332465917,0.06555665731430053,0.0008694135174242088
74,0.006328417517414147,0.3208448716163937,0.23332086370366847,0.40628713142213113,0.27582174024604345,0.32084453991998363,0.9980924606323243,66.93664321899413,51.050600576400754,0.0006147384643554688,0.0006147384643554688,0.3413971592672169,0.059647655487060545,0.0008675850976709641
75,0.006436448120935397,0.24651151644065977,0.17162092397920786,0.4809691729489714,0.19354122877120972,0.2465111818164587,0.9978107452392578,51.73843154907227,22.140742683410643,0.0006436347961425781,0.0006436347961425781,0.30931360870599744,0.04307815134525299,0.0008657562496658164
76,0.006225558982061391,0.10550562801806836,0.06641452346964387,0.2634043484205165,0.06926672670118596,0.1055053746437374,0.997957706451416,93.71872100830078,62.761764717102054,0.00018320083618164062,0.00018320083618164062,0.19974173698574305,0.011306456476449966,0.0008639269723028191
77,0.0067581631645390935,0.3409385548629599,0.24937612653754523,0.4380349816552666,0.28593978497259404,0.3409381874070085,0.9981654167175293,69.15717658996581,40.77116174697876,0.0004901885986328125,0.0004901885986328125,0.41192929046228527,0.053136958926916125,0.0008620972644705603
78,0.00627849028784443,0.36552154677920046,0.27046683852095155,0.3451814041938633,0.41737213358283043,0.36552120707929137,0.9972607612609863,77.98662338256835,69.09659118652344,0.00179443359375,0.00179443359375,0.3850313873961568,0.06519129872322083,0.0008602671250521225
79,0.006092428187416358,0.30038354403634376,0.21563041757155962,0.35958017417776383,0.31343936557787516,0.30038325190569776,0.9978965759277344,79.21655387878418,66.53168296813965,0.0008812904357910156,0.0008812904357910156,0.3231659083627164,0.04301811754703522,0.000858436552925043
80,0.006124536316333847,0.31365917306393387,0.2280284594744444,0.3281719212187454,0.3486631538718939,0.31365883676335216,0.997104549407959,89.58442535400391,68.61285820007325,0.001703357696533203,0.001703357696533203,0.3030511137796566,0.062299644947052,0.0008566055469612726
81,0.006228885719213973,0.16709615892721813,0.1102300719077746,0.4295725616727829,0.11433924648039126,0.16709597818952043,0.9981542587280273,83.7021469116211,68.88173007965088,0.00013027191162109374,0.00013027191162109374,0.30209353980608283,0.027573716640472413,0.0008547741060271343
82,0.0060445653719150205,0.403662436734885,0.3020584280486219,0.5830114542506635,0.359371199272573,0.40366208443883805,0.997844123840332,95.81825942993164,59.18391036987305,0.0009453773498535156,0.0009453773498535156,0.48099724350031464,0.07959390282630921,0.0008529422289832824
83,0.006509930562143299,0.00655764234732435,0.0033120688564662716,0.4423772987756703,0.0033242849699021025,0.006557630638415993,0.9979393005371093,196.50029258728028,191.27212829589843,2.6226043701171875e-05,2.6226043701171875e-05,0.2398590538650751,0.034355825185775755,0.0008511099146846599
84,0.006287255652502857,0.31469079546196915,0.2561918453456328,0.43294493542822876,0.30266454590450165,0.3146905951397747,0.9983695030212403,88.5584228515625,65.72751121520996,0.000136566162109375,0.000136566162109375,0.38800991177558897,0.10731233954429627,0.0008492771619804566
85,0.006062887852418829,0.32001998238265517,0.21866732891649007,0.6026193503290415,0.23095315247774123,0.32001960910856725,0.9981765747070312,22.717176055908205,15.776849174499512,0.0002803802490234375,0.0002803802490234375,0.4499778848141432,0.06716830581426621,0.0008474439697140658
86,0.005815323156473989,0.2447835567094391,0.16521192664876633,0.671988416215591,0.17428033983300567,0.24478335393854694,0.9982458114624023,177.6568634033203,153.12845211029054,0.00011625289916992188,0.00011625289916992188,0.3142893613316119,0.026336607336997987,0.0008456103367230419
87,0.005524599744768982,0.44198991323355585,0.33349906882504,0.5160773420124315,0.44121867325156927,0.441989507433027,0.9978630065917968,81.33700141906738,47.149762344360354,0.0011037826538085938,0.0011037826538085938,0.4877867892384529,0.10929496586322784,0.0008437762618390562
88,0.005477742926979607,0.3963011325577701,0.3083458067158664,0.478956068783096,0.3496904257495248,0.3963008582739972,0.9982664108276367,77.31748504638672,41.61848778724671,0.0005021095275878906,0.0005021095275878906,0.45282650822773574,0.09009269773960113,0.0008419417438878526
89,0.005236460943706334,0.3214559748070315,0.23580089573515578,0.3987568736076355,0.3032688285107724,0.32145559273194524,0.9981577873229981,46.87315673828125,28.21345372200012,0.0004528999328613281,0.0004528999328613281,0.38308095484972,0.04613607823848724,0.000840106781689204
90,0.005361408566717397,0.34441459607332947,0.238067059032619,0.6030181000009179,0.2556636281311512,0.34441420435905457,0.9982002258300782,45.38152313232422,37.51620659828186,0.00028295516967773436,0.00028295516967773436,0.4383234580978751,0.039246353507041934,0.0008382713740568662
91,0.0052258457607505,0.4073169378287962,0.3245216330237558,0.4469287540042558,0.3917111255886414,0.4073166106937173,0.9981185913085937,69.56570129394531,41.72718217372894,0.0007402420043945313,0.0007402420043945313,0.44830657839775084,0.1263863205909729,0.0008364355197985339
92,0.005375947803258896,0.2738532502861858,0.20193774054815777,0.662570926871308,0.2125825303333261,0.2738530785503138,0.9982844352722168,77.27674942016601,46.758115196228026,3.528594970703125e-05,3.528594970703125e-05,0.38943206556141374,0.04981691241264343,0.0008345992177157936
93,0.005188207364302467,0.33327050432562827,0.23908811807632446,0.5964719295501709,0.2610298082232475,0.3332701355218887,0.9983096122741699,48.36306667327881,17.94369320869446,0.00028676986694335936,0.00028676986694335936,0.4099321894347668,0.06354211568832398,0.000832762466604078
94,0.004601534762927754,0.37400471796281637,0.2753210879629478,0.4771152764558792,0.3427689186297357,0.3740043839905411,0.9982833862304688,74.42840328216553,50.7201464176178,0.0003170013427734375,0.0003170013427734375,0.37124052266590296,0.0559151753783226,0.0008309252652526187
95,0.0050333397970958186,0.30697664548642933,0.23197401277720928,0.6560637060552835,0.2585872694849968,0.30697640487924216,0.9982664108276367,64.10562400817871,48.7766658782959,0.0001361846923828125,0.0001361846923828125,0.3790200248360634,0.05882110595703125,0.0008290876124443998
96,0.004748368731022559,0.33280074000358584,0.2468314773403108,0.44280859190039334,0.31717005018144845,0.3328003761358559,0.9979063987731933,53.83668823242188,46.36164932250976,0.0007296562194824219,0.0007296562194824219,0.37286858865991235,0.05973682403564453,0.0008272495069561094
97,0.0046991586515849285,0.44777204701676965,0.3274135894374922,0.47765453576575967,0.4590827994048595,0.44777163714170454,0.9975198745727539,69.79928207397461,43.01869869232178,0.0014286041259765625,0.0014286041259765625,0.4867945828475058,0.07928400635719299,0.0008254109475580918
98,0.0046584637126546695,0.3492040209472179,0.25849115401506423,0.6528514184057712,0.2898121181875467,0.34920368865132334,0.9983263969421386,38.40664539337158,17.102944898605347,0.00019330978393554686,0.00019330978393554686,0.4423418790102005,0.07204274535179138,0.0008235719330142989
99,0.004486291066066108,0.45075576985254884,0.3304261004552245,0.5050604207906872,0.4586454272270203,0.45075535848736764,0.997800064086914,72.26111850738525,46.33033061027527,0.0011399269104003906,0.0011399269104003906,0.5143437377177179,0.0876832738518715,0.0008217324620822401
100,0.0047923632664605975,0.33781772858159376,0.262093173029588,0.41470032944295543,0.3181083175628549,0.33781749308126857,0.9977730751037598,108.08248138427734,65.7882646560669,0.0007236480712890625,0.0007236480712890625,0.36513408250175416,0.08344218879938126,0.0008198925335129345
101,0.0047696806617419825,0.2640870263800025,0.1881190376356244,0.42716663554310796,0.25988021404482425,0.26408668318763373,0.9979223251342774,60.504486083984375,38.616818237304685,0.0004924774169921875,0.0004924774169921875,0.3009520346298814,0.025197708606719972,0.0008180521460508585
102,0.0046745619355616245,0.4274057666771114,0.3110050530172884,0.5577478654682636,0.39077649265527725,0.42740540495142343,0.9980155944824218,73.37063789367676,47.48701934814453,0.0008752822875976562,0.0008752822875976562,0.5015578069724143,0.07412500753998756,0.0008162112984338965
103,0.004896110728044401,0.28156964487423564,0.19864625415792136,0.38061119757272055,0.24856726012252356,0.28156930507051514,0.9981369972229004,82.86954727172852,49.2058708190918,0.00025081634521484375,0.00025081634521484375,0.31990217678248883,0.011581933498382569,0.0008143699893932899
104,0.0046272928911176596,0.24841992079309846,0.18061715482763674,0.2646625706359444,0.2629854836227753,0.24841958732289812,0.9977383613586426,86.24705505371094,68.33848648071289,0.0008376121520996093,0.0008376121520996093,0.24945042431354522,0.05876924991607666,0.0008125282176535839
105,0.004704534409525381,0.39580217203618406,0.30045632463441607,0.40167276857333006,0.402500694124625,0.39580187071936895,0.9979852676391602,60.965777206420896,40.63901844024658,0.0009840965270996095,0.0009840965270996095,0.4361374782398343,0.061118471622467044,0.0008106859819325769
106,0.005073179935359142,0.2665960446656698,0.1916830953867191,0.5084033990198634,0.2047296532156327,0.26659577043743565,0.9982368469238281,51.67141342163086,44.26977167129517,0.00013399124145507812,0.00013399124145507812,0.3612497361144051,0.0260466068983078,0.0008088432809412661
107,0.005301710398105735,0.28122298177331684,0.18566130071412773,0.6024887367151678,0.20603649839758872,0.2812226641457528,0.9977706909179688,48.40953102111816,20.61867790222168,0.0006982803344726563,0.0006982803344726563,0.39833245174959303,0.011579012125730514,0.0008070001133837954
108,0.005871044757606631,0.1787304079816693,0.11772646917542606,0.5455764727121106,0.12049146506063724,0.17873019254317266,0.9981080055236816,72.07948417663575,66.48371534347534,0.0002414703369140625,0.0002414703369140625,0.2796819856390357,0.057391011714935304,0.0008051564779574008
109,0.005328197847120464,0.4288534792140126,0.3102142537944019,0.5626111965626478,0.3601114824414253,0.4288530541583896,0.9979825973510742,65.02808151245117,54.51218681335449,0.0008204460144042968,0.0008204460144042968,0.46111549362540244,0.06647073030471802,0.0008033123733523561
110,0.00448732807258652,0.3393736518919468,0.2317865510471165,0.5855598201975226,0.2573834642767906,0.3393732709810138,0.9981019020080566,61.42046699523926,37.05929026603699,0.00041561126708984376,0.00041561126708984376,0.38428738294169307,0.03949426710605621,0.0008014677982519177
111,0.004455700908279555,0.4494657516479492,0.3317978455685079,0.5167285206262022,0.4258341610431671,0.4494653477333486,0.9976641654968261,60.64431037902832,24.474746417999267,0.001158428192138672,0.001158428192138672,0.4903746059164405,0.07107476368546486,0.0007996227513322692
112,0.004199054330291057,0.45071122199296954,0.32785989688709377,0.4974668179755099,0.4682561342604458,0.4507108257617801,0.9978267669677734,54.95386962890625,46.84790835380554,0.0012335777282714844,0.0012335777282714844,0.5069806654471904,0.08107962980866432,0.0007977772312624649
113,0.00418156046229838,0.38849364351481197,0.2721470654476434,0.4723309563472867,0.3371854841709137,0.38849322497844696,0.9977465629577636,65.14022254943848,55.767153930664065,0.0009698867797851562,0.0009698867797851562,0.3835324754472822,0.0434668242931366,0.000795931236704373
114,0.004121539976701818,0.38043445758521555,0.278901443304494,0.4721873104572296,0.35326100676320493,0.38043407117947936,0.9982884407043457,57.86468734741211,50.98591079711914,0.00041952133178710935,0.00041952133178710935,0.41167382933199403,0.052879121899604795,0.0007940847663126185
115,0.00436885147461329,0.3934572495520115,0.2751736756414175,0.5514812067151069,0.32638026848435403,0.39345683827996253,0.9981050491333008,61.62002239227295,38.248449897766115,0.0005311965942382812,0.0005311965942382812,0.42920332830399277,0.024346771836280822,0.0007922378187345249
116,0.003998861812182109,0.3862260762602091,0.28181353767868134,0.4764419184997678,0.41832783073186874,0.38622573181055486,0.9980253219604492,68.75736484527587,49.178129053115846,0.0009653091430664063,0.0009653091430664063,0.44589339108206333,0.06222836673259735,0.0007903903926100556
117,0.0041043358399871395,0.3889048159122467,0.27180720269680025,0.5089780114591121,0.35921424701809884,0.38890438377857206,0.998159122467041,62.275006484985354,43.70071473121643,0.0005286216735839843,0.0005286216735839843,0.4152793761342764,0.02509784996509552,0.0007885424865717544
118,0.004110666224732995,0.313328979536891,0.23856161758303643,0.6077683985233306,0.2740940073505044,0.31332873106002807,0.9983357429504395,38.89892387390137,28.407096099853515,0.00016269683837890624,0.00016269683837890624,0.3832096293568611,0.06320152878761291,0.0007866940992446861
119,0.003879263721914454,0.37593890600837765,0.2813669171649963,0.4502022680826485,0.3715227131033316,0.3759385470766574,0.9983039855957031,81.20223369598389,61.96728706359863,0.000504302978515625,0.000504302978515625,0.4290526152588427,0.05507645010948181,0.0007848452292463757
120,0.0040756512793119655,0.3048712756484747,0.2177492007613182,0.43129783123731613,0.27656956743448974,0.3048709224909544,0.9980938911437989,72.38410816192626,48.06694717407227,0.00045022964477539065,0.00045022964477539065,0.3409111276268959,0.040796905755996704,0.0007829958751867468
121,0.0038537183903496375,0.35589463645592334,0.2662157628685236,0.5897580513730645,0.30646016644313934,0.35589427398517726,0.9982560157775879,81.75490379333496,60.295701026916504,0.00030727386474609374,0.00030727386474609374,0.44045220529660584,0.07994439750909806,0.0007811460356680608
122,0.00374000412623652,0.41696275528520343,0.30862874872982504,0.5224662316963077,0.4226468652486801,0.41696238424628973,0.9983105659484863,69.69736289978027,48.59626340866089,0.0006671905517578125,0.0006671905517578125,0.4639929011464119,0.0852116271853447,0.000779295709284853
123,0.0035989496867511084,0.3533815583214164,0.25109273176640273,0.5116573609411716,0.3238327629864216,0.3533811565488577,0.998229694366455,47.37640647888183,25.994291877746583,0.0005015373229980469,0.0005015373229980469,0.3780741825699806,0.0603963315486908,0.0007774448946238706
124,0.0036112435310232368,0.28662228882312774,0.19902344644069672,0.49783290922641754,0.23670124337077142,0.2866219490766525,0.9982497215270996,72.88253822326661,44.07870450019836,0.0003539085388183594,0.0003539085388183594,0.3195038616657257,0.04108467400074005,0.0007755935902640081
125,0.0039571970066224985,0.35587961385026573,0.25518207331188025,0.45016392394900323,0.3443342594662681,0.3558792401105165,0.9983755111694336,83.52409744262695,49.95164837837219,0.0004283905029296875,0.0004283905029296875,0.39927028368692846,0.038599511981010436,0.000773741794776243
126,0.004168577100658281,0.41113262344151735,0.29410454649478196,0.5607872299849987,0.3443828638643026,0.41113219764083625,0.9981783866882324,55.994693183898924,47.71069097518921,0.0006052017211914063,0.0006052017211914063,0.4349604484625161,0.06291680932044982,0.0007718895067235705
127,0.0038178130264647984,0.37661368800327183,0.27650474342517556,0.5674392494373024,0.34772764071822165,0.3766133005730808,0.9982523918151855,45.64475708007812,17.898183631896973,0.0004040718078613281,0.0004040718078613281,0.4196292707696557,0.0597292423248291,0.0007700367246609375
128,0.0038403158383020623,0.37974301732725746,0.28117224581188804,0.6096002102840701,0.30485571577119686,0.37974272668388737,0.9983136177062988,86.56634559631348,48.529392623901366,0.0003411293029785156,0.0003411293029785156,0.442050795070827,0.07339642643928528,0.0007681834471351756
129,0.0036527588275599887,0.31311571709811686,0.22391744889318943,0.48172972425818444,0.29590112529695034,0.3131153602153063,0.9980694770812988,62.277910232543945,30.232843780517577,0.00041265487670898436,0.00041265487670898436,0.3260583193972707,0.021265506744384766,0.0007663296726849344
130,0.003898177444088188,0.41502823792397975,0.30167742129415276,0.5336160641163588,0.39380082339048383,0.4150278143584728,0.9982067108154297,41.30625915527344,16.014145851135254,0.0005861282348632813,0.0005861282348632813,0.4315758911892772,0.07001345455646515,0.0007644753998406124
131,0.003532372594980354,0.38527065521706305,0.2848199904583808,0.5097177267862918,0.35065038232970097,0.38527034968160384,0.9980781555175782,81.4116714477539,54.46481761932373,0.0005068778991699219,0.0005068778991699219,0.44491983074694874,0.054913318157196044,0.0007626206271242884
132,0.0031907457318580286,0.38818998709321023,0.28661171477288006,0.44295934606343507,0.3798684408888221,0.3881895963102579,0.9981614112854004,78.61660442352294,27.86992778778076,0.0004384040832519531,0.0004384040832519531,0.4303402841091156,0.053194741159677504,0.0007607653530496521
133,0.003041072928516025,0.33100019246339796,0.24364953795447947,0.426776984333992,0.3236036609392613,0.33099982896819713,0.9982489585876465,82.10469284057618,62.92186608314514,0.00035762786865234375,0.00035762786865234375,0.3684773091226816,0.0516568087041378,0.0007589095761219332
134,0.004434235039463436,0.4690612256746728,0.34127875568680344,0.4478187024831307,0.5051382663743482,0.46906083822257205,0.9974782943725586,78.27754001617431,36.61120791435242,0.001630878448486328,0.001630878448486328,0.4775436021387577,0.058512383699417116,0.0007570532948378305
135,0.004941378386733545,0.39632359743118284,0.28404802493751047,0.5078499894589186,0.38553367406129835,0.39632315933704376,0.9982421875,47.51460762023926,26.43594217300415,0.00044450759887695315,0.00044450759887695315,0.4571546819061041,0.062458115816116336,0.0007551965076854392
136,0.004176269481170245,0.49910682812333107,0.3711313519626856,0.532986044883728,0.4883363202214241,0.4991063870489597,0.9981816291809082,43.139030647277835,13.591981887817383,0.0007556915283203125,0.0007556915283203125,0.5246552105993032,0.07130571603775024,0.0007533392131441786
137,0.003908766444179822,0.41230162270367143,0.2949923874810338,0.5574357185512782,0.3539010986685753,0.4123012198135257,0.9981561660766601,51.74658126831055,15.73576340675354,0.0005211830139160156,0.0005211830139160156,0.42831658069044354,0.036474667489528656,0.0007514814096847186
138,0.0033984461439434776,0.3535608840174973,0.2456559082493186,0.41564862844534217,0.3996055111289024,0.35356050413101914,0.997535228729248,45.140909576416014,36.1740843296051,0.0013489723205566406,0.0013489723205566406,0.3743759965524077,0.04391847252845764,0.000749623095768904
139,0.0033484323913316157,0.4369007028639317,0.31273928936570883,0.5237436431460083,0.4217884622514248,0.4369003130123019,0.9980730056762696,63.511217498779295,47.404488754272464,0.00076751708984375,0.00076751708984375,0.4810599472373724,0.052808155119419095,0.0007477642698496805
140,0.0032945589522238483,0.4446061193943024,0.3142428085207939,0.5222390681505203,0.43873607367277145,0.4446056574583054,0.9983238220214844,57.29144420623779,40.764638900756836,0.0005545616149902344,0.0005545616149902344,0.4657642338424921,0.05521960183978081,0.0007459049303710179
141,0.003349869152192365,0.3680388269945979,0.2608743814751506,0.461228789575398,0.3968155913054943,0.36803842466324566,0.9979363441467285,44.534424781799316,35.283027267456056,0.0009649276733398437,0.0009649276733398437,0.4168035781010985,0.05573515892028809,0.0007440450757678328
142,0.00362933026520874,0.3711875560693443,0.2700315248221159,0.5173069041222333,0.32611928232945503,0.3711872055195272,0.9983208656311036,58.74327640533447,50.29404139518738,0.00042324066162109376,0.00042324066162109376,0.38782387468963864,0.04200437068939209,0.000742184704465911
143,0.0032417005171406677,0.43410922288894654,0.3039984919130802,0.5316852383315563,0.40405444949865343,0.4341088056564331,0.9982133865356445,77.02407016754151,33.45204062461853,0.0005603790283203125,0.0005603790283203125,0.44900086186826227,0.026253572106361388,0.0007403238148818282
144,0.003051573733418164,0.44364658892154696,0.3070517912507057,0.5619208574295044,0.4086496472358704,0.4436461299657822,0.9983725547790527,54.05337829589844,25.26211495399475,0.0004149436950683594,0.0004149436950683594,0.4423066698014736,0.02692514955997467,0.000738462405422871
145,0.0030142997328022666,0.4509710485115647,0.32958159456029534,0.5616956885438412,0.42796824052929877,0.45097063733264803,0.9983762741088867,77.88119735717774,47.218620491027835,0.00065460205078125,0.00065460205078125,0.4871872385032475,0.07618011310696601,0.0007366004744869555
146,0.0030002338991669767,0.4532883934676647,0.3248468581587076,0.5367141641676426,0.4304093517363071,0.4532879315316677,0.9984266281127929,32.45566349029541,25.58688259124756,0.0004608154296875,0.0004608154296875,0.4768239239230752,0.06450192928314209,0.0007347380204625457
147,0.00286141119167124,0.3922723293304443,0.2712950576096773,0.4906392380595207,0.39109729379415514,0.3922718890011311,0.9980649948120117,33.99327392578125,26.68513169288635,0.000656890869140625,0.000656890869140625,0.3991723384708166,0.02582063674926758,0.0007328750417285716
148,0.00320708404019983,0.3375363860279322,0.24619283073116094,0.3192399647086859,0.4220385913737118,0.3375360385049134,0.9976063728332519,95.79353790283203,67.65592346191406,0.0014337539672851563,0.0014337539672851563,0.35366867631673815,0.04326143264770508,0.0007310115366543449
149,0.004854837929914621,0.396914649044737,0.28593498322890676,0.47209688429052915,0.34755575834679464,0.3969142794610216,0.997652244567871,97.33965549468994,62.45797057151795,0.0009843826293945313,0.0009843826293945313,0.3940225345548242,0.03843761086463928,0.0007291475035994755
150,0.0046668124110014605,0.4107102371752262,0.302332572452724,0.58233612626791,0.36078755259513856,0.41070985719561576,0.9980780601501464,49.842115211486814,37.194194602966306,0.0005681991577148437,0.0005681991577148437,0.44251724481582644,0.07023238614201546,0.0007272829409137847
151,0.004036299815528433,0.3507276519201696,0.24822214064188303,0.5272329777479172,0.29451757329516115,0.35072728581726553,0.9983009338378906,57.90108509063721,50.14067969322205,0.00037975311279296874,0.00037975311279296874,0.38391595613211393,0.0396619588136673,0.0007254178469372199
152,0.0035687133151275866,0.41445924937725065,0.28930149897933005,0.4882669299840927,0.4137225568294525,0.4144588142633438,0.9981125831604004,70.00020561218261,25.86896390914917,0.0007642745971679687,0.0007642745971679687,0.411397935077548,0.04389490783214569,0.0007235522199997669
153,0.003093752586706118,0.40784952938556673,0.28580983094871043,0.5096401184797287,0.37923317551612856,0.4078490845859051,0.9983138084411621,41.86788082122803,26.16584358215332,0.0005620002746582031,0.0005620002746582031,0.3741422025486827,0.045048126578330995,0.0007216860584213608
154,0.00337548105744645,0.42908704429864886,0.2997549384832382,0.49656476378440856,0.422037073969841,0.42908658981323244,0.9982065200805664,61.4335844039917,47.68152647018432,0.0007275581359863281,0.0007275581359863281,0.404543730057776,0.04359187185764313,0.0007198193605117973
155,0.003006580582057888,0.4287916511297226,0.3029506277292967,0.5139675691723824,0.42192476987838745,0.428791219741106,0.9982351303100586,81.59653701782227,48.90705184936523,0.0005547523498535157,0.0005547523498535157,0.44948200024664403,0.044792792201042174,0.0007179521245706413
156,0.002919971641280096,0.43375495467334985,0.3041965115815401,0.5402433341369033,0.3763581417500973,0.43375451043248175,0.998316764831543,78.8260232925415,46.11647839546204,0.0005612373352050781,0.0005612373352050781,0.43304529078304765,0.02825802266597748,0.0007160843488871357
157,0.0030199242835144764,0.4400220587849617,0.31767368242144584,0.6286533594131469,0.40693482011556625,0.4400217026472092,0.998628807067871,45.12183380126953,24.79367666244507,0.00034427642822265625,0.00034427642822265625,0.49049578607082367,0.09815135300159454,0.0007142160317401089
158,0.002902095264289528,0.4514048006385565,0.3225143698975444,0.4798883587121964,0.46850494146347044,0.4514043379575014,0.9983237266540528,76.90591163635254,46.314399003982544,0.0007816314697265625,0.0007816314697265625,0.4802016282454133,0.04982695132493973,0.0007123471713978799
159,0.00287691940585236,0.4254383146762848,0.3007109224796295,0.5509472906589508,0.3892569623887539,0.4254378601908684,0.9984419822692872,71.02731018066406,26.503002548217772,0.0004398345947265625,0.0004398345947265625,0.4242350872606039,0.05943384170532227,0.0007104777661181647
160,0.0026792941604402254,0.3499805755913258,0.24826677441596984,0.4837095268070698,0.3744389213621616,0.3499801903963089,0.9981461524963379,75.61993827819825,25.34753613471985,0.0007598876953125,0.0007598876953125,0.3457152251154184,0.04263144433498382,0.0007086078141479791
161,0.0028258494567126036,0.4180865578353405,0.2984466704539955,0.4298946191556752,0.48150717467069626,0.418086164444685,0.9975534439086914,64.27318687438965,48.44134440422058,0.0015807151794433594,0.0015807151794433594,0.4329471207223833,0.02882862091064453,0.0007067373137235415
162,0.0026680234824942254,0.39170904625207187,0.27001324724406006,0.4747770521324128,0.3802928600460291,0.3917086008004844,0.9981995582580566,80.2557159423828,47.43403902053833,0.0007018089294433594,0.0007018089294433594,0.3768591031432152,0.0202240064740181,0.0007048662630701754
163,0.0026036614964885466,0.3737385720014572,0.2534164384007454,0.5985831379890442,0.35798054486513137,0.3737382173538208,0.9982303619384766,55.38751735687256,47.836484575271605,0.0004970550537109375,0.0004970550537109375,0.38727986067533493,0.05354739427566528,0.0007029946604022085
164,0.0027353575040416963,0.3987353593111038,0.267152364552021,0.5582863628864289,0.3440869331359863,0.39873490035533904,0.9983016014099121,51.67394790649414,27.945569658279418,0.0004100799560546875,0.0004100799560546875,0.3447396785020828,0.026479855179786682,0.0007011225039228726
165,0.0028115448049819943,0.4497910335659981,0.3195009969174862,0.5281798481941223,0.4542907789349556,0.4497906044125557,0.9983807563781738,52.375264167785645,45.11639089584351,0.0006398200988769531,0.0006398200988769531,0.43884161710739134,0.053320860117673875,0.0006992497918242011
166,0.0043996651339429345,0.35070392831241093,0.2514919255581995,0.5219685138116833,0.31528241029846527,0.35070366859460306,0.9982680320739746,80.96722717285157,39.16775817871094,0.00044126510620117186,0.00044126510620117186,0.443170593958348,0.06683747246861457,0.0006973765222869263
167,0.0044381964835338295,0.30689474425325336,0.2127880789996141,0.3457347685390971,0.2895995401503899,0.30689436906965206,0.9981124877929688,81.19813995361328,71.93236265182495,0.0006591796875,0.0006591796875,0.33550543105229735,0.012582105398178101,0.0006955026934803739
168,0.003866021309725263,0.2276588530003038,0.16588034561862616,0.33630130320466806,0.20540477304779076,0.22765852101969292,0.9981316566467285,64.99142169952393,58.12315239906311,0.00040340423583984375,0.00040340423583984375,0.2634799718856812,0.039357104897499086,0.000693628303562358
169,0.0034103652472946455,0.2862911313772202,0.20382509361952544,0.4176677566021681,0.24052147716283798,0.28629076294600964,0.9979114532470703,70.93911590576172,62.40717206001282,0.0006106376647949218,0.0006106376647949218,0.2949798100627959,0.04171877503395081,0.0006917533506790733
170,0.0034859288134612143,0.4047205626964569,0.27869837209582327,0.5863486170768738,0.38902949541807175,0.40472016781568526,0.9982782363891601,53.875528526306155,47.23540844917297,0.0005853652954101562,0.0005853652954101562,0.40286409109830856,0.02827015221118927,0.000689877832964987
171,0.003310621726665307,0.5161784172058106,0.3737500235438347,0.572610929608345,0.5046385794878006,0.5161779463291168,0.9985044479370118,56.21365795135498,45.24974122047424,0.0005055427551269531,0.0005055427551269531,0.5518170334398746,0.03686441406607628,0.0006880017485427283
172,0.0030404798268467525,0.3827217623591423,0.26988555416464804,0.6214213259518147,0.3669040858745575,0.38272140026092527,0.9982489585876465,55.60142822265625,17.229829263687133,0.00041179656982421876,0.00041179656982421876,0.4479551313444972,0.029508009552955627,0.0006861250955229781
173,0.0028339666764209555,0.28644657097756865,0.2003141300752759,0.3536504302173853,0.2816275529563427,0.28644617050886156,0.9975196838378906,61.16019973754883,34.08833794593811,0.0011804580688476562,0.0011804580688476562,0.26240526558831334,0.04114933609962464,0.0006842478720043559
174,0.0033357101122171366,0.45492988005280494,0.3258626349270344,0.5726708978414535,0.40434339046478274,0.4549294218420982,0.9983630180358887,55.199404335021974,47.95195980072022,0.0004991531372070312,0.0004991531372070312,0.47627418488264084,0.045414474606513974,0.0006823700760733055
175,0.003217482113872062,0.24594130404293538,0.16951397489756345,0.7141982853412628,0.18056169636547564,0.24594106152653694,0.998300838470459,56.316527938842775,49.203556299209595,0.00014820098876953126,0.00014820098876953126,0.31073966771364214,0.042388004064559934,0.00068049170580398
176,0.0030621999229135163,0.3705850332975388,0.24683845713734626,0.5599713921546936,0.29852892756462096,0.37058462500572203,0.9983177185058594,54.00187873840332,47.32145614624024,0.0002994537353515625,0.0002994537353515625,0.39012658298015596,0.012845298647880555,0.000678612759258125
177,0.00244614488275891,0.41722301617264745,0.2876967307180166,0.6241302818059922,0.34361872524023057,0.4172226138412952,0.998501968383789,67.95332145690918,47.21754112243652,0.00023517608642578124,0.00023517608642578124,0.43357103765010835,0.022348222136497498,0.0006767332344849599
178,0.002407606053483588,0.43812974616885186,0.3084431145340204,0.5133454071357846,0.4170892916619778,0.43812929168343545,0.9982459068298339,68.92356338500977,47.99982504844665,0.0006502151489257812,0.0006502151489257812,0.4264153932221234,0.026975589990615844,0.0006748531295210577
179,0.002396467898506671,0.46062261760234835,0.3280488431453705,0.6062839791178704,0.41160713583230973,0.460622164607048,0.9983994483947753,47.15920162200928,37.1989191532135,0.00038394927978515627,0.00038394927978515627,0.4775578908622265,0.04509260803461075,0.0006729724423902248
180,0.0023180051913103935,0.27275259429588916,0.1916855657938868,0.46418303847312925,0.2167031356599182,0.2727522632107139,0.9984188079833984,93.10837173461914,51.180846118927,0.00023651123046875,0.00023651123046875,0.26692439913749694,0.011343646794557571,0.0006710911711033769
181,0.0023348527928729627,0.40841745883226394,0.30410048700869086,0.556343631260097,0.3557138778269291,0.40841705948114393,0.9984006881713867,54.38655452728271,47.33625078201294,0.0006789207458496094,0.0006789207458496094,0.4130984988063574,0.10193248987197875,0.0006692093136584148
182,0.002893815674311058,0.44785749465227126,0.32390275932848456,0.5391311133280396,0.4462236762046814,0.4478571031242609,0.9982816696166992,57.924285888671875,50.5369155883789,0.000765228271484375,0.000765228271484375,0.4981263052672148,0.0532881498336792,0.0006673268680400988
183,0.0025601506799417125,0.40249581933021544,0.28324437141418457,0.5319104135036469,0.40941223949193956,0.40249539315700533,0.9983717918395996,66.76511421203614,48.882164525985715,0.000579071044921875,0.000579071044921875,0.4049193512648344,0.0409854531288147,0.0006654438322199202
184,0.002396250619891692,0.38742254972457885,0.2657163791358471,0.5151384919881821,0.3828159600496292,0.3874221041798592,0.9982207298278809,93.26481246948242,49.64107637405395,0.000566864013671875,0.000566864013671875,0.39873023964464666,0.026746866106987,0.0006635602041559724
185,0.0026714619069190867,0.20835892679169774,0.1344883268000558,0.8444463014602661,0.14085979119408876,0.20835875505581497,0.9983135223388672,68.85675411224365,63.04833927154541,7.4005126953125e-05,7.4005126953125e-05,0.37531652450561526,0.021391953527927398,0.00066167598179282
186,0.0029812449832785537,0.304676628857851,0.20467699877917767,0.394278759136796,0.25762556828558447,0.3046761965379119,0.9975858688354492,70.5863805770874,40.937918949127194,0.0009782791137695312,0.0009782791137695312,0.2795538492500782,0.0,0.0006597911630613657
187,0.003046396654099226,0.3984681725502014,0.2803936071693897,0.5247377663850784,0.4166083917021751,0.39846777617931367,0.9983269691467285,61.517130279541014,25.60735077857971,0.0005761146545410156,0.0005761146545410156,0.4212875783443451,0.06000864505767822,0.0006579057458787157
188,0.002510675313797864,0.42720830887556077,0.3059279337525368,0.6145897842943668,0.35804525688290595,0.4272078663110733,0.9985971450805664,45.86805324554443,16.99396719932556,0.0003997802734375,0.0003997802734375,0.42435092758387327,0.06499806940555572,0.0006560197281480442
189,0.002441464322724972,0.30342742806359113,0.2154929772584039,0.5088727415685008,0.24590661090560922,0.30342712104333297,0.9983114242553711,50.55022659301758,30.746171140670775,0.0004146575927734375,0.0004146575927734375,0.27925251515116545,0.0388519287109375,0.0006541331077584547
190,0.002410577136536383,0.3862732172012329,0.25892847329378127,0.5692048072814941,0.3683462828397751,0.38627282083034514,0.9983004570007324,68.37097930908203,39.3500114440918,0.0005375862121582032,0.0005375862121582032,0.362749882042408,0.010695872455835342,0.0006522458825848401
191,0.0024633139176082545,0.3701831102371216,0.25288369357585905,0.524396201968193,0.30571361184120177,0.3701826587319374,0.9983377456665039,55.574869537353514,45.19049725532532,0.000370025634765625,0.000370025634765625,0.3250818260014057,0.04002263844013214,0.000650358050487742
192,0.002528680493758822,0.40527591705322263,0.2767170011997223,0.6184393703937531,0.33028206825256345,0.40527550876140594,0.998446273803711,34.310238647460935,27.65190577507019,0.00037832260131835936,0.00037832260131835936,0.3763329043984413,0.0393324464559555,0.0006484696093132058
193,0.0022948884235864334,0.4111878082156181,0.28489955365657804,0.5998787879943848,0.37282457798719404,0.4111874148249626,0.9984512329101562,84.80249290466308,48.21839814186096,0.00039691925048828124,0.00039691925048828124,0.41222879737615586,0.04854737371206284,0.0006465805568926364
194,0.002222621599106457,0.35330784767866136,0.25867445580661297,0.4716074176132679,0.3470675550401211,0.3533074468374252,0.9983393669128418,56.07484188079834,27.90923833847046,0.0006217002868652344,0.0006217002868652344,0.324757469817996,0.06386280357837677,0.0006446908910426501
195,0.002284003580412404,0.39751494489610195,0.3035457132384181,0.47307468578219414,0.41606046706438066,0.3975145321339369,0.9984063148498535,43.82186698913574,26.539859771728516,0.0007610321044921875,0.0007610321044921875,0.3858401825651526,0.1164827287197113,0.0006428006095649255
196,0.0026085224420636555,0.3499339148402214,0.24420741721987724,0.6538953065872193,0.27580479085445403,0.3499335542321205,0.9985069274902344,51.26641139984131,27.070611667633056,0.00022802352905273437,0.00022802352905273437,0.33188349157571795,0.04056858718395233,0.0006409097102460521
197,0.0021344596408942543,0.39422328025102615,0.28037224188446996,0.45507740676403047,0.39589971452951433,0.39422285705804827,0.9980954170227051,58.786360549926755,49.95706787109375,0.0005858421325683593,0.0005858421325683593,0.3367873873561621,0.04027332365512848,0.0006390181908573774
198,0.00226539750689302,0.3597613817080855,0.2533104051835835,0.6194413602352142,0.35804979694075884,0.3597610745579004,0.9983681678771973,78.76296138763428,52.04260392189026,0.0004888534545898438,0.0004888534545898438,0.36788599062711,0.0472456231713295,0.0006371260491548504
199,0.00208488725845448,0.4617003232240677,0.32666629552841187,0.6166521728038787,0.40104645788669585,0.46169987618923186,0.9985191345214843,50.37328128814697,25.697501945495606,0.00028238296508789065,0.00028238296508789065,0.4374391704797745,0.05653188824653625,0.0006352332828788649
200,0.0019198570331685585,0.47055626660585403,0.34062333181500437,0.5669041410088539,0.4594419151544571,0.4705558270215988,0.9985857009887695,54.44545974731445,24.339950227737425,0.000485992431640625,0.000485992431640625,0.4485984552651644,0.0707082487642765,0.0006333398897540993
201,0.0022904328705573625,0.39760740101337433,0.273322419077158,0.46742853671312334,0.4237987190485001,0.3976069435477257,0.9979056358337403,89.31964015960693,45.28482956886292,0.0010095596313476562,0.0010095596313476562,0.3651543915271759,0.03974714279174805,0.0006314458674893553
202,0.0022228604595346205,0.48634878545999527,0.36056903973221777,0.612900909781456,0.43814677000045776,0.486348332464695,0.9987587928771973,33.14126110076904,25.838853645324708,0.00032596588134765626,0.00032596588134765626,0.4997746119275689,0.10368968248367309,0.0006295512137773931
203,0.0026594729067503727,0.42095530927181246,0.2916862040758133,0.6261695116758347,0.3309964254498482,0.4209548830986023,0.9983656883239747,60.68706741333008,25.431167984008788,0.00025844573974609375,0.00025844573974609375,0.42035978883504865,0.027877295017242433,0.0006276559262947659
204,0.0026297159810465846,0.436327094770968,0.3314001084305346,0.5563811734318733,0.39529709070920943,0.4363267360255122,0.9986097335815429,57.0795181274414,46.440382432937625,0.0003570556640625,0.0003570556640625,0.4253411218523979,0.07677524015307427,0.00062576000270165
205,0.0024185102467361667,0.4161854416131973,0.2828358024358749,0.49607214108109476,0.37271854281425476,0.4161849871277809,0.9981484413146973,51.964705276489255,24.538830471038818,0.0006575584411621094,0.0006575584411621094,0.3567136537283659,0.012497986108064652,0.0006238634406416756
206,0.001957204026191241,0.3921838618814945,0.283106751460582,0.4976040065288544,0.35660815266892315,0.39218348506838085,0.9984413146972656,67.96038341522217,40.62602801322937,0.00034313201904296876,0.00034313201904296876,0.36995144560933113,0.02485806792974472,0.0006219662377417515
207,0.003009007558417083,0.4717989295721054,0.33651140332221985,0.625366348028183,0.40674434006214144,0.4717985033988953,0.9985279083251953,33.51880722045898,25.28144884109497,0.0003983497619628906,0.0003983497619628906,0.4636382520198822,0.05971398949623108,0.0006200683916118909
208,0.002485390519723296,0.35102993845939634,0.25211100801825526,0.5525485940277577,0.3221145264804363,0.3510295577347279,0.9984257698059082,69.80751533508301,29.536712837219238,0.0002730369567871094,0.0002730369567871094,0.38042583838105204,0.05773387551307678,0.0006181698998450326
209,0.0019323444562773643,0.3662654533982277,0.25544187277555463,0.5115620627999306,0.3794107839465141,0.3662650689482689,0.9982072830200195,82.77280941009522,45.62772750854492,0.0005890846252441407,0.0005890846252441407,0.36487864311784507,0.0406912088394165,0.0006162707600168605
210,0.002059815053309483,0.4402179017663002,0.3095546692609787,0.5615714117884636,0.40305493026971817,0.440217436850071,0.9983648300170899,67.82409477233887,26.74296917915344,0.00040225982666015626,0.00040225982666015626,0.4518163941800594,0.03548172488808632,0.0006143709696856199
211,0.002017164737811651,0.45162875913083556,0.3249676529318094,0.5219753798097372,0.4416890643537045,0.4516283176839352,0.998450756072998,45.95522766113281,24.804531002044676,0.0005657196044921875,0.0005657196044921875,0.4751476125791669,0.06648598611354828,0.0006124705263919325
212,0.002184289489047263,0.47220146283507347,0.3468100097030401,0.5032836940139532,0.4856628760695457,0.4722010299563408,0.9984285354614257,62.0306697845459,25.13798542022705,0.0006964683532714843,0.0006964683532714843,0.478671701438725,0.05878151059150696,0.000610569427658607
213,0.002022343002450229,0.46194355487823485,0.32087667286396027,0.5830920100212097,0.44675019979476926,0.46194314062595365,0.9984313011169433,36.25848731994629,26.120708990097047,0.0005872726440429687,0.0005872726440429687,0.44646331667900085,0.03513505831360817,0.0006086676709904492
214,0.001785191852832213,0.4772544473409653,0.3446690499782562,0.5620382845401763,0.45426721721887586,0.47725397944450376,0.9986482620239258,31.997233963012697,24.81330895423889,0.000414276123046875,0.000414276123046875,0.46754202619194984,0.07848791480064392,0.0006067652538740668
215,0.0016019904882837595,0.461474284529686,0.32655450254678725,0.577243372797966,0.43634961992502214,0.4614738315343857,0.9985496520996093,30.20098066329956,23.70992441177368,0.00042781829833984377,0.00042781829833984377,0.45071239545941355,0.052815642952919004,0.0006048621737776744
216,0.0018199582806449723,0.3494555774140261,0.25002327142237646,0.5776562602830012,0.3182945567266927,0.34945528360719963,0.9984542846679687,78.62573204040527,56.705787658691406,0.00034198760986328127,0.00034198760986328127,0.3761828370392323,0.04230199754238129,0.000602958428150892
217,0.002040791560747576,0.4776206396520138,0.34758294392377137,0.5494744893163442,0.4533545166254044,0.4776201844215393,0.9985599517822266,54.34654216766357,46.51933612823486,0.0004892349243164062,0.0004892349243164062,0.47046194951981307,0.039132699370384216,0.0006010540144245451
218,0.0023358147009275854,0.36578842997550964,0.26044870540499687,0.6162425741553307,0.32463476359844207,0.36578804478049276,0.9982261657714844,59.98617687225342,52.458901453018186,0.0003032684326171875,0.0003032684326171875,0.387762357480824,0.03985359072685242,0.0005991489300104574
219,0.0019769417756999082,0.47555095702409744,0.33523951545357705,0.5960470229387284,0.41922121345996854,0.4755505070090294,0.9985510826110839,53.88560943603515,46.993210029602054,0.00033092498779296875,0.00033092498779296875,0.46869943737983705,0.034432776272296906,0.0005972431723012443
220,0.0016853596819353036,0.509190870821476,0.37026046589016914,0.6089384824037551,0.45904981791973115,0.5091903984546662,0.9987192153930664,74.62504367828369,33.93717722892761,0.00032215118408203126,0.00032215118408203126,0.48123107478022575,0.0724257044494152,0.0005953367386701004
221,0.001627529577076943,0.46581188440322874,0.33118765652179716,0.5939693003892899,0.4141800194978714,0.46581141352653505,0.9986151695251465,54.40952835083008,27.65421667098999,0.00032415390014648435,0.00032415390014648435,0.43109024651348593,0.04297917783260345,0.0005934296264705859
222,0.0016386310479984704,0.46399963162839414,0.3380998771637678,0.48875171281397345,0.4778898574411869,0.4639991786330938,0.9984189033508301,50.58758335113525,43.39582052230835,0.0007409095764160156,0.0007409095764160156,0.4464098775759339,0.06726743280887604,0.0005915218330364093
223,0.0018056657096498054,0.5028994619846344,0.36757896170020105,0.5720544844865799,0.48374328315258025,0.5028990060091019,0.9985133171081543,66.06400680541992,36.18198952674866,0.0005688667297363281,0.0005688667297363281,0.4576744822785258,0.051316645741462705,0.000589613355681206
224,0.00223417274272916,0.3133328542113304,0.21744292750954627,0.5220881998538971,0.27091154754161834,0.31333248913288114,0.9980618476867675,109.74232025146485,43.901706504821775,0.0004160881042480469,0.0004160881042480469,0.291437865793705,0.026153945922851564,0.0005877041916983153
225,0.0038990462013647298,0.19876065365970136,0.13638513088226317,0.32416141778230667,0.18629104970023036,0.19876034948974847,0.9975639343261719,62.96052284240723,56.589884185791014,0.0008870124816894531,0.0008870124816894531,0.2117778100538999,0.009218134731054307,0.0005857943383605531
226,0.0032722872248004105,0.3816591903567314,0.28241459336131813,0.5265925455838442,0.3581148166209459,0.38165885396301746,0.9980938911437989,45.61653518676758,16.526802825927735,0.000666046142578125,0.000666046142578125,0.42164417626336215,0.05342499762773514,0.0005838837929199803
227,0.002862078259402717,0.4402282565832138,0.3151169402524829,0.5056065913289786,0.4434180185198784,0.4402278449386358,0.9981822013854981,34.12185096740723,26.52220344543457,0.0007249832153320313,0.0007249832153320313,0.453163505345583,0.06670735627412797,0.0005819725526076705
228,0.0024729932272087103,0.39428169205784797,0.28326750472187995,0.5618891630321741,0.36561497375369073,0.3942813195288181,0.9983114242553711,35.67892837524414,27.06910285949707,0.000481414794921875,0.000481414794921875,0.41074582282453775,0.03411856219172478,0.0005800606146334708
229,0.0022524472296936437,0.38456103056669233,0.27492713555693626,0.6188402771949768,0.34216696545481684,0.38456064760684966,0.9984070777893066,36.03777599334717,19.810250902175902,0.0002741813659667969,0.0002741813659667969,0.3939944490790367,0.03494196906685829,0.000578147976185762
230,0.002113186336249452,0.349737411737442,0.24693110659718515,0.49536266960203645,0.3349834457039833,0.34973700493574145,0.9982063293457031,44.528283309936526,27.969094800949097,0.0006546974182128906,0.0006546974182128906,0.35517801642417907,0.049321477115154264,0.0005762346344312134
231,0.0019000688030659644,0.3996474571526051,0.2721172198653221,0.5720081895589828,0.330462783575058,0.3996470160782337,0.9983875274658203,43.34218902587891,27.239194488525392,0.00035791397094726564,0.00035791397094726564,0.38292589206248523,0.012227651476860047,0.0005743205865145341
232,0.001849115024511279,0.4732649691402912,0.3399151720106602,0.5615472130477428,0.44161849170923234,0.4732645407319069,0.998418140411377,60.14203224182129,24.129401111602782,0.0005802154541015625,0.0005802154541015625,0.45254290513694284,0.045091965794563295,0.0005724058295582214
233,0.002007020796141164,0.42415450513362885,0.3060885965824127,0.5514566347002983,0.420524987578392,0.4241540849208832,0.9985186576843261,33.239427185058595,25.345085906982423,0.0004993438720703125,0.0004993438720703125,0.4545348517596722,0.10070892870426178,0.0005704903606623043
234,0.0019563531439582057,0.4127447657287121,0.29627051539719107,0.5273612536489963,0.3993036925792694,0.4127443447709084,0.9984920501708985,34.19587860107422,27.048265075683595,0.0005042076110839844,0.0005042076110839844,0.41306723468005657,0.061762753129005435,0.0005685741769040841
235,0.0017973483323161913,0.451871719956398,0.3154449835419655,0.6013220459222793,0.3899780511856079,0.4518712773919106,0.9985517501831055,34.19109973907471,26.868453788757325,0.0003132820129394531,0.0003132820129394531,0.42138520926237105,0.024302053451538085,0.0005666572753378695
236,0.0017083664477633481,0.41896982938051225,0.3039133034646511,0.6503843173384667,0.36373293697834014,0.41896946132183077,0.9986823081970215,47.615208053588866,26.276519441604613,0.00019903182983398436,0.00019903182983398436,0.43476418778300285,0.058089567720890044,0.0005647396529947098
237,0.0016216487287734212,0.49141680300235746,0.35349064469337466,0.647174522280693,0.4148375689983368,0.49141636192798616,0.998629093170166,41.96439666748047,32.38148169517517,0.000254058837890625,0.000254058837890625,0.4475152101367712,0.04965021833777428,0.000562821306882122
238,0.002040765227072618,0.4041087135672569,0.28543565049767494,0.6065158396959305,0.3388557851314545,0.40410832315683365,0.9986111640930175,30.275326919555663,23.898388624191284,0.00027341842651367186,0.00027341842651367186,0.3855429235845804,0.03658128976821899,0.0005609022339838143
239,0.0018678567205576903,0.47003022134304046,0.34737917594611645,0.5733913697302342,0.43475021347403525,0.47002978175878524,0.9986154556274414,78.26513977050782,46.91517238616943,0.0004528045654296875,0.0004528045654296875,0.47590865641832353,0.06793381869792939,0.0005589824312594061
240,0.0020827544530303303,0.39484278187155725,0.28524958398193123,0.513432452455163,0.4110729180276394,0.3948424026370049,0.9982678413391113,87.28084945678711,58.143750238418576,0.0007624626159667969,0.0007624626159667969,0.4123033261857927,0.040902641415596006,0.0005570618956441422
241,0.0018413129966409708,0.39755876287817954,0.2870595552027225,0.5160071328282356,0.3756159096956253,0.39755836725234983,0.9983739852905273,66.43601684570312,45.33714642524719,0.000569915771484375,0.000569915771484375,0.38848310578614476,0.0410895049571991,0.0005551406240486037
242,0.0017531007231975143,0.368363531678915,0.2633373213931918,0.418762481957674,0.3726037967018783,0.3683631682768464,0.998234748840332,96.94355945587158,51.556556415557864,0.0006653785705566407,0.0006653785705566407,0.330766121763736,0.023024788498878478,0.0005532186133584137
243,0.0016968513902446086,0.41242650989443064,0.3004545387811959,0.4625405579805374,0.40943740094080566,0.41242611333727835,0.998537254333496,85.863796043396,46.33627700805664,0.00045270919799804686,0.00045270919799804686,0.38972579604014757,0.04635794460773468,0.0005512958604339385
244,0.0014877524504713206,0.3564467877149582,0.25512736486271026,0.39929447025060655,0.34732832191511986,0.35644638612866403,0.9983785629272461,93.53002853393555,47.403336429595946,0.0005606651306152344,0.0005606651306152344,0.3074838433414698,0.026052901148796083,0.0005493723621099843
245,0.00141834060724994,0.41181859076023103,0.3033797923475504,0.5144798815250397,0.4103850875049829,0.41181818693876265,0.998569107055664,78.40771713256837,27.497824907302856,0.00043172836303710936,0.00043172836303710936,0.41100071258842946,0.06554610580205918,0.0005474481151954883
246,0.0014133345658509907,0.44187910556793214,0.31633041352033614,0.5962927162647247,0.3972378134727478,0.4418786823749542,0.9986586570739746,46.118959712982175,24.014485120773315,0.00032939910888671873,0.00032939910888671873,0.371296077221632,0.04948860332369805,0.0005455231164732059
247,0.0014278618195517497,0.37908683996647596,0.2745344748720527,0.5758226156234741,0.35932484464719894,0.3790865274146199,0.9985780715942383,77.67213439941406,27.669159841537475,0.00033397674560546874,0.00033397674560546874,0.3868161655962467,0.051306312531232835,0.0005435973626993919
248,0.0013282900353343311,0.39191353749483826,0.28878443110734225,0.4166739247739315,0.41715453742071984,0.3919131835922599,0.9983908653259277,99.09529495239258,49.45141129493713,0.0006657600402832031,0.0006657600402832031,0.35561539568006995,0.03623738214373588,0.0005416708506034778
249,0.0014176823764997112,0.3547846307978034,0.2567709205672145,0.5009212672710419,0.2967696166597307,0.35478425640612843,0.9985990524291992,71.25331077575683,51.245011472702025,0.00024394989013671876,0.00024394989013671876,0.30616793585941193,0.05032399296760559,0.000539743576887742
250,0.0014496773576617918,0.4056884977966547,0.2867839584127069,0.5125947780907154,0.3832977697253227,0.40568806380033495,0.9984147071838378,70.00555801391602,27.237181663513184,0.0005555152893066406,0.0005555152893066406,0.36065984815359114,0.03530070036649704,0.0005378155382269764
251,0.0014132185553369875,0.4725420907139778,0.34452850967645643,0.5837257571518422,0.4513240694999695,0.47254168093204496,0.9985365867614746,75.13988151550294,36.9980966091156,0.0005003929138183594,0.0005003929138183594,0.4403816729784012,0.04979036450386047,0.0005358867312681466
252,0.0015699677738170562,0.45712687373161315,0.32800952792167665,0.6017546206712723,0.4118122160434723,0.4571264415979385,0.998647403717041,64.76377143859864,24.509143257141112,0.0003177642822265625,0.0003177642822265625,0.419345336034894,0.022959066182374956,0.0005339571526300471
253,0.0015203993203943935,0.5041910171508789,0.37664041966199874,0.6949785113334656,0.4332924783229828,0.5041906118392945,0.9988140106201172,62.72962245941162,43.90653944015503,0.00022935867309570312,0.00022935867309570312,0.4829237937927246,0.09244137927889824,0.0005320267989029498
254,0.001541822198884223,0.4145747350474509,0.3071986610015544,0.6312970166304168,0.3669188077645288,0.41457445472618365,0.9986525535583496,90.2215145111084,38.18984980583191,0.0003180503845214844,0.0003180503845214844,0.41402523368597033,0.03705019205808639,0.0005300956666482484
255,0.0017730446614388545,0.46642389670014384,0.3465711109340191,0.6307808339595795,0.406394274905324,0.46642349362373353,0.9987154006958008,73.93983383178711,31.43301591873169,0.00020923614501953126,0.00020923614501953126,0.44347283989191055,0.07305991798639297,0.000528163752398095
256,0.0016419576515380124,0.3646626636385918,0.2511041333898902,0.5115264326333999,0.31753978310152886,0.36466231737285854,0.9984214782714844,57.959774589538576,51.22626066207886,0.0003867149353027344,0.0003867149353027344,0.30216915924102067,0.012055040895938873,0.0005262310526550319
257,0.0016474916417130523,0.3436338469851762,0.24744735911954194,0.43796566128730774,0.34858278902247547,0.3436335275415331,0.998320484161377,92.67865982055665,70.62185287475586,0.0005488395690917969,0.0005488395690917969,0.3509848048910499,0.05692054629325867,0.0005242975638916167
258,0.0017368530574127692,0.40537522584199903,0.2791710399091244,0.512879615649581,0.3988631904125214,0.40537481009960175,0.9981432914733886,113.501025390625,58.92785797119141,0.0006941795349121094,0.0006941795349121094,0.3987013447098434,0.026592496037483215,0.0005223632825500419
259,0.0022061792472165757,0.4382344052195549,0.3144696194678545,0.4882723018527031,0.42370678186416627,0.4382339507341385,0.9980779647827148,81.75300159454346,64.21712479591369,0.0008604049682617188,0.0008604049682617188,0.4028709170408547,0.06351094841957092,0.0005204282050417462
260,0.001915993155721067,0.4517583463340998,0.33099062349647285,0.51768797673285,0.4528911545872688,0.45175792574882506,0.9982596397399902,96.90969648361207,68.77958436012268,0.0008411407470703125,0.0008411407470703125,0.4156645378097892,0.04328507483005524,0.000518492327747022
261,0.0018119062297046185,0.4236873729154468,0.30614622328430413,0.5275016486644745,0.3761591571383178,0.42368698343634603,0.9986073493957519,93.42290992736817,68.3254898071289,0.00029811859130859377,0.00029811859130859377,0.3986368227750063,0.043333739042282104,0.000516555647014613
262,0.0017279124294873327,0.45031030774116515,0.3124945566058159,0.5406750023365021,0.4444115698337555,0.45030986666679385,0.9984508514404297,72.55394992828369,27.102317094802856,0.0005655288696289062,0.0005655288696289062,0.3872348241508007,0.013161484897136689,0.0005146181591613082
263,0.002226112235803157,0.3177694944664836,0.22707244306802749,0.48324709236621854,0.3209307628683746,0.31776917465031146,0.9982486724853515,80.28649711608887,38.975220108032225,0.00033245086669921877,0.00033245086669921877,0.31578714661300183,0.058557307720184325,0.0005126798604715261
264,0.0019208332100375133,0.3995195761322975,0.28409135788679124,0.4892360009253025,0.42681205868721006,0.39951918050646784,0.9979711532592773,57.57749900817871,27.96482276916504,0.0009946823120117188,0.0009946823120117188,0.3750825397670269,0.05842774510383606,0.000510740747196894
265,0.0014782288066767665,0.41834463402628896,0.30038465447723867,0.5570899337530136,0.40375759452581406,0.4183442272245884,0.9984315872192383,63.941273880004886,27.968261575698854,0.0005412101745605469,0.0005412101745605469,0.39401229564100504,0.02653326988220215,0.000508800815555818
266,0.001693496967411854,0.4584823936223984,0.31755471378564837,0.5893420368432999,0.39440389573574064,0.45848195254802704,0.9985011100769043,63.38074226379395,25.45402774810791,0.00035848617553710935,0.00035848617553710935,0.40070620477199553,0.025097760558128356,0.0005068600617330473
267,0.0016688975473781202,0.4492808133363724,0.3230298049747944,0.5193047806620598,0.4418492019176483,0.44928037375211716,0.9984811782836914,64.98704147338867,26.563703727722167,0.0005869865417480469,0.0005869865417480469,0.4168427189812064,0.06613326221704482,0.0005049184818792296
268,0.001435727983004075,0.44900652170181277,0.3214241907000542,0.5791900873184204,0.41962234377861024,0.44900608956813814,0.9986119270324707,52.71600513458252,26.37734694480896,0.0004244804382324219,0.0004244804382324219,0.4160339504480362,0.051864849776029585,0.0005029760721104597
269,0.0013681663893459534,0.4121758282184601,0.29273924976587296,0.5358130514621735,0.4027651071548462,0.4121754318475723,0.9984910011291503,56.23486480712891,27.07279348373413,0.0005066871643066406,0.0005066871643066406,0.3827814258635044,0.03624529168009758,0.0005010328285078191
270,0.001300621744700369,0.41892203539609907,0.3069165475666523,0.527117133885622,0.40276112854480745,0.41892163157463075,0.9985357284545898,35.96742935180664,27.91844391822815,0.0004985809326171875,0.0004985809326171875,0.3876531722024083,0.08038335293531418,0.0004990887471169086
271,0.001256868153260174,0.42814062535762787,0.30249390825629235,0.5013270780444146,0.43010076582431794,0.42814016044139863,0.9984116554260254,53.465767765045165,26.64167151451111,0.0006534576416015625,0.0006534576416015625,0.3689024969935417,0.02532077729701996,0.0004971438239473716
272,0.0013410750742133876,0.4844669461250305,0.3438728392124176,0.5329507529735565,0.4754917711019516,0.4844664573669434,0.9985326766967774,87.084619140625,25.594992065429686,0.0005768775939941406,0.0005768775939941406,0.44248190000653265,0.033947409689426424,0.0004951980549724098
273,0.001216200840479525,0.49652041494846344,0.3514277249574661,0.5689777851104736,0.48335686773061753,0.49651994109153746,0.9985415458679199,50.57138786315918,25.067860555648803,0.00055999755859375,0.00055999755859375,0.46525342389941216,0.037586104869842527,0.0004932514361282894
274,0.001455034692877565,0.47921253740787506,0.354287825524807,0.6111605077981949,0.42391303479671477,0.47921210825443267,0.9987320899963379,52.926113510131835,22.625322914123537,0.00030002593994140627,0.00030002593994140627,0.44678921774029734,0.06398606449365615,0.0004913039633138389
275,0.001401600517882881,0.47869742214679717,0.341480028629303,0.6222563266754151,0.433548703789711,0.4786970168352127,0.9986436843872071,49.98802614212036,22.43826322555542,0.00037126541137695314,0.00037126541137695314,0.42296151295304296,0.026290786266326905,0.0004893556323899376
276,0.0014073338560675356,0.4902935951948166,0.3595509007573128,0.5789817452430726,0.4641678959131241,0.4902931749820709,0.9987215042114258,52.77537384033203,24.848060607910156,0.0003887176513671875,0.0003887176513671875,0.45012317821383474,0.09367175996303559,0.00048740643917899543
277,0.0014932255885055797,0.39370174091309307,0.29200247414410113,0.5638715535402298,0.3517793073318899,0.39370142538100483,0.9986531257629394,72.25099668502807,46.54824833869934,0.00029115676879882814,0.00029115676879882814,0.37677007131278517,0.040082183480262754,0.00048545637946442196
278,0.00135481016530486,0.5360852897167205,0.39313393756747245,0.5984474509954453,0.5062284499406815,0.5360848411917687,0.9986560821533204,64.46355228424072,36.787395334243776,0.0004608154296875,0.0004608154296875,0.4879750940948725,0.046770733594894406,0.0004835054489900874
279,0.0013378493339669976,0.4654967039823532,0.34270462542772295,0.5741651833057404,0.4465378254652023,0.46549629122018815,0.9986822128295898,53.87314586639404,23.451627254486084,0.0004047393798828125,0.0004047393798828125,0.4211012214422226,0.05361986607313156,0.0004815536434597723
280,0.0013890557033433156,0.4710801661014557,0.3504823759198189,0.6264565512537956,0.42275586128234866,0.47107973992824553,0.9987705230712891,52.16566677093506,26.716428565979005,0.0002737998962402344,0.0002737998962402344,0.44337000176310537,0.07918679118156433,0.0004796009585366077
281,0.0012911830549869178,0.47526302337646487,0.34536203630268575,0.5421857386827469,0.448587466776371,0.4752625457942486,0.998574161529541,52.7605712890625,24.625856018066408,0.0005225181579589844,0.0005225181579589844,0.4193553250283003,0.04485397785902023,0.0004776473898425048
282,0.0011805124721087684,0.4807900249958038,0.35217461585998533,0.6493067681789398,0.4239767462015152,0.4807896226644516,0.998741626739502,50.53602437973022,23.881300497055054,0.00027217864990234373,0.00027217864990234373,0.43086387515068053,0.05161821022629738,0.00047569293295757415
283,0.0011810072676532648,0.4611714132130146,0.33818716183304787,0.6008022412657738,0.41456971541047094,0.4611710198223591,0.9987360000610351,52.073561382293704,23.263538455963136,0.00028676986694335936,0.00028676986694335936,0.4371784672141075,0.06514610648155213,0.0004737375834195338
284,0.0011051448540952565,0.47717247903347015,0.343836335837841,0.6146510422229767,0.43905599117279054,0.4771720618009567,0.9986644744873047,28.350427627563477,12.917291307449341,0.00035219192504882814,0.00035219192504882814,0.4044432587921619,0.03619642108678818,0.0004717813367231056
285,0.001260336215967651,0.44706830829381944,0.31535927951335907,0.5389295145869255,0.42557514309883115,0.44706786423921585,0.9982893943786622,70.83250570297241,60.62185254096985,0.0006810188293457031,0.0006810188293457031,0.3782581936568022,0.040334904193878175,0.00046982418831940226
286,0.0012448705899507993,0.43669166713953017,0.3183109901845455,0.6099907755851746,0.37958282232284546,0.43669127523899076,0.9987201690673828,27.813683032989502,23.09972290992737,0.00023822784423828126,0.00023822784423828126,0.39717734754085543,0.03701369687914848,0.0004678661336153
287,0.0012205965705850924,0.45328068286180495,0.3269868016242981,0.7067698776721955,0.3625907629728317,0.4532803013920784,0.998692512512207,29.844465923309325,16.345575189590456,0.00015325546264648436,0.00015325546264648436,0.4312779724597931,0.050605165958404544,0.00046590716797280114
288,0.0012195475362452933,0.49014944583177567,0.3479349479079247,0.5677956059575081,0.45486813932657244,0.4901489824056625,0.9985536575317383,65.83298282623291,44.06163401603699,0.00043392181396484375,0.00043392181396484375,0.42579156085848807,0.02620881199836731,0.00046394728670838385
289,0.0010341899892823262,0.48266118466854097,0.3498654469847679,0.6477724641561509,0.4073486328125,0.4826607495546341,0.9987244606018066,60.02911605834961,12.149822568893432,0.0002277374267578125,0.0002277374267578125,0.4297755748033524,0.04816360324621201,0.0004619864850923394
290,0.0010125487447525798,0.48614628314971925,0.34855413138866426,0.5613425940275192,0.4592982292175293,0.4861458271741867,0.9986150741577149,63.544915199279785,43.569146966934206,0.00044994354248046876,0.00044994354248046876,0.4161993026733398,0.03626895993947983,0.0004600247583480966
291,0.0010068453133995222,0.4559024676680565,0.32904535830020903,0.5571025252342224,0.4325652286410332,0.45590203404426577,0.9986425399780273,31.15197973251343,25.796328687667845,0.0004131317138671875,0.0004131317138671875,0.41584441289305685,0.0630461260676384,0.00045806210165153324
292,0.0009947570652002469,0.499120232462883,0.35850293189287186,0.6377947568893433,0.4276348203420639,0.4991197943687439,0.9987329483032227,52.285214042663576,24.422224712371825,0.0002667427062988281,0.0002667427062988281,0.42723496407270434,0.04678010493516922,0.0004560985101302735
293,0.0009636810414535416,0.49296359419822694,0.3632737100124359,0.6327086806297302,0.43279685378074645,0.4929631680250168,0.9987585067749023,31.80234146118164,23.99017400741577,0.00026111602783203126,0.00026111602783203126,0.43368101119995117,0.06330208331346512,0.00045413397886297295
294,0.0009774978838818656,0.416685451567173,0.2974839717149734,0.5643964618444443,0.38518431708216666,0.4166850596666336,0.9985906600952148,69.41422758102416,26.490598011016846,0.0003887176513671875,0.0003887176513671875,0.35311708971858025,0.0334175743162632,0.0004521685028785876
295,0.000981910042438275,0.49481636881828306,0.3520288854837418,0.6257793068885803,0.43552414774894715,0.4948159247636795,0.9986577033996582,50.77399091720581,25.267024993896484,0.0003493309020996094,0.0003493309020996094,0.4115265741944313,0.02459062933921814,0.0004502020771556299
296,0.0009702549339801243,0.4698903888463974,0.3399132192134857,0.611068868637085,0.42833184748888015,0.46988997757434847,0.9987082481384277,52.31062116622925,25.59187254905701,0.0003308296203613281,0.0003308296203613281,0.42435319125652315,0.06230965107679367,0.0004482346966214095
297,0.0009636834835294973,0.47563509047031405,0.34257063567638396,0.6050182700157165,0.430119551718235,0.47563467621803285,0.9986682891845703,54.35579147338867,26.805866718292236,0.0003552436828613281,0.0003552436828613281,0.3995900467038155,0.03429548293352127,0.0004462663561512584
298,0.0009632000702285123,0.47188744246959685,0.34262908846139906,0.5850953429937362,0.43641522973775865,0.47188699841499326,0.9986831665039062,54.48032207489014,25.647067928314208,0.00037136077880859373,0.00037136077880859373,0.4053085446357727,0.037352687865495685,0.0004442970505677413
299,0.0009063186139841987,0.4569120675325394,0.32972159534692763,0.6055098295211792,0.4133709669113159,0.45691165030002595,0.9986868858337402,51.277852630615236,25.981537914276124,0.0003237724304199219,0.0003237724304199219,0.3961382143199444,0.04975936412811279,0.00044232677463984944
300,0.0009076783555263484,0.4735815614461899,0.34501903504133224,0.6072810769081116,0.4366002753376961,0.4735811322927475,0.9986937522888184,53.5090446472168,26.04082293510437,0.000336456298828125,0.000336456298828125,0.41019683629274367,0.050775165855884555,0.0004403555230821779
301,0.0009527479520660232,0.4411995239555836,0.31403231583535673,0.6596355617046357,0.3857476808130741,0.44119914844632147,0.9986321449279785,68.86427164077759,45.86786594390869,0.00029764175415039065,0.00029764175415039065,0.3782205402851105,0.012152016162872314,0.00043838329055408696
302,0.0011868414320898328,0.5089645773172379,0.3699513204395771,0.6337500095367432,0.4360028699040413,0.5089641347527504,0.9985968589782714,59.71905045509338,33.513023662567136,0.00032815933227539065,0.00032815933227539065,0.4519306432455778,0.03620207533240318,0.00043641007165884534
303,0.0010877111318140205,0.4526942014694214,0.3199883908033371,0.5707046836614609,0.42364459335803983,0.4526937574148178,0.9985405921936035,29.603122234344482,24.845344924926756,0.0004611015319824219,0.0004611015319824219,0.39788811951875686,0.05239802375435829,0.0004344358609427563
304,0.0010509455314604566,0.497595389187336,0.35833680629730225,0.59722750633955,0.44262316524982454,0.4975949302315712,0.9986391067504883,59.429172611236574,41.74824304580689,0.0003600120544433594,0.0003600120544433594,0.43140135109424593,0.03514467850327492,0.0004324606528942658
305,0.0009799897617829795,0.4740147739648819,0.3362049490213394,0.6293000370264054,0.4051298886537552,0.47401431798934934,0.998647403717041,30.561009693145753,24.991935300827027,0.00028171539306640623,0.00028171539306640623,0.40149795562028884,0.025966718792915344,0.0004304844419430511
306,0.0010857798155153762,0.44818824529647827,0.3154293119907379,0.6586782097816467,0.3603436931967735,0.4481878370046616,0.9986254692077636,65.85718669891358,26.00453281402588,0.00022077560424804688,0.00022077560424804688,0.39098280146718023,0.027002641558647157,0.00042850722245909174
307,0.0011095766623673792,0.43159496784210205,0.304651640355587,0.5279303938150406,0.4166842639446259,0.4315945416688919,0.9984685897827148,71.69252080917359,45.63698945045471,0.0005133628845214843,0.0005133628845214843,0.3898917563259602,0.03994300961494446,0.00042652898875171984
308,0.0011121341680832716,0.44767062216997144,0.3188379317522049,0.5106488361954689,0.47305368483066557,0.4476701974868774,0.998422908782959,50.67438850402832,26.927307653427125,0.0006906509399414063,0.0006906509399414063,0.4074629496783018,0.04930654838681221,0.00042454973506865094
309,0.0010623345905597407,0.48461332023143766,0.34936221688985825,0.6076798632740974,0.4253925621509552,0.48461287319660185,0.9986433982849121,51.102355289459226,25.355463790893555,0.0003476142883300781,0.0003476142883300781,0.40952612869441507,0.0393360435962677,0.00042256945559499383
310,0.0009875304809115319,0.46617255806922914,0.3330866530537605,0.5883727908134461,0.40997500717639923,0.4661721259355545,0.998659896850586,51.88411431312561,26.390960264205933,0.0003093719482421875,0.0003093719482421875,0.40442458540201187,0.04934094995260239,0.0004205881444522394
311,0.0009894658975430173,0.44248260334134104,0.33996034916490314,0.555193580687046,0.3986062301322818,0.4424822099506855,0.9987160682678222,61.319512605667114,18.7693302154541,0.0003047943115234375,0.0003047943115234375,0.41294909100979565,0.06937391310930252,0.0004186057956972281
312,0.0009659755398223007,0.4288864254951477,0.29957427382469176,0.5069001510739326,0.41800464391708375,0.4288859635591507,0.9983564376831054,61.99695234298706,25.933078384399415,0.0006493568420410156,0.0006493568420410156,0.3517248407006264,0.03858988583087921,0.0004166224033210947
313,0.0010597929543688554,0.3950148858129978,0.2924807656556368,0.4941189408302307,0.394087553024292,0.39501447826623914,0.9984827041625977,50.50221662521362,26.51795334815979,0.0005750656127929688,0.0005750656127929688,0.38088879603892567,0.06697923243045807,0.0004146379612481899
314,0.0010023897405269302,0.43323453664779665,0.30321523547172546,0.5203548312187195,0.4230911940336227,0.4332340955734253,0.9984387397766114,96.46851739883422,26.868881368637084,0.0005489349365234375,0.0005489349365234375,0.3730009362101555,0.038080820441246034,0.00041265246333497955
315,0.0009520914900349453,0.37531496584415436,0.2645157054066658,0.5033035278320312,0.3469026774168015,0.3753145545721054,0.9983272552490234,50.28319292068481,26.820012235641478,0.0005721092224121094,0.0005721092224121094,0.29978581294417384,0.026211062073707582,0.00041066590336891814
316,0.0012592206211675975,0.4559966817498207,0.33411576226353645,0.5310422591865063,0.45350686460733414,0.45599624663591387,0.9985359191894532,86.72862405776978,44.37800698280334,0.00055694580078125,0.00055694580078125,0.42412506621330975,0.06211309358477592,0.0004086782750672989
317,0.0013786050959342074,0.40874354913830757,0.29768395721912383,0.44657984673976897,0.40822485499083994,0.4087431311607361,0.9982876777648926,93.43606357574463,40.08999409675598,0.0006072998046875,0.0006072998046875,0.3477958310395479,0.04497189223766327,0.0004066895720760775
318,0.0017044913865075532,0.3409921169281006,0.22735505253076554,0.4913037806749344,0.29497918486595154,0.34099169075489044,0.9981133460998535,83.01426696777344,63.4953125,0.0005611419677734375,0.0005611419677734375,0.2543377012014389,0.02440028190612793,0.00040469978796866976
319,0.0018040181722343814,0.3918746581301093,0.2863965562544763,0.5655990649014712,0.3466066217049956,0.3918742656707764,0.9985777854919433,45.84374866485596,26.043063974380495,0.00029821395874023436,0.00029821395874023436,0.40415115002542734,0.040841853618621825,0.0004027089162447227
320,0.0024375989742111415,0.416919082030654,0.3002981597557664,0.52076998911798,0.43355421498417857,0.41691869869828224,0.9983174324035644,72.28734788894653,28.055380487442015,0.0007752418518066406,0.0007752418518066406,0.4160192742012441,0.03939727544784546,0.00040071695032885756
321,0.0014996038358235223,0.31762095615267755,0.2281758591532707,0.48408220559358595,0.2800390884280205,0.3176205940544605,0.9981623649597168,97.37857494354247,19.264023876190187,0.000260162353515625,0.000260162353515625,0.28039708249270917,0.02275754064321518,0.0003987238835693844
322,0.0013511022380870681,0.4320471504004672,0.3157652857014909,0.6301417739363387,0.3573360327165574,0.43204672581050546,0.9986343383789062,76.10130176544189,19.169581127166747,0.00022363662719726562,0.00022363662719726562,0.41537807658314707,0.027514618635177613,0.00039672970923698735
323,0.0010594540561380034,0.39056838750839235,0.2871172934770584,0.4674803212285042,0.364407545607537,0.3905680118128657,0.9986109733581543,71.95606489181519,48.1094108581543,0.0003795623779296875,0.0003795623779296875,0.3581416394561529,0.035487135499715806,0.0003947344205233804
324,0.0011236522219736469,0.44875923693180086,0.30415739566087724,0.7155799746513367,0.35407689213752747,0.44875883758068086,0.9985760688781739,53.127969074249265,44.55437030792236,0.00022182464599609374,0.00022182464599609374,0.4086949735879898,0.011157257854938507,0.00039273801053993075
325,0.0012538267467541366,0.4889936089515686,0.35477926582098007,0.6131463319063186,0.42272862792015076,0.48899314999580384,0.9987234115600586,51.27057065963745,45.72988033294678,0.00030422210693359375,0.00030422210693359375,0.4398850597441196,0.05429304912686348,0.000390740472316252
326,0.0011148888820157895,0.38684273362159727,0.2728284105658531,0.5338661521673203,0.32325415760278703,0.3868423134088516,0.9985666275024414,64.60991382598877,28.04025764465332,0.00036983489990234376,0.00036983489990234376,0.31861558482050895,0.023614664375782014,0.0003887417987987635
327,0.0011032894921795973,0.4833672851324081,0.33489207923412323,0.6425497889518738,0.39196657538414004,0.4833668291568756,0.9986044883728027,51.39290981292724,43.38972492218018,0.00032033920288085935,0.00032033920288085935,0.4196837544441223,0.011339378356933594,0.00038674198284921577
328,0.0012197195306229828,0.3638309143483639,0.27853090316057205,0.4957765229046345,0.328886541724205,0.36383049078285695,0.9985174179077149,64.16774702072144,47.34094085693359,0.0004911422729492188,0.0004911422729492188,0.34433112367987634,0.10074490606784821,0.0003847410172431821
329,0.0012946515674808654,0.40426438450813296,0.2739735573530197,0.510551729798317,0.39608356952667234,0.40426394939422605,0.998255729675293,64.31955146789551,27.292189502716063,0.0006639480590820313,0.0006639480590820313,0.3201805464923382,0.010811559110879897,0.00038273889466851373
330,0.001111748260551725,0.40658223181962966,0.28602703511714933,0.46151784658432005,0.40124328136444093,0.40658176839351656,0.9981529235839843,64.86112518310547,27.389382076263427,0.000865936279296875,0.000865936279296875,0.31915241330862043,0.025518015027046204,0.00038073560772375803
331,0.0009862525012894448,0.40776506066322327,0.2933994472026825,0.5075236022472381,0.3895132541656494,0.40776464343070984,0.9985164642333985,48.73148488998413,26.553593492507936,0.000499725341796875,0.000499725341796875,0.33642020374536513,0.0377750888466835,0.0003787311489165393
332,0.0009569986643989316,0.41708713471889497,0.29559057354927065,0.5621749371290207,0.3731473281979561,0.4170866996049881,0.9985426902770996,51.68719739913941,26.005636978149415,0.00044889450073242186,0.00044889450073242186,0.34024134278297424,0.03661535605788231,0.0003767255106619003
333,0.0009192081296615387,0.42656299471855164,0.3002829283475876,0.5644589811563492,0.3815437495708466,0.42656256556510924,0.9984904289245605,61.56583905220032,25.456113481521605,0.00048627853393554685,0.00048627853393554685,0.3395099610090256,0.03694079890847206,0.0003747186852806031
334,0.0008796883987749673,0.43204356729984283,0.30261060446500776,0.5776434361934661,0.3817040413618088,0.43204315602779386,0.9985679626464844,41.05610752105713,25.534517574310303,0.00040311813354492186,0.00040311813354492186,0.3505273908376694,0.035786834359169004,0.00037271066499738924
335,0.0008943768268429928,0.44607649743556976,0.3150931313633919,0.6547488987445831,0.36330305486917497,0.44607609510421753,0.9987093925476074,50.79597616195679,25.06544933319092,0.0002399444580078125,0.0002399444580078125,0.38414124101400376,0.0373150609433651,0.00037070144193919653
336,0.0009050948633971116,0.3965012192726135,0.281107072532177,0.5771359264850616,0.35293987691402434,0.39650080502033236,0.998476791381836,62.20755910873413,28.22864384651184,0.0004874229431152344,0.0004874229431152344,0.3145731344819069,0.03579661101102829,0.00036869100813333194
337,0.0008794969015236182,0.4825905069708824,0.3487467050552368,0.5880500391125679,0.4346893340349197,0.4825900629162788,0.9986194610595703,64.777702999115,47.62626318931579,0.00040750503540039064,0.00040750503540039064,0.42253738529980184,0.04099223017692566,0.00036667935550559937
338,0.0008987330326238986,0.45295616090297697,0.3197616174817085,0.626770806312561,0.3770006030797958,0.4529557108879089,0.9986660957336426,60.830020570755,27.108765125274658,0.00025167465209960935,0.00025167465209960935,0.3908216029405594,0.026268461346626283,0.00036466647587838003
339,0.000862635211722756,0.37545128762722013,0.2647398144006729,0.5889147251844407,0.30334830433130267,0.37545090913772583,0.9985831260681153,51.66030130386353,27.434939289093016,0.00027856826782226565,0.00027856826782226565,0.3085899353027344,0.035746288299560544,0.0003626523609686652
340,0.0008400682934073054,0.43101711124181746,0.31002851352095606,0.6061489641666412,0.37422254011034967,0.43101672530174256,0.9986841201782226,50.89615297317505,26.425455188751222,0.0002755165100097656,0.0002755165100097656,0.3712604746222496,0.03710323944687843,0.00036063700238603866
341,0.0008202967278934507,0.43527050912380216,0.31005375683307645,0.6036069452762604,0.36781641095876694,0.435270094871521,0.998685646057129,61.4144907951355,27.34935884475708,0.00027532577514648436,0.00027532577514648436,0.3644943431019783,0.03655961528420448,0.0003586203916306077
342,0.0008566057407403026,0.4077445402741432,0.2864129938185215,0.5499485969543457,0.3421971470117569,0.407744100689888,0.9984866142272949,62.855874156951906,45.78865132331848,0.0004269599914550781,0.0004269599914550781,0.32445807084441186,0.03951581120491028,0.0003566025200908819
343,0.000919179225589191,0.4329411402344704,0.31421742737293246,0.5539620995521546,0.39659235179424285,0.4329407274723053,0.9985821723937989,97.60672359466552,47.364406156539914,0.000423431396484375,0.000423431396484375,0.3902427891269326,0.05003046467900276,0.0003545833790415959
344,0.0009730873948270032,0.4681170791387558,0.32817687541246415,0.5452268809080124,0.4316845893859863,0.46811661422252654,0.9984857559204101,62.382713603973386,47.012892723083496,0.000554656982421875,0.000554656982421875,0.3755172058939934,0.041313639283180235,0.0003525629596414768
345,0.00092707441349789,0.38259902596473694,0.27442512214183806,0.5564655482769012,0.31369569003582,0.38259861171245574,0.9986470222473145,61.323739528656006,26.627019834518432,0.0002608299255371094,0.0002608299255371094,0.31511983573436736,0.04974062442779541,0.0003505412529309526
346,0.0009311255965836939,0.3535302683711052,0.25000278651714325,0.5909955620765686,0.2808225750923157,0.35352993160486224,0.9986098289489747,61.3059045791626,25.80733451843262,0.0002239227294921875,0.0002239227294921875,0.3068492144346237,0.025730207562446594,0.0003485182498298004
347,0.0009135625024844722,0.44186906814575194,0.31141663193702696,0.5654602468013763,0.3946457728743553,0.4418686330318451,0.9985645294189454,61.49776020050049,27.359506464004518,0.00040884017944335936,0.00040884017944335936,0.3616164684295654,0.04130838215351105,0.0003464939411347329
348,0.0009092890124355273,0.44164374768733977,0.30753975212574003,0.6243775665760041,0.3620066910982132,0.4416433036327362,0.9986143112182617,61.72344074249268,25.540474939346314,0.00029754638671875,0.00029754638671875,0.3595994845032692,0.03768586814403534,0.0003444683175169201
349,0.0008701868090693923,0.44748376607894896,0.31603534519672394,0.5753285169601441,0.4075567290186882,0.44748333692550657,0.9985869407653809,62.97813577651978,27.77612714767456,0.0004143714904785156,0.0004143714904785156,0.37065218538045885,0.025885987281799316,0.00034244136951944463
350,0.0008065642263814384,0.4283880189061165,0.3074160613119602,0.5491197943687439,0.4075478777289391,0.42838760316371916,0.9985903739929199,64.39426364898682,28.556311082839965,0.0004134178161621094,0.0004134178161621094,0.3750469610095024,0.04712449014186859,0.0003404130875546888
351,0.0008160459077440795,0.4342554837465286,0.30420139282941816,0.6446524918079376,0.3648033931851387,0.4342550843954086,0.9986205101013184,61.001168155670165,44.85544023513794,0.00029630661010742186,0.00029630661010742186,0.37541795819997786,0.024973729252815248,0.0003383834619016499
352,0.0007848962367544035,0.4511947602033615,0.32438692152500154,0.5494495637714862,0.42161261588335036,0.4511943109333515,0.998497486114502,79.14450302124024,48.10177917480469,0.0005449295043945312,0.0005449295043945312,0.3867358619347215,0.025025120377540587,0.00033635248270318287
353,0.0007960320052172227,0.4687187224626541,0.3361106216907501,0.5979883834719658,0.4139635622501373,0.4687183052301407,0.9986284255981446,62.873490715026854,46.6454176902771,0.000365447998046875,0.000365447998046875,0.3989498160779476,0.0250903844833374,0.0003343201399631669
354,0.000777536779589189,0.4366394583135843,0.313799773901701,0.5453482300043107,0.3864649530500174,0.43663905151188376,0.9986209869384766,43.93693504333496,26.852864074707032,0.00033121109008789064,0.00033121109008789064,0.3760741211473942,0.02431844025850296,0.0003322864235435932
355,0.00082811194376766,0.39983642995357516,0.27564551383256913,0.5381319016218186,0.3417172521352768,0.39983600080013276,0.9984521865844727,64.13919267654418,48.95101881027222,0.00041561126708984376,0.00041561126708984376,0.3067042648792267,0.02498973309993744,0.00033025132316157177
356,0.0008415269112447277,0.5033485233783722,0.36718384474515914,0.6504607021808624,0.438164684176445,0.5033480823040009,0.998720359802246,64.43224277496338,35.1283983707428,0.00030908584594726565,0.00030908584594726565,0.4353638470172882,0.047612591087818144,0.00032821482838625376
357,0.000839494723715523,0.4157977789640427,0.2932426378130913,0.5236163705587387,0.40413987934589385,0.41579733192920687,0.9984249114990235,63.12620439529419,26.851306629180907,0.0006085395812988281,0.0006085395812988281,0.33663166165351865,0.0340861015021801,0.0003261769286356675
358,0.0008220093586714938,0.45843570232391356,0.32979259490966795,0.5938755393028259,0.41330386847257616,0.45843529999256133,0.9986631393432617,96.4642412185669,28.1589307308197,0.0003086090087890625,0.0003086090087890625,0.3972641572356224,0.0494082011282444,0.0003241376131734635
359,0.0007816929957533085,0.4275108829140663,0.30099568963050843,0.6275389671325684,0.3612414747476578,0.4275104820728302,0.9986459732055664,61.515447330474856,27.731990146636964,0.00028533935546875,0.00028533935546875,0.3698594033718109,0.034830129146575926,0.00032209687110556687
360,0.000786890701750632,0.43296783715486525,0.3080583542585373,0.6442014098167419,0.3706897169351578,0.4329674497246742,0.9986777305603027,52.05602350234985,28.221987199783324,0.000276947021484375,0.000276947021484375,0.37893818616867064,0.03574666529893875,0.00032005469137673224
361,0.0007359267818339339,0.4679298400878906,0.34244961813092234,0.6466709077358246,0.40274192318320273,0.46792943626642225,0.9987356185913085,51.560125255584715,27.10450611114502,0.000250244140625,0.000250244140625,0.4034520000219345,0.04972526431083679,0.0003180110627669995
362,0.000741444446082989,0.40653677135705946,0.2917207144200802,0.6001557290554047,0.3489688031375408,0.4065364047884941,0.9986503601074219,62.795846462249756,29.055436277389525,0.0002825736999511719,0.0002825736999511719,0.3419815793633461,0.05042504072189331,0.00031596597388804456
363,0.0007449215184103443,0.4191726170480251,0.3060315277427435,0.6234431087970733,0.3661111369729042,0.41917224898934363,0.9987007141113281,62.11114892959595,28.50264115333557,0.00026388168334960936,0.00026388168334960936,0.36605275273323057,0.035773915797472,0.0003139194131794234
364,0.0007391810709536499,0.4182371810078621,0.2984680935740471,0.6608850419521332,0.34071573317050935,0.41823679953813553,0.9986966133117676,51.51191883087158,28.691212797164916,0.00020122528076171875,0.00020122528076171875,0.36622124761343,0.05126850679516792,0.00031187136890470395
365,0.0007675657199632207,0.44755454659461974,0.32388328909873965,0.5670271158218384,0.4101911775767803,0.4475541576743126,0.9986800193786621,52.88951873779297,27.133065938949585,0.0003421783447265625,0.0003421783447265625,0.3840493381023407,0.03721826374530792,0.00030982182914748223
366,0.0008002887083090503,0.40007688105106354,0.2856356233358383,0.5492315471172333,0.34433048218488693,0.40007647275924685,0.9985793113708497,69.8478364944458,28.413685369491578,0.0003612518310546875,0.0003612518310546875,0.31928286552429197,0.04039450287818909,0.0003077707818072785
367,0.0009044121239143847,0.40055632011702763,0.28590375797560913,0.5049806479507815,0.40306147067713594,0.4005559980880388,0.9984255790710449,110.75363082885742,57.562176895141604,0.0006252288818359375,0.0006252288818359375,0.36088941916823386,0.03665713965892792,0.0003057182145953083
368,0.000993001607474236,0.4193135887384415,0.2908076599240303,0.5416292577981949,0.3738017290830612,0.41931315064430236,0.9984878540039063,70.15631742477417,46.73493013381958,0.0004714012145996094,0.0004714012145996094,0.3263308353722095,0.02363458424806595,0.00030366411503012506
369,0.0008498637689626776,0.46965145468711855,0.33486649096012117,0.5710041671991348,0.42709513306617736,0.469650998711586,0.998624610900879,63.24880857467652,46.67092638015747,0.0004326820373535156,0.0004326820373535156,0.4005960084497929,0.03460450991988182,0.00030160847043312673
370,0.0008421279781032354,0.4738416075706482,0.3408571720123291,0.6059516966342926,0.42524413466453553,0.47384118735790254,0.9987039566040039,50.84128866195679,25.720964479446412,0.0003457069396972656,0.0003457069396972656,0.4063708625733852,0.051439789682626726,0.00029955126792392453
371,0.0008197224074551327,0.46525758504867554,0.33023818135261535,0.6798870980739593,0.37234972417354584,0.46525717079639434,0.9987298965454101,50.32392959594726,26.668027114868163,0.0001903533935546875,0.0001903533935546875,0.3939949184656143,0.04778338298201561,0.00029749249441556524
372,0.0007907781096450476,0.4403995484113693,0.31246582567691805,0.6710970461368561,0.35670322328805926,0.4403991401195526,0.9987237930297852,50.86901845932007,27.039688491821288,0.00020618438720703124,0.00020618438720703124,0.3825058117508888,0.03637610226869583,0.00029543213660960366
373,0.0008035987947633574,0.4125041851773858,0.302915377356112,0.5244684398174286,0.35975423334166406,0.4125037923455238,0.9986948013305664,56.40870208740235,50.88330750465393,0.0002585411071777344,0.0002585411071777344,0.3613985297270119,0.05224272087216377,0.00029337018099101795
374,0.0007650230889504945,0.47133782505989075,0.33681354075670245,0.6177398443222046,0.4143886059522629,0.47133738100528716,0.9987013816833497,96.0524230003357,26.19236330986023,0.0003139495849609375,0.0003139495849609375,0.4025776833295822,0.050839798897504805,0.00029130661382296226
375,0.000732593958673533,0.4347689628601074,0.31180852055549624,0.6275038421154022,0.3639859974384308,0.43476857990026474,0.9986819267272949,96.77379751205444,29.0630286693573,0.00022687911987304688,0.00022687911987304688,0.37218297719955445,0.049403877556324007,0.0002892414211413496
376,0.0007712731213277121,0.4746266514062881,0.3485700190067291,0.7031521916389465,0.39179652333259585,0.4746262729167938,0.9987699508666992,94.02032804489136,16.296161508560182,0.00019102096557617189,0.00019102096557617189,0.4260457634925842,0.05275155752897263,0.0002871745887492587
377,0.0008769304827596484,0.2956571117043495,0.21515197912231088,0.516980930045247,0.23984989374876023,0.29565679710358383,0.9985471725463867,51.40091056823731,26.879290866851807,0.00023717880249023436,0.00023717880249023436,0.28566981852054596,0.02325698733329773,0.0002851061022111573
378,0.0008033471809043972,0.37487278282642367,0.26239708438515663,0.5605809435248374,0.30445757061243056,0.37487238794565203,0.9984889030456543,62.83676948547363,46.72838716506958,0.0003550529479980469,0.0003550529479980469,0.3023348391056061,0.025120815634727477,0.00028303594684693387
379,0.0007853066622787578,0.3942194730043411,0.27402581423521044,0.6171709448099136,0.3176411002874374,0.39421906471252444,0.9985809326171875,61.00296001434326,44.86020593643188,0.0002941131591796875,0.0002941131591796875,0.31755051612854,0.024640573561191557,0.00028096410772573076
380,0.0007431163665552793,0.3850815922021866,0.26975940614938737,0.5779879301786423,0.3198007524013519,0.38508119583129885,0.9985443115234375,62.51415395736694,46.49182472229004,0.00033884048461914064,0.00033884048461914064,0.3090480789542198,0.025125038623809815,0.0002788905696595702
381,0.0007175215796451084,0.4084236413240433,0.28768439292907716,0.5698473870754241,0.3672068819403648,0.4084232300519943,0.9985160827636719,62.36188402175903,27.519488716125487,0.00043926239013671877,0.00043926239013671877,0.33686981350183487,0.02471856474876404,0.0002768153171967635
382,0.0007047482914375988,0.4137940423563123,0.2981947440654039,0.5475164473056793,0.35272608874365685,0.41379365846514704,0.9986783981323242,72.38693790435791,48.964241075515744,0.00025739669799804685,0.00025739669799804685,0.36025907658040524,0.03645312562584877,0.0002747383346150956
383,0.0007452441218033941,0.3792778491973877,0.26382126212120055,0.6095857203006745,0.3115425780415535,0.37927746772766113,0.998524284362793,96.24974069595336,46.078444957733154,0.00034084320068359373,0.00034084320068359373,0.3020397245883942,0.02304936796426773,0.00027265960591477443
384,0.0007603869360702282,0.3582344736903906,0.2568687558174133,0.5897340625524521,0.28954707365483046,0.3582341060042381,0.9986118316650391,61.435556697845456,47.10898733139038,0.00022993087768554687,0.00022993087768554687,0.2962807908654213,0.025048848986625672,0.0002705791148111353
385,0.0007206807633999481,0.3993529945611954,0.2771440759301186,0.6325093388557435,0.3255793035030365,0.39935260117053983,0.9986002922058106,62.058591556549075,28.4164381980896,0.00028429031372070315,0.00028429031372070315,0.33078589737415315,0.022131501138210295,0.000268496844727089
386,0.0007462179293559694,0.3591489285230637,0.2629104755818844,0.5023247361183166,0.31268095821142194,0.3591485366225243,0.9985306739807129,44.59280414581299,28.324343395233154,0.00039548873901367186,0.00039548873901367186,0.29054399132728576,0.05003420114517212,0.0002664127787853039
387,0.0007686321722840975,0.3989004403352737,0.28258041106164455,0.5151671886444091,0.33180818259716033,0.3988999776542187,0.9985593795776367,94.76162071228028,45.53758163452149,0.0003773689270019531,0.0003773689270019531,0.3076701633632183,0.02254331260919571,0.000264326899800108
388,0.0007020210244015536,0.3683946270495653,0.2667895547114313,0.5200692161917686,0.30214599715545776,0.3683942032977939,0.9986094474792481,65.36606702804565,50.040931415557864,0.00029954910278320315,0.00029954910278320315,0.2975878837052733,0.036374117434024814,0.00026223919026910044
389,0.0006860806018018841,0.3777569528669119,0.2690410831943154,0.5619243048131466,0.3038299158215523,0.37775654122233393,0.9986104011535645,64.47015047073364,48.082413291931154,0.0002808570861816406,0.0002808570861816406,0.29916511550545694,0.03472121879458427,0.0002601496323644581
390,0.0007263969839021394,0.37649311125278473,0.2570658341050148,0.5481325596570968,0.3078239977359772,0.37649268209934234,0.9984683990478516,95.7742033958435,48.36349506378174,0.0003209114074707031,0.0003209114074707031,0.2996864154934883,0.024781851470470427,0.0002580582079239239
391,0.0007783333950845355,0.3927674204111099,0.27462093010544775,0.48728671222925185,0.3680962577462196,0.3927669793367386,0.9983511924743652,96.56479082107543,65.1634973526001,0.0006051063537597656,0.0006051063537597656,0.3195782173424959,0.025473427772521973,0.00025596489844146203
392,0.0008130623325335116,0.46364777386188505,0.32766973972320557,0.6075954735279083,0.4340770527720451,0.4636473745107651,0.998594856262207,96.0377709388733,27.451981925964354,0.0004143714904785156,0.0004143714904785156,0.39645329415798186,0.011380583792924882,0.0002538696850575648
393,0.0007753075465602292,0.4820393741130829,0.35277468264102935,0.6471876859664917,0.4155608370900154,0.48203899413347245,0.9986785888671875,69.19037609100342,14.97531499862671,0.00029354095458984376,0.00029354095458984376,0.41171045899391173,0.036107880622148515,0.00025177254854919455
394,0.000766184510377405,0.4799667179584503,0.34499313682317734,0.6771653354167938,0.40619671195745466,0.47996631264686584,0.9986834526062012,95.55910787582397,23.37079668045044,0.00025186538696289065,0.00025186538696289065,0.4192159980535507,0.02578347623348236,0.00024967346931934365
395,0.0007470491334309124,0.4476036339998245,0.3185487940907478,0.5773835211992264,0.4091496542096138,0.4476032078266144,0.9985859870910645,62.54991617202759,26.104225635528564,0.00039987564086914064,0.00039987564086914064,0.367296439409256,0.024601088464260103,0.00024757242738619403
396,0.0007164282876394943,0.42370074074715375,0.3045750126242638,0.5924640029668808,0.35000882027670743,0.42370039112865926,0.9986804962158203,93.11078109741212,47.996046733856204,0.00021886825561523438,0.00021886825561523438,0.36340735107660294,0.025965240597724915,0.00024546940237185757
397,0.0006982133729087019,0.43522740304470064,0.31257508099079134,0.6009083986282349,0.39063794910907745,0.43522698879241944,0.998636531829834,62.65835084915161,25.90407028198242,0.0003386497497558594,0.0003386497497558594,0.37113779969513416,0.0245553657412529,0.0002433643734906761
398,0.0007186722703574395,0.4602481484413147,0.32799151688814165,0.6346992373466491,0.39150677919387816,0.460247728228569,0.9986742973327637,69.51062841415406,26.307048034667968,0.000275421142578125,0.000275421142578125,0.39104449152946474,0.025051558017730714,0.00024125731953706037
399,0.0006930713643669151,0.43727547973394393,0.30916523560881615,0.6412671804428101,0.3701343901455402,0.4372750833630562,0.9986292839050293,69.35270128250122,27.942074012756347,0.00028600692749023435,0.00028600692749023435,0.36785476952791213,0.023873557150363923,0.00023914821887284436
400,0.0006752571888765405,0.4517175078392029,0.32406788468360903,0.6291200041770935,0.40087389200925827,0.4517171174287796,0.9986728668212891,96.42722291946411,27.493302249908446,0.00032873153686523436,0.00032873153686523436,0.3784238487482071,0.0348555326461792,0.00023703704941413096
401,0.0006479425018452192,0.46720310747623445,0.33142838776111605,0.689329719543457,0.3859517991542816,0.4672027170658112,0.9986830711364746,95.85740089416504,27.728908729553222,0.00027294158935546874,0.00027294158935546874,0.3921379029750824,0.02505090832710266,0.00023492378861760376
402,0.0006517483813116665,0.4624199360609055,0.3259273737668991,0.6662506401538849,0.38105846047401426,0.46241953074932096,0.9986711502075195,95.72955980300904,45.86261873245239,0.00028352737426757814,0.00028352737426757814,0.3772813081741333,0.02535349130630493,0.00023280841346627672
403,0.0006505174010685137,0.49159068465232847,0.35716200321912767,0.702627319097519,0.4081049174070358,0.4915902644395828,0.9987407684326172,93.85700664520263,14.171060466766358,0.000243377685546875,0.000243377685546875,0.42191925942897796,0.037719947099685666,0.0002306909004546538
404,0.0006730920365291902,0.4095953643321991,0.2819288671016693,0.7171955883502961,0.33097955882549285,0.40959500074386596,0.9985791206359863,68.437140750885,47.070230102539064,0.0002863883972167969,0.0002863883972167969,0.3398017942905426,0.02342411279678345,0.00022857122557326718
405,0.0006584325727255253,0.46614483296871184,0.33164782226085665,0.7142758011817932,0.3902996703982353,0.46614443361759184,0.9986863136291504,95.94800615310669,46.39264650344849,0.0002692222595214844,0.0002692222595214844,0.40540381968021394,0.0386945903301239,0.00022644936429256138
406,0.0006649113340906545,0.395442695915699,0.277871336042881,0.6144039154052734,0.322300224006176,0.39544232860207557,0.998629093170166,96.76431865692139,29.221075344085694,0.00023822784423828126,0.00023822784423828126,0.33145405948162077,0.023790892958641053,0.0002243252915460891
407,0.0006378898694740863,0.4482564300298691,0.31740428507328033,0.6643541097640991,0.3760126233100891,0.44825602173805235,0.9986741065979003,95.90150117874146,28.72066774368286,0.0002773284912109375,0.0002773284912109375,0.37631418704986574,0.02520111799240112,0.00022219898171298088
408,0.000625875240075402,0.4560778349637985,0.32453603893518446,0.6671911954879761,0.3793612763285637,0.45607743263244627,0.9986930847167969,96.31654300689698,28.158016300201417,0.00024547576904296873,0.00024547576904296873,0.38379264920949935,0.03820119798183441,0.00022007040859965013
409,0.0006707036161308431,0.38446972370147703,0.2666240967810154,0.6494745790958405,0.3191385641694069,0.3844693437218666,0.9985257148742676,67.0097152709961,29.90457706451416,0.00032873153686523436,0.00032873153686523436,0.30119388848543166,0.022238008677959442,0.0002179395454206905
410,0.0006810671180904716,0.45506845861673356,0.3302046895027161,0.6483386337757111,0.3906921364367008,0.4550680428743362,0.9987003326416015,121.72352466583251,27.715540599822997,0.00026035308837890625,0.00026035308837890625,0.3916890904307365,0.03897711336612701,0.00021580636477892232
411,0.0006660647678390061,0.45234026908874514,0.31792215406894686,0.6580546617507934,0.3748165756464005,0.45233983397483823,0.9986577987670898,41.814743232727054,26.396601486206055,0.0002814292907714844,0.0002814292907714844,0.3823745161294937,0.025438979268074036,0.0002136708386445385
412,0.000672964371915441,0.4135489158332348,0.2956800885498524,0.6358154654502869,0.36614357493817806,0.41354854479432107,0.9986457824707031,44.09115686416626,28.70982313156128,0.00030078887939453123,0.00030078887939453123,0.36718894764780996,0.0358827531337738,0.00021153293833330034
413,0.0007007723199256526,0.4513658732175827,0.3134104132652283,0.5640016973018647,0.4045212000608444,0.4513654112815857,0.9985177040100097,105.39985704421997,58.891022491455075,0.0004512786865234375,0.0004512786865234375,0.36179124712944033,0.03786793649196625,0.0002093926344837281
414,0.0007452217779990116,0.4266228497028351,0.2976696088910103,0.6612246990203857,0.3755792796611786,0.4266224533319473,0.9985406875610352,95.02973947525024,63.74629783630371,0.00041446685791015627,0.00041446685791015627,0.3742996960878372,0.024267473816871644,0.0002072498970332279
415,0.0007308354291705076,0.4628248006105423,0.3191841647028923,0.5651850521564483,0.42073667645454405,0.4628243386745453,0.9984976768493652,120.34224843978882,47.437263870239256,0.00047864913940429685,0.00047864913940429685,0.3637709841132164,0.022167719900608063,0.00020510469519309334
416,0.0006947983320887116,0.407143634557724,0.28336205929517744,0.6041479110717773,0.3359792321920395,0.4071432054042816,0.998555850982666,96.12476978302001,38.31557922363281,0.00034770965576171877,0.00034770965576171877,0.3266526013612747,0.02553393840789795,0.00020295699742231397
417,0.00067326231113508,0.4423848792910576,0.3157923839986324,0.6048443078994751,0.39645844474434855,0.44238450974225996,0.9986074447631836,96.77891826629639,39.31137199401856,0.00037755966186523435,0.00037755966186523435,0.3777857646346092,0.024868160486221313,0.0002008067714001198
418,0.0006343498614362695,0.47382858395576477,0.3324146538972855,0.6262165904045105,0.4216366708278656,0.4738281607627869,0.9986137390136719,83.8490177154541,27.797455024719238,0.00038347244262695315,0.00038347244262695315,0.3965736359357834,0.025305396318435668,0.0001986539839971847
419,0.0006311093966360204,0.4649785369634628,0.32627635896205903,0.6380899727344513,0.39228900372982023,0.46497809886932373,0.9986597061157226,96.11720943450928,27.879184532165528,0.00030317306518554685,0.00030317306518554685,0.3833860382437706,0.02516295909881592,0.00019649860124540636
420,0.0006315937227389605,0.4598241627216339,0.32862878441810606,0.6506223022937775,0.3958776265382767,0.45982377231121063,0.9986748695373535,95.22224359512329,26.604937648773195,0.0003161430358886719,0.0003161430358886719,0.3888190075755119,0.02544161081314087,0.00019434058830617405
421,0.0006241037692895836,0.41471210569143296,0.2949747212231159,0.6696267783641815,0.3497630640864372,0.4147117346525192,0.9986432075500489,61.282231998443606,28.008894538879396,0.0002871513366699219,0.0002871513366699219,0.3569731473922729,0.025533580780029298,0.00019217990943702903
422,0.000616508314454801,0.43458138555288317,0.30948150902986526,0.7105584621429444,0.3654884874820709,0.4345810264348984,0.9986706733703613,95.42796773910523,27.4411150932312,0.00028324127197265625,0.00028324127197265625,0.3799705818295479,0.025272053480148316,0.00019001652795661513
423,0.0006200628631631844,0.42725912630558016,0.2998911038041115,0.628262460231781,0.36771744340658186,0.4272587150335312,0.998607063293457,95.74214792251587,27.91403226852417,0.00035247802734375,0.00035247802734375,0.35420846194028854,0.024571530520915985,0.0001878504062078088
424,0.0006378061714878476,0.4118667714297771,0.2900833174586296,0.6144645750522614,0.3420247040688992,0.41186641082167624,0.9986234664916992,95.37505502700806,46.814532375335695,0.00026836395263671873,0.00026836395263671873,0.33730551451444624,0.02425091415643692,0.00018568150551890957
425,0.0006034739668724466,0.44406508654356003,0.31472698599100113,0.6490978896617889,0.37391538023948667,0.44406468272209165,0.9986728668212891,110.91174850463867,26.30866756439209,0.00026531219482421874,0.00026531219482421874,0.37496660351753236,0.023278774321079256,0.00018350978616276273
426,0.0006318282056864435,0.43580461144447324,0.3039312854409218,0.694357979297638,0.35234140902757644,0.4358042269945145,0.998652458190918,96.1775933265686,27.75449333190918,0.0002651214599609375,0.0002651214599609375,0.3580816566944122,0.024393337965011596,0.00018133520731367455
427,0.0006479129978370937,0.42047222405672074,0.2980914980173111,0.6573167264461517,0.34478259831666946,0.4204718336462975,0.9986610412597656,96.66221590042115,47.38517436981201,0.00023050308227539061,0.00023050308227539061,0.3587992787361145,0.03852802217006683,0.00017915772700197077
428,0.0006039494950197299,0.3898072227835655,0.2758763819932938,0.5475018501281739,0.33510795533657073,0.38980682343244555,0.9985773086547851,96.64106636047363,28.50203218460083,0.0003367424011230469,0.0003367424011230469,0.3182868406176567,0.024443705379962922,0.000176977302066035
429,0.0006292953224725683,0.44137847423553467,0.30794712752103803,0.6745212435722351,0.35534282624721525,0.44137808978557586,0.9986663818359375,95.48333063125611,44.96739492416382,0.00026521682739257815,0.00026521682739257815,0.36326519548892977,0.02469044327735901,0.00017479388810165137
430,0.0005994023535591127,0.4268443435430527,0.29652799665927887,0.6633971095085144,0.34617342203855517,0.4268439501523972,0.9986254692077636,96.14797220230102,46.36881341934204,0.0002877235412597656,0.0002877235412597656,0.3439238935709,0.024694231152534486,0.00017260743940845976
431,0.0006175262420914474,0.3981859743595123,0.2794775523245335,0.5831791222095489,0.337587958574295,0.39818558692932127,0.998569393157959,97.25111560821533,29.697811603546143,0.0003326416015625,0.0003326416015625,0.3238511741161346,0.02561889886856079,0.00017041790893331673
432,0.0006324638581480195,0.45437065660953524,0.31505333781242373,0.609522420167923,0.3815310686826706,0.45437021255493165,0.9985936164855957,96.15277795791626,47.691036987304685,0.00036058425903320315,0.00036058425903320315,0.35557409226894376,0.025119996070861815,0.00016822524821033595
433,0.000639490858619948,0.43270686864852903,0.29782445877790453,0.549031114578247,0.37846082746982573,0.43270639777183534,0.9984927177429199,97.1304654121399,58.989302253723146,0.0004504203796386719,0.0004504203796386719,0.3260992430150509,0.023140637576580046,0.00016602940729736244
434,0.0006641698677082207,0.44118582606315615,0.30443261563777924,0.5612109959125519,0.4034974157810211,0.4411853849887848,0.9984781265258789,96.54612731933594,48.94993896484375,0.00047616958618164064,0.00047616958618164064,0.3483599781990051,0.0246342808008194,0.00016383033470861356
435,0.0006222163323069584,0.4454348236322403,0.3107441008090973,0.6063248157501221,0.3775050133466721,0.4454343944787979,0.9986174583435059,111.31397819519043,47.70102519989014,0.00031604766845703123,0.00031604766845703123,0.3687386639416218,0.02566258907318115,0.0001616279773431937
436,0.0006183108694544485,0.44034716486930847,0.3060188129544258,0.5901000559329986,0.3833715349435806,0.4403467416763306,0.9985700607299804,96.79953994750977,47.71156616210938,0.0003729820251464844,0.0003729820251464844,0.3643652155995369,0.024819843471050262,0.00015942228040916463
437,0.0006325494660731321,0.4376399055123329,0.30950229689478875,0.6317486703395844,0.36503301113843917,0.43763951063156126,0.9986695289611817,97.02248954772949,27.84470739364624,0.00027008056640625,0.00027008056640625,0.3779258981347084,0.035120179504156114,0.00015721318734282117
438,0.0006071148249744015,0.43823241591453554,0.30727294087409973,0.6181609213352204,0.37338847219944,0.4382319897413254,0.9986171722412109,96.76168336868287,47.16395330429077,0.00033855438232421875,0.00033855438232421875,0.3659506395459175,0.02507098615169525,0.0001550006397227912
439,0.0005958699092099613,0.3956697195768356,0.2756003484129906,0.5863806962966919,0.3385524243116379,0.39566933214664457,0.9985237121582031,96.611820602417,28.354477977752687,0.00039091110229492185,0.00039091110229492185,0.311755433678627,0.02293945699930191,0.0001527845771785392
440,0.0005592892617145976,0.43333762884140015,0.3037662819027901,0.6199067592620849,0.3682445973157883,0.43333722949028014,0.9986207962036133,96.65992126464843,47.10072813034058,0.0003386497497558594,0.0003386497497558594,0.35587429702281953,0.036908140778541564,0.00015056493729281325
441,0.0005711072266091254,0.3964275896549225,0.27825670763850213,0.5768991440534592,0.34413758143782613,0.39642717987298964,0.9985226631164551,96.14782409667968,28.714763832092284,0.00039415359497070314,0.00039415359497070314,0.3175078734755516,0.024518434703350068,0.00014834165549752873
442,0.0005944037905216894,0.47416812479496,0.33252392411231996,0.7278971791267395,0.37825506925582886,0.4741677165031433,0.9986958503723145,110.4721134185791,26.590885829925536,0.0002460479736328125,0.0002460479736328125,0.39606961905956267,0.024396653473377227,0.0001461146649625295
443,0.0005981242304022254,0.3853445291519165,0.26943588703870774,0.5476386368274688,0.3270580738782883,0.38534408807754517,0.9984932899475097,96.84221124649048,48.070697116851804,0.00039281845092773435,0.00039281845092773435,0.3016397163271904,0.02541884183883667,0.00014388389647661083
444,0.0005984470454594967,0.37412813901901243,0.2600177451968193,0.7143019497394562,0.2948606461286545,0.3741278201341629,0.9986136436462403,95.32637300491334,28.132028102874756,0.00022802352905273437,0.00022802352905273437,0.31260198205709455,0.022427913546562196,0.0001416492783201228
445,0.0005933519178969701,0.4587473779916763,0.31917407661676406,0.5881726950407028,0.40002910792827606,0.4587468892335892,0.9985899925231934,96.9389820098877,47.43610324859619,0.00038022994995117186,0.00038022994995117186,0.3681942030787468,0.024170854687690736,0.00013941073612839947
446,0.0005883181934636509,0.4123548582196236,0.2905016094446182,0.5963411092758178,0.3506085067987442,0.4123544946312904,0.9986124038696289,97.35028324127197,47.47040033340454,0.00029306411743164064,0.00029306411743164064,0.3423631891608238,0.024939140677452086,0.0001371681927451782
447,0.0006134831402794754,0.4807100981473923,0.3381346702575684,0.579596358537674,0.42178740799427034,0.48070961236953735,0.9985851287841797,77.75709838867188,45.69879598617554,0.0004351615905761719,0.0004351615905761719,0.3873451896011829,0.02368992418050766,0.0001349215680650786
448,0.0005799806484984318,0.39495640695095063,0.27416226267814636,0.6185431808233262,0.3190315902233124,0.39495599269866943,0.9985770225524903,68.36370401382446,46.398920726776126,0.00030078887939453123,0.00030078887939453123,0.31104871183633803,0.024197350442409515,0.0001326707788641081
449,0.0005516280917535452,0.41724908649921416,0.289312507212162,0.6330179274082184,0.34056814610958097,0.41724867820739747,0.998600959777832,96.24043731689453,27.777386093139647,0.00030498504638671876,0.00030498504638671876,0.33286143839359283,0.0244844913482666,0.00013041573861703878
450,0.0005556420636077581,0.3877198189496994,0.2710487812757492,0.6303008258342743,0.3098901629447937,0.3877194434404373,0.998604679107666,110.43227729797363,26.522943592071535,0.0002712249755859375,0.0002712249755859375,0.31029666811227796,0.024801640212535857,0.00012815635730036785
451,0.0005534398032151247,0.4317884773015976,0.2988568663597107,0.6382792472839356,0.3521812826395035,0.43178805708885193,0.998624324798584,96.52484798431396,26.986073970794678,0.0002884864807128906,0.0002884864807128906,0.34218309819698334,0.024015575647354126,0.00012589254117941672
452,0.0005434372056201523,0.4379403591156006,0.30348088443279264,0.6516616940498352,0.3506303817033768,0.4379399359226227,0.9986423492431641,95.95647897720337,26.797822093963624,0.00027618408203125,0.00027618408203125,0.34671069383621217,0.024651646614074707,0.0001236241925779498
453,0.0005336687638852957,0.43218247294425965,0.2988316372036934,0.6944177627563477,0.34391475170850755,0.43218208849430084,0.9986344337463379,95.5792688369751,45.156943225860594,0.00025110244750976564,0.00025110244750976564,0.34522861838340757,0.02367290109395981,0.00012135120962849047
454,0.0005308155265414495,0.39290698766708376,0.27339778542518617,0.6086101591587066,0.32643648236989975,0.39290660321712495,0.9985669136047364,50.467949295043944,28.417276096343993,0.0003272056579589844,0.0003272056579589844,0.3149152621626854,0.023077932000160218,0.00011907348600128
455,0.0005476293951108925,0.4027393877506256,0.2810726448893547,0.6435657620429993,0.3256227418780327,0.40273900628089904,0.9986103057861329,95.70353527069092,27.985195255279542,0.0002692222595214844,0.0002692222595214844,0.3275407671928406,0.037689816951751706,0.00011679091060955954
456,0.0005376998907939361,0.4093273788690567,0.2827861338853836,0.6635219514369964,0.3273499205708504,0.40932699143886564,0.9986169815063477,76.91909351348878,27.490860652923583,0.00026712417602539065,0.00026712417602539065,0.3305492579936981,0.022583511471748353,0.00011450336728854525
457,0.0005516425828153098,0.42586730420589447,0.29556684792041776,0.6276322484016419,0.34932062923908236,0.42586690187454224,0.9986006736755371,96.64952716827392,46.827221393585205,0.0002989768981933594,0.0002989768981933594,0.3469689816236496,0.03897346556186676,0.00011221073444511076
458,0.0005541128461614294,0.40198097229003904,0.2785782128572464,0.6231833040714264,0.32873336374759676,0.401980584859848,0.9985706329345703,96.37237510681152,29.111952209472655,0.00030574798583984377,0.00030574798583984377,0.3191062867641449,0.024951764941215517,0.00010991288467477625
459,0.0005368985300513239,0.3979998201131821,0.27691501975059507,0.6634568870067596,0.324225115776062,0.39799944758415223,0.9985939979553222,91.52920913696289,28.84610061645508,0.0002887725830078125,0.0002887725830078125,0.32827309519052505,0.024689899384975435,0.00010760968434212009
460,0.0005489715953114104,0.395089715719223,0.27580803334712983,0.683422428369522,0.32321609258651735,0.3950893640518188,0.9985913276672364,110.81251907348633,29.054172229766845,0.0002985954284667969,0.0002985954284667969,0.3275477662682533,0.025187534093856812,0.00010530099312016371
461,0.0005305393331747672,0.3737401530146599,0.26262413561344145,0.6568041145801544,0.30756097510457037,0.37373978942632674,0.9985926628112793,91.80620956420898,28.487763023376466,0.00028629302978515624,0.00028629302978515624,0.3107129752635956,0.024729350209236146,0.00010298666348361787
462,0.0005310534311733632,0.41553983390331267,0.2896241009235382,0.6169377982616424,0.34975824803113936,0.4155394285917282,0.9985903739929199,96.52580070495605,26.84366626739502,0.0003283500671386719,0.0003283500671386719,0.3374736919999123,0.024007701873779298,0.00010066654015009615
463,0.000517549795900281,0.4183770030736923,0.289187128841877,0.6438473284244537,0.33809767067432406,0.41837660074234007,0.9986049652099609,77.33776893615723,28.640163040161134,0.00028486251831054686,0.00028486251831054686,0.32660020887851715,0.024228985607624053,9.834045946247941e-05
464,0.0005318714211171027,0.4119478315114975,0.28842245489358903,0.6235763669013977,0.3409973353147507,0.41194742918014526,0.9986139297485351,77.29044380187989,28.28449583053589,0.0003032684326171875,0.0003032684326171875,0.329006564617157,0.02538982927799225,9.600824870451702e-05
465,0.0005344797007803044,0.4041040986776352,0.2795970290899277,0.6102946192026139,0.33058467507362366,0.40410369336605073,0.99856595993042,76.77533082962036,28.108723640441895,0.0003285408020019531,0.0003285408020019531,0.3127043306827545,0.023447780311107634,9.366972534044407e-05
466,0.0005275901715900876,0.39749357402324675,0.2754997074604034,0.6105283200740814,0.32435798794031145,0.39749315977096555,0.99859619140625,96.99983348846436,46.66278734207153,0.0002856254577636719,0.0002856254577636719,0.31494651436805726,0.024050408601760866,9.132469616782773e-05
467,0.0005119435928380964,0.4062262445688248,0.28299869149923323,0.6246085643768311,0.3304678097367287,0.4062258303165436,0.998598861694336,77.38008403778076,28.553386402130126,0.0002926826477050781,0.0002926826477050781,0.31762480437755586,0.025063911080360414,8.897295637097126e-05
468,0.0005549336161824282,0.3879695385694504,0.26868657767772675,0.6268855154514312,0.3158798202872276,0.3879691481590271,0.9985262870788574,91.29729843139648,38.41760139465332,0.0003398895263671875,0.0003398895263671875,0.30881624221801757,0.024174119532108306,8.661428845992607e-05
469,0.0005273557227073153,0.4100531131029129,0.2849424347281456,0.585568231344223,0.35368644148111344,0.4100527077913284,0.9985452651977539,95.82897109985352,28.029616928100587,0.00036258697509765624,0.00036258697509765624,0.3280206561088562,0.02423728257417679,8.424846107739114e-05
470,0.0005078527379241264,0.3990973591804504,0.2779341511428356,0.641529095172882,0.32774571031332017,0.3990969553589821,0.998589038848877,91.46902999877929,28.068986034393312,0.00028486251831054686,0.00028486251831054686,0.3190770521759987,0.024190443754196166,8.18752276523933e-05
471,0.0005162820561963599,0.4008092641830444,0.2783408179879189,0.6201732724905014,0.33171055614948275,0.4008088678121567,0.9985603332519531,76.93382034301757,28.08256130218506,0.000327301025390625,0.000327301025390625,0.31289648860692976,0.024073129892349242,7.949432487547622e-05
472,0.0005142165543723174,0.4009700432419777,0.27926393747329714,0.6341140270233154,0.335620254278183,0.40096964985132216,0.9985715866088867,96.17411727905274,28.855155277252198,0.00031566619873046875,0.00031566619873046875,0.3212007969617844,0.024379201233386993,7.710547096497543e-05
473,0.000489722433981528,0.3980653420090675,0.2791995357722044,0.6073444664478302,0.3304418433457613,0.39806498438119886,0.998591423034668,77.21197290420533,28.727235889434816,0.0002887725830078125,0.0002887725830078125,0.3218482077121735,0.02376536577939987,7.470836368753417e-05
474,0.0005034348578192294,0.39549643695354464,0.27353559285402296,0.6498095095157623,0.323827388882637,0.3954960614442825,0.9985396385192871,111.0841453552246,40.96278076171875,0.00032606124877929685,0.00032606124877929685,0.31147609651088715,0.02434752732515335,7.23026780879678e-05
475,0.0005167149607917632,0.41903355419635774,0.2904018074274063,0.6303763329982758,0.3518137842416763,0.419033145904541,0.9985681533813476,96.38811454772949,39.57357749938965,0.0003345489501953125,0.0003345489501953125,0.33421160876750944,0.024090182781219483,6.988806387340599e-05
476,0.0004932262566977773,0.40840857923030854,0.28295051902532575,0.6454995155334473,0.33533736020326615,0.4084081918001175,0.9985864639282227,96.36395683288575,30.072650337219237,0.0003027915954589844,0.0003027915954589844,0.32889911383390424,0.023856334388256073,6.746414238367822e-05
477,0.0005028898575057445,0.3942095786333084,0.27257648706436155,0.6235010087490082,0.3236244022846222,0.39420920312404634,0.9985503196716309,96.21640396118164,29.398957633972167,0.00031414031982421873,0.00031414031982421873,0.30926812440156937,0.023222674429416657,6.503050306324746e-05
478,0.0005170564366959628,0.39619742929935453,0.27500640153884887,0.6202471017837524,0.329537233710289,0.3961970299482346,0.9985669136047364,77.35598430633544,28.803590488433837,0.00031642913818359376,0.00031642913818359376,0.3128374218940735,0.023668360710144044,6.258669932838723e-05
479,0.0004854265829304826,0.38712135404348375,0.26934261694550515,0.6219984710216522,0.31852872371673585,0.3871209889650345,0.9985666275024414,77.51028861999512,29.200154972076415,0.0003005027770996094,0.0003005027770996094,0.3034543812274933,0.023706062138080596,6.01322436949885e-05
480,0.0004989048975403421,0.39378531873226164,0.2741365052759647,0.6054738104343415,0.3293684050440788,0.39378493577241896,0.9985596656799316,95.93136901855469,29.01411247253418,0.0003190040588378906,0.0003190040588378906,0.3128218874335289,0.024047134816646575,5.7666601994895854e-05
481,0.0004908635164611042,0.38718184977769854,0.27006424590945244,0.6081725358963013,0.3175716452300549,0.3871814697980881,0.998569107055664,76.73547325134277,28.02571573257446,0.00028858184814453127,0.00028858184814453127,0.30593431890010836,0.023935990035533906,5.518918645844863e-05
482,0.0004945423477858475,0.39887765049934387,0.27749401703476906,0.586430299282074,0.3389424279332161,0.3988772541284561,0.9985442161560059,76.8504425048828,27.84189920425415,0.00035495758056640624,0.00035495758056640624,0.3131705537438393,0.02341010421514511,5.2699347372755836e-05
483,0.0005112650439762299,0.387024337053299,0.26961897388100625,0.6222166955471039,0.3188594877719879,0.38702394515275956,0.9985626220703125,77.40882682800293,28.710066032409667,0.00031108856201171874,0.00031108856201171874,0.30563728511333466,0.02313334494829178,5.019636293147572e-05
484,0.0004950329216213008,0.38781299293041227,0.27016692906618117,0.6216822355985642,0.3223084345459938,0.3878125995397568,0.9985404014587402,77.39309425354004,29.329170417785644,0.0003452301025390625,0.0003452301025390625,0.30802666693925856,0.023970289528369902,4.767942676090328e-05
485,0.0004979159540115771,0.40215369164943693,0.2787335440516472,0.6196878790855408,0.33317291736602783,0.4021532773971558,0.9985617637634278,77.45296363830566,28.425286483764648,0.00032682418823242186,0.00032682418823242186,0.31403137743473053,0.023681995272636414,4.5147632421134877e-05
486,0.0004913993685807906,0.3890554815530777,0.2713951900601387,0.6266547381877899,0.3170258432626724,0.3890551060438156,0.9985895156860352,77.47950172424316,28.755897998809814,0.0002776145935058594,0.0002776145935058594,0.3080403313040733,0.023832930624485014,4.259995391188707e-05
487,0.0005429734694850843,0.38513657748699187,0.2655792772769928,0.5946302503347397,0.31769063472747805,0.38513617813587187,0.9984878540039063,76.96047172546386,39.14830322265625,0.0003765106201171875,0.0003765106201171875,0.2968387261033058,0.02299896776676178,4.003522081490459e-05
488,0.000509562495691088,0.3781676977872849,0.2620829001069069,0.6076401889324188,0.3134338468313217,0.378167325258255,0.9985054016113282,77.32047843933105,29.293002700805665,0.0003566741943359375,0.0003566741943359375,0.29691482335329056,0.022706224024295805,3.745208610377897e-05
489,0.0004843475484945388,0.3916745960712433,0.27119449377059934,0.61977559030056,0.328098838031292,0.3916741907596588,0.9985187530517579,77.39309425354004,28.633998584747314,0.0003662109375,0.0003662109375,0.30700497329235077,0.022163671255111695,3.484898371928687e-05
490,0.0004885442295662043,0.41170401573181153,0.28496583700180056,0.6561475336551666,0.3438615515828133,0.41170363426208495,0.9985626220703125,77.22682580947875,28.340145301818847,0.00034046173095703125,0.00034046173095703125,0.32363118082284925,0.02271875590085983,3.2224071517527e-05
491,0.0004940181190084496,0.4157703787088394,0.28894209265708926,0.6514625430107117,0.34581500142812727,0.4157699942588806,0.9985979080200196,77.29987678527831,28.166644954681395,0.00031213760375976564,0.00031213760375976564,0.33064896166324614,0.02349671572446823,2.9575152732566297e-05
492,0.0004963087174639276,0.41244312226772306,0.28507762402296066,0.6386141896247863,0.34389433413743975,0.41244271397590637,0.9985681533813476,77.61480941772462,28.527444076538085,0.00033168792724609376,0.00033168792724609376,0.32296917736530306,0.022896817326545714,2.6899564852898082e-05
493,0.0005088170744949656,0.3926481485366821,0.2721724435687065,0.6173811495304108,0.32639321237802504,0.3926477611064911,0.9985418319702148,77.89506301879882,29.114751148223878,0.0003310203552246094,0.0003310203552246094,0.3057581454515457,0.023110930621623994,2.419401716265777e-05
494,0.0004897746925549159,0.3979333132505417,0.27526637613773347,0.6371655762195587,0.32809998095035553,0.3979329228401184,0.9985601425170898,77.25199966430664,29.005052280426025,0.00031862258911132815,0.00031862258911132815,0.3110425859689713,0.022891612350940706,2.1454343618097682e-05
495,0.0004849480134329166,0.40554109811782835,0.28077348619699477,0.6453179836273193,0.3323173612356186,0.4055407017469406,0.9985821723937989,77.89723205566406,28.8587628364563,0.0002951622009277344,0.0002951622009277344,0.3184120550751686,0.022980482876300813,1.86751079733455e-05
496,0.00048107724697646603,0.40806459039449694,0.283279100805521,0.6732425332069397,0.3313413992524147,0.4080642178654671,0.9986066818237305,77.5810604095459,28.61483316421509,0.0002684593200683594,0.0002684593200683594,0.32292035073041914,0.023021504282951355,1.5848931924611145e-05
497,0.00048768318711981095,0.4070012539625168,0.28242227435112,0.6572351038455964,0.3343813389539719,0.40700087547302244,0.9985913276672364,77.39523963928222,28.577497291564942,0.00029382705688476565,0.00029382705688476565,0.3216650187969208,0.023541736602783202,1.2965252773542109e-05
498,0.0004733222773542035,0.4115961819887161,0.284926550090313,0.6455405116081238,0.33989631235599516,0.4115957856178284,0.9985830307006835,77.7827880859375,28.81272840499878,0.0003055572509765625,0.0003055572509765625,0.3228145867586136,0.022945480048656465,1.0007742567915822e-05
499,0.00049115481140854,0.41253264546394347,0.285374116897583,0.6439146876335144,0.3412029132246971,0.41253224909305575,0.9985803604125977,77.68957061767578,28.785606861114502,0.00031213760375976564,0.00031213760375976564,0.3228374242782593,0.022972624003887176,6.947906928878752e-06
500,0.0005008189473301172,0.4116655200719833,0.2847996488213539,0.6423519909381866,0.34072214365005493,0.4116651326417923,0.9985784530639649,77.68957061767578,28.771365261077882,0.00031375885009765625,0.00031375885009765625,0.3221632748842239,0.022934789955615997,3.7232911332721414e-06
