epoch,train_loss,val_dice,val_iou,val_precision,val_recall,val_f1,val_accuracy,val_hausdorff,val_hausdorff_95,val_fp_per_volume,val_fp_per_image,val_ap,val_mAP,lr
1,0.6669683208465577,2.2528647484463965e-10,2.2528647484463965e-10,3.2450467464654894e-09,3.6124963303253835e-10,2.1674848180159367e-12,0.9919037602164529,282.7487838051536,239.7634638006037,0.00020644881508567116,0.00020644881508567116,0.06655816766777373,0.0,0.0002
2,0.555633226275444,2.4154293298765043e-10,2.4154293298765043e-10,5.445060644795128e-09,3.6124963303253835e-10,2.749306525293709e-12,0.9920104416933927,285.98617068204015,244.67908339066938,9.976733814586292e-05,9.976733814586292e-05,0.04864473986328283,0.0,0.0004
3,0.4757729659080505,0.31135712827957956,0.21529278283409561,0.29936947666914854,0.386841232227029,0.3113568149168731,0.9881757606159557,142.6305441422896,103.38906010714445,0.0071011239832097835,0.0071011239832097835,0.2893259688401764,0.032167692076076164,0.0006
4,0.41095204573869704,0.3377561516326877,0.24090125591954123,0.30383396073416774,0.466710332700915,0.33775584100990613,0.9858953519300981,141.79942287098277,94.52063629843973,0.010989796031605114,0.010989796031605114,0.3147591363513067,0.04708934067325159,0.0008
5,0.3881996482312679,0.13094582820712106,0.09070445632454961,0.2511120990743883,0.10150542105054584,0.13094565611007736,0.9910743670030073,129.7923835407604,92.07684394446287,0.0018729730085893111,0.0018729730085893111,0.11344010275074239,0.01886431872844696,0.001
6,0.36659680053591726,0.3416311180498171,0.23490821939551604,0.3211481495644036,0.473588960903504,0.34163077869879654,0.9877966534007679,133.47968127510765,92.9585521437905,0.007972088727084074,0.007972088727084074,0.3165609265084971,0.02576798488470641,0.0009909954834128342
7,0.35074311769008637,0.4352293642094967,0.32377923372974776,0.4631724671087645,0.46942543025256783,0.4352290090809133,0.9925758838653564,96.03107339685613,46.233298475092106,0.0032496885819868608,0.0032496885819868608,0.41634863428771496,0.07325296679680998,0.000989193491307027
8,0.3276506781578064,0.3777526491347778,0.27435667734505453,0.3401408749478408,0.536384430448081,0.3777523315167867,0.9874907190149481,130.95655688372526,85.10742341388355,0.009211973710493608,0.009211973710493608,0.33014274801065435,0.056878626346588135,0.000987391134388305
9,0.31388548159599305,0.32464673506876035,0.2239797951951734,0.35573391922923314,0.37525825536736995,0.32464642280885997,0.9898461645299738,114.46486009250988,65.88227821480145,0.004748842932961204,0.004748842932961204,0.25982774668020947,0.028132219206203114,0.0009855884118426005
10,0.30105991041660307,0.3946689005063336,0.29231461624684296,0.355288828617149,0.5055967562617841,0.39466858933554844,0.989180716601285,111.18770538676868,66.34118524464694,0.0074898112903941765,0.0074898112903941765,0.3529520204163377,0.07273378815840591,0.0009837853228523705
11,0.291295568048954,0.29371199946828563,0.2074308074873114,0.48515887227539894,0.2622096734550133,0.2937117218972445,0.9924780672246759,110.83555791594766,56.03053309700706,0.001499154350974343,0.001499154350974343,0.2558054151251616,0.035885308953848755,0.0009819818665965754
12,0.279357712328434,0.48993512109282106,0.36298528044421324,0.5537183887763457,0.5074631581253134,0.4899347478693903,0.9935501272028143,95.57786577398127,33.822145050222225,0.002313852310180664,0.002313852310180664,0.43654045022346755,0.08220707100223411,0.0009801780422506556
13,0.25017065501213076,0.49678316499174424,0.37531447515718147,0.46061028256335296,0.5986378140771814,0.4967828121335183,0.9928422407670454,119.6593563339927,59.613060452721335,0.004074638540094549,0.004074638540094549,0.4398919031082187,0.08335074240511114,0.0009783738489865113
14,0.22928115212917327,0.5540701002119449,0.42984859783200735,0.5471190200873732,0.5953411449297371,0.5540697249500179,0.9941756725311279,97.25874324278398,34.90963435173035,0.0030656077645041728,0.0030656077645041728,0.4929332299665971,0.13432681882245975,0.000976569285972478
15,0.20696746569871902,0.5722071711633964,0.4556404704718698,0.5984946950285157,0.5829144339881623,0.5722067904744544,0.9953966574235396,92.4522462758151,22.026405702937733,0.0021359703757546163,0.0021359703757546163,0.529351941394535,0.16732840798795223,0.0009747643523733044
16,0.1968126097470522,0.525136218877035,0.4038776017016598,0.47817333709747234,0.6573410433764958,0.5251358413020415,0.9931713234294545,99.96135637976907,57.71036241271279,0.0047858845103870735,0.0047858845103870735,0.4669958652309354,0.12187467701733112,0.0009729590473501306
17,0.19708949360251427,0.6215129684557977,0.505990583812243,0.5998895263401406,0.6676786761604036,0.6215125864203371,0.9953411058946089,106.96337379108776,26.083182670853354,0.0029833533547141337,0.0029833533547141337,0.5817462666468187,0.1960876172577793,0.0009711533700604632
18,0.17512095074355602,0.5753976127203978,0.4626022103398446,0.5446401252262232,0.6507429429287723,0.5753972415220608,0.9949119307778098,111.78019584308971,32.57130368189378,0.0033827911723743787,0.0033827911723743787,0.5178854770281098,0.18351605907082558,0.0009693473196581535
19,0.1685315237492323,0.5672742515125768,0.4563322487880593,0.5884159093499133,0.5771827257026788,0.5672738806093927,0.9959230856461958,118.49492233449763,42.15572332252156,0.0018676194277676668,0.0018676194277676668,0.5181341931562532,0.17664731260050426,0.0009675408952933734
20,0.16955781802535058,0.5818072675986904,0.4683891744517224,0.513326532063613,0.6941515399233318,0.5818068858936013,0.9949176961725409,104.27279754118486,41.53129484436729,0.004022186452692205,0.004022186452692205,0.5384498703642748,0.2039622969248078,0.0009657340961125918
21,0.14898504836857318,0.5915270285469497,0.4855071052528173,0.5527257161050169,0.6696784377309872,0.5915266495537933,0.9953285130587491,84.07433147863908,28.278450402346525,0.0033811222423206677,0.0033811222423206677,0.5368565566499125,0.2187907611104575,0.0009639269212585509
22,0.15339627853035928,0.6076946421751389,0.49762409616895303,0.5513149017361244,0.7195607573603837,0.6076942792451523,0.9951462312178179,90.4083960273049,34.19328875975175,0.0037751197814941406,0.0037751197814941406,0.5643206197984744,0.21597460843622684,0.0009621193698702417
23,0.13295132102072238,0.629511060629433,0.5203963975760999,0.5865021633019777,0.7062350247357174,0.629510679971587,0.9960726607929576,87.38153360106729,27.92672039162029,0.002789020538330078,0.002789020538330078,0.5852253880207585,0.2350151887671514,0.0009603114410828803
24,0.13787006604671478,0.5982436781980154,0.5047335333845212,0.5684943578961406,0.6434182317770619,0.5982433083384048,0.9957337596199729,92.01801139658147,31.0551255995577,0.0031267079440030184,0.0031267079440030184,0.5703537432457789,0.2662435019896789,0.0009585031340278833
25,0.1272224621027708,0.638361505529278,0.535567350728126,0.6443311599805637,0.6651987327982541,0.6383611410858014,0.9963171482086182,83.34818608110601,23.648581732403148,0.0021054094487970524,0.0021054094487970524,0.590797904540192,0.26775574684143066,0.0009566944478328421
26,0.1238094009757042,0.6195733726858914,0.5122533807243465,0.5668325140240019,0.712584425670396,0.6195729872509692,0.9959459738297896,89.13578614321622,38.30039130015807,0.0030492219057950106,0.0030492219057950106,0.6007365943514742,0.24951350045475093,0.0009548853816214997
27,0.11859307804703713,0.6402214142663438,0.5410580946894735,0.6009408269704198,0.7138624708972657,0.6402210268108269,0.9961634115739302,99.0976454561407,33.763901672580026,0.0028078122572465377,0.0028078122572465377,0.6043262400410392,0.3033550164916299,0.0009530759345137246
28,0.12104984027147293,0.605809928377176,0.5146063265156341,0.5611745200855734,0.68011857192509,0.6058095693589473,0.99602595242587,93.57663891532205,31.824499888853595,0.002940676429054954,0.002940676429054954,0.5738104324449192,0.29403832283886994,0.0009512661056254851
29,0.11920700322091579,0.6518841806179769,0.553937792140348,0.6442332857544062,0.6871759298384652,0.6518837917936288,0.9967153505845503,103.13051889159463,34.50741779262369,0.0018889253789728339,0.0018889253789728339,0.6102513819932938,0.3057314936410297,0.0009494558940688246
30,0.11986711166799069,0.6422841820195386,0.534856418351565,0.6189480803653186,0.6911784332118714,0.642283813520046,0.9962219541723077,94.10425578464161,29.20462976802479,0.0024003115567294035,0.0024003115567294035,0.5791068442843177,0.24804216640239413,0.0009476452989518352
31,0.10822417975962162,0.6303876259392271,0.5317752815387778,0.5951663594712122,0.7155404933686069,0.6303872642193007,0.995789809660478,106.41179318861528,40.9509852474386,0.0031169978055087004,0.0031169978055087004,0.5787400223992087,0.27215536616065283,0.000945834319378632
32,0.10569780492782593,0.6452291621811485,0.5507286929679661,0.5920711905317559,0.7507733407557473,0.6452287963847119,0.996346040205522,88.94931106133895,32.956421581181615,0.0029006004333496094,0.0029006004333496094,0.6046751967885278,0.3124077665534886,0.000944022954449327
33,0.09999798463284969,0.6548441946820481,0.5528425222407389,0.6353717866654803,0.697372556024836,0.6548438018019745,0.9965561953457919,88.8881893157959,33.592464376579635,0.002174442464655096,0.002174442464655096,0.6127792488444935,0.28991120342503895,0.0009422112032600019
34,0.1052930916249752,0.5849569596057047,0.4826916639484601,0.6265594421278208,0.5794239541558165,0.5849565846677683,0.9952266866510565,107.23029195178638,54.093910948796704,0.00189529765735973,0.00189529765735973,0.5252510099248453,0.23409270799972795,0.0009403990649026824
35,0.09944606125354767,0.6742690476961896,0.5787033019198398,0.6620273834599619,0.703270508776516,0.6742686656390233,0.9969380552118475,95.7836601083929,32.12861163507808,0.001819068735296076,0.001819068735296076,0.6289724422240087,0.32288160784678027,0.0009385865384653104
36,0.09828297719359398,0.6984032853475194,0.6109319492211919,0.68917760799557,0.7131070931061211,0.6984028978782875,0.9973356290297075,96.55295302651145,27.49136139046062,0.0015216090462424538,0.0015216090462424538,0.6667504475650141,0.3770265660502694,0.0009367736230317175
37,0.09645898699760437,0.6676955033707715,0.5714200965658198,0.649080219626197,0.707435280376719,0.6676951186224521,0.9963413151827726,103.66551663658835,38.94817025011236,0.002357634631070224,0.002357634631070224,0.6207346834919669,0.3094996064901352,0.0009349603176815974
38,0.09557557049393654,0.6786107204705015,0.5851680501468696,0.656722975159261,0.7197919599246357,0.6786103438249751,0.9969761371612549,92.64144968986511,28.225709427486766,0.001951586116443981,0.001951586116443981,0.6331825608556921,0.341385426169092,0.0009331466214904777
39,0.0991643312573433,0.6534105868085576,0.552497611110864,0.6198271582716267,0.7143628765495798,0.6534101852555616,0.9963638565757058,97.62173886732621,37.756539247252725,0.002428900111805309,0.002428900111805309,0.6010966441509399,0.27984004332260654,0.0009313325335296929
40,0.09386539311707019,0.6866115819682947,0.5966646576828395,0.6794871430950042,0.7105057621755846,0.686611197211663,0.997196761044589,95.71641317280856,29.717661592093382,0.0016095204786820846,0.0016095204786820846,0.6412167156284506,0.35720277509906073,0.0009295180528663554
41,0.09071747069060802,0.7050082589074765,0.6117816818368502,0.6750363071246229,0.7506799754772182,0.7050078592518797,0.9971535856073553,98.1092056577856,32.83159597895362,0.0019628568129106,0.0019628568129106,0.6697179522703994,0.38024207001382654,0.0009277031785633282
42,0.08860474999248981,0.6992229187905546,0.6040042153434756,0.7034416531711134,0.7302018856509022,0.6992224946788477,0.9972447698766534,101.4014585018158,33.68785434961319,0.0014292977072975852,0.0014292977072975852,0.6575036331249232,0.3588576592843641,0.0009258879096791951
43,0.08830904388427735,0.692996659267754,0.6037874819904491,0.670735186777532,0.7367684999232399,0.6929962694307803,0.9971861405806108,93.03919796510176,28.79749668186361,0.0018128481778231535,0.0018128481778231535,0.6570733954960649,0.36862739344889467,0.0009240722452682321
44,0.09013379029929638,0.6787481118825499,0.5849654580197702,0.6804032759860058,0.6921264911451586,0.6787477244032526,0.9971184513785623,95.32763754237781,25.457117264921013,0.001628247174349698,0.001628247174349698,0.6361508477817882,0.34188408810984006,0.0009222561843803788
45,0.08981181132793427,0.6940424280233465,0.606362234512424,0.6923007125883625,0.7050709618975278,0.6940420432526351,0.9973794546994296,99.69673087380149,32.59977385130796,0.0013647079467773438,0.0013647079467773438,0.6580061266788768,0.3769492520527406,0.0009204397260612089
46,0.08263223245739937,0.6778308160646322,0.5803393478463924,0.6655093649507318,0.7100388613196393,0.6778304136616363,0.997293082150546,96.74768083745784,31.191176067699086,0.0016918832605535333,0.0016918832605535333,0.6431247669864785,0.3453912409869107,0.0009186228693518994
47,0.08986466839909553,0.6692225295208012,0.5793443539279469,0.6716463622573955,0.6750145446980337,0.6692221442037802,0.9969678358598189,99.50012703375383,34.53623147986152,0.0018059557134454901,0.0018059557134454901,0.6274353188663636,0.34314306012608786,0.0009168056132892021
48,0.0816196433454752,0.6822916556594467,0.5850435180007731,0.6983136145379537,0.7028295260924182,0.682291250972317,0.9968934926119718,101.06313388997859,36.14643242142417,0.001469763842496005,0.001469763842496005,0.6340556654706068,0.3307692947035486,0.0009149879569054125
49,0.08075931118428707,0.6855952010694558,0.590606573506458,0.6778129547129838,0.7164156787760231,0.68559478218038,0.9972231604836204,93.47494645552202,30.21691818670793,0.0016186670823530717,0.0016186670823530717,0.6360921942723508,0.3359524199569767,0.0009131698992283396
50,0.0768860102146864,0.6875566884279777,0.5961053569139486,0.6958386678064277,0.6904598065891402,0.6875562708751757,0.9971769939769398,100.63237181576815,30.90088940750469,0.001491026444868608,0.001491026444868608,0.6431995105707425,0.33812948350201955,0.0009113514392812751
51,0.07866315965354442,0.6711695829937667,0.5751673079370424,0.6536176765722366,0.7061639881000953,0.6711691773817443,0.9970426559448242,99.22847273133017,42.248628502542324,0.0019435232335870917,0.0019435232335870917,0.6293589242480018,0.3378321636806835,0.0009095325760829623
52,0.07691247656941413,0.693103091334825,0.6053245718344393,0.7081066831330719,0.6827885782388586,0.6931027038533095,0.997532844543457,98.73704342408614,35.5571052106944,0.00126216628334739,0.00126216628334739,0.6582672354495365,0.3735120404850353,0.0009077133086475646
53,0.08079610735177994,0.6996542866050895,0.6151850969070437,0.6996330917505522,0.7056164663158143,0.6996538991279877,0.997456658970226,93.40015638958324,30.960304054346953,0.001536174253983931,0.001536174253983931,0.663916869443545,0.3986942632631822,0.0009058936359846345
54,0.08136117841303349,0.711204513927179,0.615881823700364,0.6967715465480382,0.7574161224772321,0.7112040973523208,0.997318918054754,99.92079749974337,34.917539992115714,0.0015715252269398081,0.0015715252269398081,0.6681922696192156,0.3890617218884555,0.0009040735570990808
55,0.07382617575675249,0.7020187351040907,0.6049773561210483,0.7212776237193238,0.7237141255655763,0.7020183253018143,0.9972270185297186,92.3759793584997,29.806380158120934,0.001248511401089755,0.001248511401089755,0.6517031363804232,0.35438080402937805,0.0009022530709911372
56,0.07659369403123856,0.675557907188486,0.5944830626506751,0.6871591136187195,0.6711998986906969,0.6755574994128802,0.9972580346194181,98.46937383304943,35.59218281507492,0.0014711943539706144,0.0014711943539706144,0.6309414671903307,0.37472264570268715,0.0009004321766563289
57,0.06799075190722942,0.7046291923202236,0.6140106268109585,0.6834629689727421,0.7627961189937199,0.7046287649058045,0.9973097497766669,103.27588534355164,37.3749645840038,0.0017251534895463424,0.0017251534895463424,0.6590904382650148,0.37195579639889975,0.0008986108730854411
58,0.07157570327818394,0.7058573169113256,0.6186357957044482,0.7045259222131185,0.7299386319371244,0.705856919966097,0.9974678212946112,97.18647163564509,30.235202469609,0.0013424699956720526,0.0013424699956720526,0.664274800568819,0.38786569694903766,0.0008967891592644846
59,0.0756477830260992,0.7046197798901073,0.6169050305863762,0.7276195762493209,0.7018835655249789,0.7046193785290241,0.9976563236930154,93.07507575641979,30.301099609244954,0.0009912577542391691,0.0009912577542391691,0.6646844168955629,0.3781752696430141,0.0008949670341746629
60,0.07139082558453083,0.7008579299178769,0.614359817838782,0.6848758725355126,0.7350218156104195,0.7008575385607118,0.997340202331543,98.00365645235235,29.003358174454082,0.0017143162814053621,0.0017143162814053621,0.6648327879269015,0.39768899469213054,0.0008931444967923387
61,0.0726122505068779,0.7200868455206876,0.6334747895958818,0.7115212598107191,0.7501342407263949,0.7200864390894959,0.9977154081517999,95.71150339733471,33.21610883691094,0.0013378750194202769,0.0013378750194202769,0.6780637976798144,0.40099707957018504,0.0008913215460889999
62,0.07416110970079899,0.7074993622087061,0.6159859829857388,0.6976319651665968,0.7507479436046034,0.7074989439412273,0.9974360032515093,99.48359599980441,33.96775162761862,0.0015110102566805754,0.0015110102566805754,0.6667633928697217,0.38630356842821295,0.0008894981810312246
63,0.07152893696725368,0.6986123873594908,0.6085032612410134,0.7230441474422066,0.6960512469804109,0.6986119754360404,0.9976133433255282,85.14542811567134,22.904835153709758,0.0010663812810724432,0.0010663812810724432,0.6630782344932826,0.39751123840158636,0.0008876744005806469
64,0.06995257156342267,0.715850597775256,0.623683602314919,0.7360676476492638,0.7362102840462206,0.7158501954242003,0.9976392659274015,95.81981500712308,28.437423034147784,0.001158627596768466,0.001158627596768466,0.6768413754078376,0.40546992658214137,0.000885850203693922
65,0.06677470289170742,0.7063476030751921,0.6211396501108607,0.6909971307912817,0.7396918318918327,0.7063471958735055,0.9975820021195845,97.13643323291431,28.282218277454376,0.0015391003001819956,0.0015391003001819956,0.6630221830485177,0.39456751265309076,0.0008840255893226908
66,0.06514342918992043,0.70675579531316,0.6134342185986443,0.7492089902199833,0.691676787583882,0.7067553942856217,0.9977461424740878,87.2539152882316,23.988477170467377,0.0007683363827792081,0.0007683363827792081,0.6656808365475048,0.3586442931131883,0.0008822005564135439
67,0.06265337102860212,0.7028913403556974,0.6126422452436121,0.711988096613617,0.7188769554132222,0.7028909535572693,0.9976821379228071,100.49729830568486,35.92330733754418,0.0011360862038352273,0.0011360862038352273,0.6673198447274031,0.3781564953652295,0.0008803751039079861
68,0.0661377025321126,0.7024807767989405,0.6038872835421379,0.6989672652964447,0.7459682613314154,0.7024803406516922,0.9973953637209806,96.95652688633312,31.084218621253967,0.0012906031175093217,0.0012906031175093217,0.6462124104569242,0.34623052044348285,0.0008785492307423999
69,0.07111482381820679,0.6638940288748809,0.5777228939071853,0.6898518665902901,0.6458904434545937,0.6638936413962114,0.9970834688706831,89.26883847063237,30.69424308971925,0.0014128251509232955,0.0014128251509232955,0.6209443059157241,0.3496653508733619,0.0008767229358480086
70,0.06542874708026647,0.6984804063074214,0.6067975746353165,0.684900748854594,0.7391645748089117,0.6984800039368931,0.9974050521850586,97.78993955525485,34.67222212119536,0.0015488537875088778,0.0015488537875088778,0.6545165194535126,0.36463604867458344,0.0008748962181508392
71,0.06630759877711534,0.695888894559669,0.60699394805901,0.689574211029661,0.7091839658266627,0.6958885037087877,0.9974657405506481,97.24168716777454,34.080030923539944,0.0016421404751864347,0.0016421404751864347,0.654005229176784,0.3700032393363389,0.000873069076571686
72,0.0597998842522502,0.702512274440084,0.6185849610662365,0.6881225417629522,0.7498180245393513,0.7025118686937323,0.9973418712615967,102.5539524121718,38.097451811487026,0.0016570958224209871,0.0016570958224209871,0.6595988361672922,0.39925751530311326,0.0008712415100260713
73,0.0647225342541933,0.7009355074071624,0.6146874753357887,0.7134816190056911,0.7140902066354858,0.7009351097726664,0.9975085908716376,100.42034610834989,36.177632077173755,0.0012753660028631036,0.0012753660028631036,0.650841430506923,0.3881070080467246,0.0008694135174242088
74,0.06386457367241383,0.675890868404976,0.5937563635177853,0.6920653412876495,0.668090740680199,0.6758904646745222,0.9973430416800759,97.88192610307173,35.469143986701965,0.0013440739024769175,0.0013440739024769175,0.6327755472368815,0.3877824978394942,0.0008675850976709641
75,0.063804553180933,0.6859811165501234,0.5888813659933944,0.7289175777778705,0.6726307654504883,0.6859807060525172,0.9973689426075328,99.53488044305281,34.940046261657365,0.0009769959883256392,0.0009769959883256392,0.6480064825578169,0.3513671633872119,0.0008657562496658164
76,0.06360209612548351,0.7018091187910588,0.6158363596883125,0.7061119060616661,0.7046355041004234,0.7018087040157973,0.9974865263158624,93.18305756829001,29.748588984662835,0.00135040283203125,0.00135040283203125,0.6603023115630177,0.39472889341413975,0.0008639269723028191
77,0.05797936340421438,0.6971939626419558,0.6076512845079479,0.6812003001406001,0.7472225782128354,0.6971935670485657,0.9973511262373491,99.04986329512163,34.884793129834264,0.0016999678178267045,0.0016999678178267045,0.6523379443044012,0.3825657797807997,0.0008620972644705603
78,0.05856351824849844,0.6929138287689285,0.6070190132298339,0.6850113759022117,0.712335045763254,0.692913421810826,0.9973050247539174,94.86957905509256,35.68579524213617,0.0016396262428977273,0.0016396262428977273,0.6414529328231476,0.3759410743686286,0.0008602671250521225
79,0.06377187301218509,0.7028850268353338,0.6154653762041602,0.6939199688219501,0.7319289275230152,0.7028845923381752,0.9975996667688544,109.93158540942453,33.18072164058685,0.0014507553794167259,0.0014507553794167259,0.6553059898532493,0.382781364701011,0.000858436552925043
80,0.05896956690400839,0.6817320621233433,0.5857308967969972,0.7336919163662341,0.6507143732758542,0.6817316721110684,0.9973056316375732,85.2529515136372,36.00658978657289,0.0009864460338245738,0.0009864460338245738,0.6350371407514269,0.34646237844770605,0.0008566055469612726
81,0.0582599927932024,0.704109512650436,0.6159314874305079,0.6934196973420882,0.740931161654483,0.7041091217915268,0.9975590705871582,96.86302464658564,32.214944660663605,0.0015492222525856712,0.0015492222525856712,0.6635192550300583,0.3916744921695102,0.0008547741060271343
82,0.06426604456454516,0.6818893582576412,0.5951792427862943,0.7170774886339479,0.6737535483824272,0.6818889271977059,0.9973999803716486,100.33560440757059,35.74967157298868,0.001073468815196644,0.001073468815196644,0.6411410449072719,0.37271523204716767,0.0008529422289832824
83,0.06004598715156317,0.6840009112749597,0.5963593604754666,0.6868861214212194,0.6931385412055794,0.6840005107225824,0.9972326538779519,92.65827770666642,33.26565163785761,0.0015584989027543502,0.0015584989027543502,0.6395950755104423,0.38091050630266016,0.0008511099146846599
84,0.058114885568618775,0.6977462511443183,0.6081610434029495,0.6943089339197362,0.7368409961044246,0.6977458430285982,0.9971596977927468,93.51692479307002,35.7473755533045,0.001771059903231534,0.001771059903231534,0.6503861417824571,0.3684634254737334,0.0008492771619804566
85,0.06506595315784217,0.6996286308557473,0.6121036610476673,0.6848144978748301,0.7496617519979584,0.6996282271364905,0.9972531362013384,90.8455425825986,33.278955746780746,0.0017899383198131215,0.0017899383198131215,0.6538923352279447,0.3946362625468861,0.0008474439697140658
86,0.05672566302120686,0.7037911293581899,0.6160207831447191,0.7125452892959118,0.7202050471429932,0.7037907269869706,0.9975830858403986,90.48812820694663,27.784274729815397,0.0012235207991166549,0.0012235207991166549,0.6514988385818221,0.38748303174295207,0.0008456103367230419
87,0.057381066091358665,0.7055608752811117,0.6113910201633139,0.757278046945397,0.681012386854616,0.7055604728789523,0.9978218295357444,86.884171648459,24.811854048208758,0.0007739934054287997,0.0007739934054287997,0.6618172237001338,0.3663729891519655,0.0008437762618390562
88,0.0566072558388114,0.7061849973880517,0.6226163854596629,0.6940546979204679,0.7580807300566286,0.7061845860234279,0.9975569248199463,92.28503413633867,33.6689417199655,0.0014591433785178444,0.0014591433785178444,0.6749519976894424,0.419339026578448,0.0008419417438878526
89,0.05523316003382206,0.6966147653476519,0.6107337671642714,0.674524893540848,0.7627464995725045,0.6966143761847835,0.9972610040144487,91.4595926024697,33.854972730983384,0.0018188736655495384,0.0018188736655495384,0.648275123538042,0.3830016221512448,0.000840106781689204
90,0.05544940926879644,0.6977023326967796,0.6117600975141475,0.7071111995339913,0.7277549317874148,0.6977019374345408,0.9974642666903409,91.44900406490673,33.97426271980459,0.0014496716586026278,0.0014496716586026278,0.6544207178733565,0.39546166360378265,0.0008382713740568662
91,0.053162772081792355,0.7080476142121819,0.6248935556202958,0.6963582262827912,0.7605940783147919,0.7080472253941731,0.9974271167408336,91.621469410983,34.126514824953944,0.0016058141534978693,0.0016058141534978693,0.6688982918613792,0.40856820615855133,0.0008364355197985339
92,0.052740631937980655,0.7096998570059501,0.6251850426616307,0.7067248625462166,0.741806485665332,0.7096994492142527,0.9976336739280007,90.94236415082759,33.32853495532816,0.0013241551139137962,0.0013241551139137962,0.6686815809119832,0.4087967818433588,0.0008345992177157936
93,0.052905206955969335,0.7051641487021062,0.6226456376366126,0.6872180877515469,0.7604980788898753,0.7051637341925169,0.9974026029760187,94.54266851598567,35.421811959960245,0.001753221858631481,0.001753221858631481,0.6601570834067058,0.41042554124512454,0.000832762466604078
94,0.0522218317091465,0.7092907463021901,0.625954485793783,0.7071936419001482,0.7442367973234977,0.7092903337697206,0.9975916038859974,93.26722413843328,35.422137357971884,0.0013861439444802024,0.0013861439444802024,0.670958318493583,0.4154240648177537,0.0008309252652526187
95,0.0584545259475708,0.6886804353234153,0.6017510633196053,0.6864343565698526,0.7117602990014443,0.6886800591920686,0.9973301454023882,85.27478296106511,27.90359469977292,0.0015382549979469993,0.0015382549979469993,0.6415667630247878,0.37499328499490564,0.0008290876124443998
96,0.054043089188635346,0.695084748663623,0.608154311142122,0.6885505657931436,0.7379111812455544,0.6950843598356884,0.9973137378692627,91.70705353129993,25.612663626670837,0.001580411737615412,0.001580411737615412,0.6479845026677306,0.3817059966650876,0.0008272495069561094
97,0.05422293275594711,0.6925769922802405,0.6093302597262654,0.6839573822480958,0.72157417396139,0.692576605318791,0.9973226894031871,90.96488447622819,31.901285241950642,0.0016368302431973543,0.0016368302431973543,0.6376213963058862,0.38987351953983307,0.0008254109475580918
98,0.05285353294759989,0.6987183426310698,0.6152311792485721,0.6877383077193411,0.7446025829005781,0.6987179466948331,0.9973855668848212,91.66595658389005,30.89606470411474,0.0015650012276389382,0.0015650012276389382,0.6439165202706622,0.39137119630520995,0.0008235719330142989
99,0.060465779036283494,0.6947952769243245,0.6109510314282032,0.6888824414585215,0.7184017577214131,0.694794887211352,0.9971770373257723,86.11555264212869,27.681446866555646,0.0018100521781227806,0.0018100521781227806,0.6567854658831245,0.39893991364674136,0.0008217324620822401
100,0.05518927835673094,0.6975308240556003,0.6138862607234002,0.6998808668975455,0.7201602420605853,0.6975304284558255,0.9974003705111417,91.40327900106257,33.89969448067925,0.0015157569538463247,0.0015157569538463247,0.6535012097182599,0.399649706076492,0.0008198925335129345
101,0.054471942193806175,0.6995300800039134,0.6112521866936699,0.7052316713655268,0.7217650524176791,0.6995296857575729,0.997479026967829,91.59682373567061,33.878108436411075,0.0013322613456032493,0.0013322613456032493,0.6570258367276861,0.39354200271720235,0.0008180521460508585
102,0.05594178439676761,0.6957721571757766,0.6150330240311324,0.673439192894564,0.7513372602370109,0.6957717685200046,0.9972136237404563,87.00578474998474,29.347761793570086,0.001966129649769176,0.001966129649769176,0.651010399938307,0.4155011515725743,0.0008162112984338965
103,0.05179379680007696,0.6935095607893839,0.609819263592172,0.6907487630609106,0.7230341545142367,0.6935091692617049,0.9973613999106667,91.61563515663147,33.961827939206906,0.001584139737215909,0.001584139737215909,0.6391476318240166,0.385946739803661,0.0008143699893932899
104,0.05155173394083977,0.6829198999315388,0.5962053668162249,0.6931622890149843,0.6901898955339192,0.6829195080157525,0.9970725449648771,91.00171930139715,27.51572308215228,0.0016771663318980825,0.0016771663318980825,0.6254425186628148,0.36322058872743085,0.0008125282176535839
105,0.05393807388097048,0.7039638934913437,0.6223527339929849,0.7192791831323928,0.7202026056957869,0.7039634920340045,0.9975950067693536,92.06138287891041,34.5821507898244,0.0012316920540549538,0.0012316920540549538,0.6534797983582724,0.40646204487843945,0.0008106859819325769
106,0.05215201637148857,0.6841111713408203,0.6021062305156445,0.6823320667991293,0.7093791167883531,0.6841107392366872,0.9973366260528564,93.78683174740185,35.98952306942506,0.0014311833815141158,0.0014311833815141158,0.6431013976358703,0.37955215302380646,0.0008088432809412661
107,0.05110949584841728,0.6917293258439813,0.6092982524587751,0.6865728359256086,0.7294316727588934,0.6917289153420684,0.9973837028850209,98.17442857135426,35.128494647416204,0.0015828826210715554,0.0015828826210715554,0.6410925069993193,0.39940634623847227,0.0008070001133837954
108,0.04927675104141235,0.6940017159885481,0.609562262785317,0.6903603037800541,0.7237510162053197,0.6940012768504826,0.9974661090157249,90.8551472533833,31.051090386780825,0.0015058950944380326,0.0015058950944380326,0.64604677626498,0.3964903618801724,0.0008051564779574008
109,0.04929069695621729,0.6935916018515078,0.607969327957989,0.7024793363904863,0.721205968977592,0.6935912062501071,0.9973231662403453,93.75492334365845,35.50330946662209,0.0014914816076105292,0.0014914816076105292,0.6446372517807917,0.3847292983396487,0.0008033123733523561
110,0.049588570863008496,0.6865047911584381,0.6008643813955304,0.6668728182755644,0.7249404365012944,0.6865043828942049,0.9971342953768644,85.37592820687728,40.97427406636152,0.0019774870439009233,0.0019774870439009233,0.6393725658100183,0.39085895906795154,0.0008014677982519177
111,0.049439371533691885,0.6980142425121841,0.6101490892269327,0.68636127962981,0.7413562239598835,0.6980138294060967,0.9973139979622581,92.57997573505749,34.305739386515185,0.0017268224196000533,0.0017268224196000533,0.6394651642238552,0.38970994678410614,0.0007996227513322692
112,0.04815520102530718,0.6985963388489463,0.6145067801927037,0.6998046147681645,0.723981592942437,0.6985959356482244,0.9974141120910645,92.11494233391501,34.15117723291571,0.0014928687702525747,0.0014928687702525747,0.649566757969857,0.3866001714698293,0.0007977772312624649
113,0.049177100501954556,0.6939465840378017,0.6119736286503774,0.6884224547703759,0.7188554948624696,0.6939462044023833,0.997292778708718,97.96519116921858,35.395864437926896,0.0017186945134943182,0.0017186945134943182,0.6517740409524942,0.4055382250384851,0.000795931236704373
114,0.047669517926871775,0.6806682073190303,0.5914983927925036,0.7084112971893338,0.6699307779956404,0.6806678249587965,0.9973948001861572,93.73692948167974,29.93418036807667,0.0012471892616965554,0.0012471892616965554,0.6253378003999718,0.35546487027948553,0.0007940847663126185
115,0.04904972247779369,0.6885634487781619,0.6050788081580211,0.7030931289041359,0.6831065480856867,0.688563052131131,0.9974956512451172,96.95192638310519,34.175369495695286,0.0013488856228915129,0.0013488856228915129,0.636357806143761,0.38289998268539255,0.0007922378187345249
116,0.04943597341328859,0.6946010139159607,0.613105442558297,0.6843319122227747,0.7211305753186359,0.694600616190228,0.9973622235384855,92.36801567944613,34.10667805238204,0.001650658520785245,0.001650658520785245,0.6523219508248572,0.40541156042705884,0.0007903903926100556
117,0.047969895020127294,0.6918451840563802,0.6103206290776627,0.68545195870771,0.7132832275407344,0.6918448033659336,0.9971982782537286,99.90551174770702,35.34804813428359,0.0017926692962646484,0.0017926692962646484,0.6401343140136802,0.3981494185599414,0.0007885424865717544
118,0.049497197329998015,0.6931399836704243,0.6089741355984833,0.6842006709823271,0.7157445100141654,0.6931395750198012,0.9972151626240123,85.90833429856734,35.15319906581532,0.0018386190587824042,0.0018386190587824042,0.6494645164189436,0.38942651586099103,0.0007866940992446861
119,0.056390434019267556,0.7043857633296882,0.6205930984147036,0.7241662338514825,0.6936704302742414,0.7043853552631798,0.9975519613786177,85.24660939520055,28.136108349670064,0.0011776577342640269,0.0011776577342640269,0.6626947082272223,0.4032580974427136,0.0007848452292463757
120,0.04887893280386925,0.7142260726500612,0.63025306597665,0.733155866451265,0.7118006024876116,0.7142256711906623,0.997695424339988,91.16341933337125,27.93526566028595,0.0010816834189675071,0.0010816834189675071,0.6622842590917241,0.40793477405201306,0.0007829958751867468
121,0.048543933399021626,0.706328958892133,0.6211019148468853,0.7090186590056801,0.7201429446699801,0.7063285514967703,0.997477878223766,91.44267769293351,33.683141979304224,0.0014656890522349965,0.0014656890522349965,0.6580412738961431,0.4028137150135907,0.0007811460356680608
122,0.04772024036943912,0.7120533909142897,0.625886040672206,0.7132006490994541,0.7404162079123625,0.712052990089828,0.9976732730865479,91.26962345296687,29.49649805914272,0.0012638785622336648,0.0012638785622336648,0.6611747148250618,0.40188637595962395,0.000779295709284853
123,0.04779963392019272,0.6927312802300915,0.603045272721295,0.7173377038047313,0.6909596107652763,0.6927308702196817,0.9975011565468528,90.23034438219938,32.90501268343492,0.0011146935549649324,0.0011146935549649324,0.6439598822656659,0.3726100633767518,0.0007774448946238706
124,0.04839140947908163,0.6863345458031903,0.6001710951886411,0.6863962025891859,0.7052550887101887,0.6863341476261823,0.9972988041964445,90.95401035655628,33.41598699309609,0.0015789162028919566,0.0015789162028919566,0.6313743574163792,0.3672127832065929,0.0007755935902640081
125,0.049969140857458114,0.7008538300761008,0.6124865978699079,0.6933179545713328,0.7467625224714386,0.7008534351534998,0.9974175799976696,91.24704259092158,33.60509583624926,0.0015524734150279653,0.0015524734150279653,0.6558487787560601,0.3922132734547962,0.000773741794776243
126,0.04728956751525402,0.7022531623589408,0.6171312806884212,0.6893711644351185,0.7560322027744739,0.7022527442314407,0.997391549023715,96.25243022225119,33.473787762902,0.0017048662359064276,0.0017048662359064276,0.6529636803025741,0.4009544246576049,0.0007718895067235705
127,0.047013334423303604,0.6954321573649536,0.6100480543187314,0.674905144902744,0.7437935560969481,0.6954317565331046,0.9972968968478116,91.40912979299372,33.793933256105944,0.0018068010156804864,0.0018068010156804864,0.6456656335319105,0.38835899853570893,0.0007700367246609375
128,0.047512181676924226,0.6972802159862685,0.6111424775687732,0.6873985922349357,0.7449382112367043,0.6972798176788882,0.9973717386072333,89.81010666760531,35.47476056489077,0.0015888430855490944,0.0015888430855490944,0.6462036168033426,0.393784606998617,0.0007681834471351756
129,0.04795751725137234,0.6982473458900755,0.6122645864016254,0.6859812921463155,0.7300969937887117,0.6982469274980256,0.9971853603016246,91.42208693244241,33.300162662159316,0.0018999793312766335,0.0018999793312766335,0.6453637941528789,0.38520618714392185,0.0007663296726849344
130,0.04669628994911909,0.7032453839996079,0.6168204305419202,0.6824944426774698,0.7641449509598051,0.7032449474368027,0.9972563006661155,92.5064721324227,34.91128650578585,0.0018482641740278764,0.0018482641740278764,0.6506834488510239,0.39367505213753745,0.0007644753998406124
131,0.04921737144142389,0.6863163297411182,0.59697417473415,0.7024043893624449,0.681701147480661,0.6863159353169999,0.9974087801846591,90.40405754609542,26.827157827940855,0.0011668855493718927,0.0011668855493718927,0.6324088482016866,0.35557015985250473,0.0007626206271242884
132,0.04882325331866741,0.7141258923466708,0.6232721365610104,0.7088880231236558,0.7507596091818417,0.7141254937108265,0.9976519888097589,93.18533966758035,34.28619787909768,0.001261537725275213,0.001261537725275213,0.6664340987527918,0.3999650640921159,0.0007607653530496521
133,0.04701395060867071,0.6951680965303632,0.6129274588845605,0.6964153132344365,0.7083953667014294,0.6951677142221004,0.9975399971008301,96.40344838662581,33.740961443294175,0.001398455012928356,0.001398455012928356,0.6473913361035308,0.4087229897691445,0.0007589095761219332
134,0.04553570799529552,0.7027908184261787,0.624422200061479,0.7082346123440494,0.7131285730607821,0.7027903996325243,0.9978143301877108,91.81128840012984,34.22028777816079,0.0011697032234885476,0.0011697032234885476,0.6523206883427768,0.4219092896038836,0.0007570532948378305
135,0.04545092514157295,0.6953919670445495,0.6157867711192325,0.698821220287745,0.7093724251730332,0.6953915737740458,0.9975941181182861,91.01145260984248,33.566204439509995,0.001373897899280895,0.001373897899280895,0.6493492990947826,0.41669411821798846,0.0007551965076854392
136,0.04898789715766907,0.7202440342484336,0.6353244424278465,0.7101020490875001,0.7497325890428993,0.7202436110291424,0.9978130730715665,90.78788902542807,33.54579657316208,0.0012363954023881392,0.0012363954023881392,0.6742612397157989,0.4173555655235594,0.0007533392131441786
137,0.04612583450227976,0.705273354295837,0.6212976023268898,0.7129823901353576,0.7176719770772347,0.7052729502321958,0.9976340423930775,82.5552716255188,32.9271715445952,0.0012435262853449042,0.0012435262853449042,0.6631394488794006,0.41811400787396863,0.0007514814096847186
138,0.044430684871971604,0.6991457925139474,0.6176341809611231,0.6931948923249779,0.7215929548430983,0.6991454006851685,0.9973701780492609,95.90013103051619,33.431924879550934,0.0016313466158780184,0.0016313466158780184,0.6511604886086801,0.407665703445673,0.000749623095768904
139,0.04407320945709944,0.7067323977484748,0.6235931120757225,0.6938490417387189,0.7564908083091141,0.7067319659770664,0.9975373094732111,92.10265224630183,33.69435162977739,0.0015204603021795099,0.0015204603021795099,0.6552463913750134,0.40711435438557103,0.0007477642698496805
140,0.04423400305211544,0.69340752272639,0.6098418111640376,0.707446222898968,0.6923558343461426,0.6934071157595155,0.9974407716230913,97.14772991700606,34.79348359324715,0.0012723532589999113,0.0012723532589999113,0.6447572736916217,0.3719385808164423,0.0007459049303710179
141,0.04791870457679033,0.7008257893824883,0.6196162737046703,0.6818878304160897,0.7441841026680195,0.7008253673583938,0.9971100417050448,92.60741485248913,33.604881725528024,0.0020241954109885478,0.0020241954109885478,0.6551408571201798,0.409937091849067,0.0007440450757678328
142,0.04417714121937752,0.7028287150649812,0.6203498619530639,0.7109348633219366,0.7178693923111003,0.7028283097527906,0.997467041015625,91.36916190927678,34.142464036291294,0.001365033063021573,0.001365033063021573,0.6501690145136536,0.40471503274007276,0.000742184704465911
143,0.04402762798964977,0.7038487344946415,0.6250138931492892,0.6965898680807763,0.7252618605022537,0.7038483346644845,0.9975269707766447,91.28149158304387,33.9350189241496,0.001534570347179066,0.001534570347179066,0.6609564636108793,0.42069800062613055,0.0007403238148818282
144,0.043465718731284145,0.6973156274082815,0.6181848748669873,0.6961126498208544,0.709042079637213,0.6973152358763887,0.9974730231545188,91.21654956991023,33.568754548376255,0.0014801675623113458,0.0014801675623113458,0.6471029367454807,0.40928930128839885,0.000738462405422871
145,0.04382923934608698,0.6967026363946277,0.6148225206282955,0.693357322916199,0.7174871278171356,0.6967022292586595,0.9973781108856201,91.23352168906818,33.87982729348269,0.0016076781532981179,0.0016076781532981179,0.6491181683732893,0.3961361033672636,0.0007366004744869555
146,0.04421305278688669,0.6991819058840977,0.6159559304571677,0.7107320399228425,0.7018761018149569,0.6991814955307791,0.9974700537594882,82.59052580053157,39.10807849060405,0.0013241334394975142,0.0013241334394975142,0.6551948748423125,0.3960812836885452,0.0007347380204625457
147,0.043431037314236164,0.7028103716916995,0.6237889751529487,0.704149982214767,0.718492048937028,0.7028099859600595,0.9974782250144265,98.41343645616011,35.68927518346093,0.0014465722170743074,0.0014465722170743074,0.6534604846767086,0.41532439535314386,0.0007328750417285716
148,0.04223348744958639,0.699045757574851,0.6170832096166575,0.6936662902225352,0.7205640739419402,0.6990453268782895,0.9974040551619097,92.70106314529072,33.70385371554982,0.0015870657834139738,0.0015870657834139738,0.6509098855131842,0.40942098606716504,0.0007310115366543449
149,0.04223039551824331,0.6882401317631159,0.6040170475796214,0.7079219397204015,0.6786210132791312,0.6882396972082504,0.9974027113481001,83.96734263680197,34.00659544901414,0.0013007033954967153,0.0013007033954967153,0.6343482730808319,0.38430074974894524,0.0007291475035994755
150,0.04243376003205776,0.7015340019932322,0.6207322446443615,0.707951801680567,0.7101334887731615,0.7015336054717255,0.9974505034360018,92.44227321581407,33.81351651386781,0.0014491948214444246,0.0014491948214444246,0.6506287440087445,0.39953243935650046,0.0007272829409137847
151,0.04278141801059246,0.693294942884697,0.6093732317547986,0.6918562042501328,0.7146092560740491,0.6932945540176608,0.9972453767603094,85.37771239063956,35.12621006640521,0.0017171989787708628,0.0017171989787708628,0.6463404486146529,0.3891853622414849,0.0007254178469372199
152,0.04326095844060183,0.6916566531301295,0.6080963242841787,0.691793358584401,0.7098788468934729,0.6916562635029838,0.9972338676452637,84.05678987503052,35.286014984954484,0.001670815727927468,0.001670815727927468,0.6447751982884117,0.3835204121741382,0.0007235522199997669
153,0.04142655622959137,0.6944823945322715,0.6129353823818144,0.6844167809099215,0.7229406067959978,0.6944819741501945,0.9972784735939719,84.02563860199668,34.94416117126291,0.0017484534870494497,0.0017484534870494497,0.6460278067528303,0.39769464798948984,0.0007216860584213608
154,0.04233917751163244,0.6985771875817497,0.6160987321842588,0.6856960551362685,0.7323536926845502,0.6985767663837898,0.9973455125635321,84.53812341256575,34.9478962150487,0.0017470879988236861,0.0017470879988236861,0.6507206959850836,0.40496774830601434,0.0007198193605117973
155,0.04121969952434301,0.6878355787953905,0.6027541675661132,0.6962639969105742,0.7005598694198525,0.6878351908156725,0.9972138621590354,84.61462751301852,35.423591082746334,0.001566691832108931,0.001566691832108931,0.6394451564873717,0.3836231035265056,0.0007179521245706413
156,0.04260978703945875,0.7018225190476687,0.6234663921316665,0.7002074894533302,0.7220227927229078,0.7018221213738163,0.9974745837124911,85.8104623447765,35.19026745991273,0.0016046003861860795,0.0016046003861860795,0.6575202759130744,0.4147851087830283,0.0007160843488871357
157,0.04153569582104683,0.7109868393409594,0.629537925016518,0.6991122699310406,0.7531639538945535,0.7109864069022387,0.9975038658488881,75.62438158555464,39.1292562159625,0.0016036250374533913,0.0016036250374533913,0.6622033489225445,0.4220966534181075,0.0007142160317401089
158,0.04127511870861054,0.7043028829576925,0.6170584013685553,0.684807294761101,0.7628119190082706,0.7043024584101398,0.9972850409421053,85.33612890677018,35.372251429341055,0.0017852783203125,0.0017852783203125,0.6505307547029754,0.4017654691230167,0.0007123471713978799
159,0.04166026723384857,0.7176576574359973,0.6328404794812749,0.7115382320286309,0.7641197743049812,0.7176572334191296,0.9975295933810148,85.14835358749737,35.23497218435461,0.0014237490567294035,0.0014237490567294035,0.6621400956448104,0.41730655187910254,0.0007104777661181647
160,0.040677120007574556,0.7047792337218535,0.6182346411533719,0.6856693713278826,0.7550100509443758,0.7047788245943039,0.9973169673572887,84.63757866079158,33.44019346887415,0.0017429048364812677,0.0017429048364812677,0.6581337047833089,0.41375554420731286,0.0007086078141479791
161,0.043221866972744466,0.6926139271845216,0.609028827266791,0.7010576727638506,0.7007486178779142,0.6926135181196361,0.9973646727475253,92.56977152824402,33.9474738240242,0.0014308149164373224,0.0014308149164373224,0.6416973293063083,0.3818432478742166,0.0007067373137235415
162,0.042041276261210445,0.6911597739952113,0.6034617532768969,0.7098807559311077,0.7072753095750915,0.691159397363828,0.9972362518310547,89.89314276521856,41.60470771789551,0.0013723156668923118,0.0013723156668923118,0.6368751488626003,0.3616725084456531,0.0007048662630701754
163,0.04228257293999195,0.6982015327730932,0.6116745170978951,0.6965290291817311,0.7342581778346949,0.6982011503795905,0.9973982897671786,92.26840617439963,33.46660199490461,0.0014899860728870738,0.0014899860728870738,0.6452143694825115,0.3874781903895465,0.0007029946604022085
164,0.04072661993652582,0.6949933666909591,0.6090207215297091,0.7063915773696827,0.7065605424584726,0.694992934819387,0.9974648735739968,84.10224791006608,35.29447485100139,0.0012873086062344637,0.0012873086062344637,0.6419733628836184,0.37434958802028134,0.0007011225039228726
165,0.040031030923128125,0.7012519293802335,0.6146922589426829,0.6990979001947385,0.7440712399343611,0.7012514788869555,0.9973640875382856,77.00139377333902,35.21991974657232,0.001580931923606179,0.001580931923606179,0.6465849205500986,0.38950488377701153,0.0006992497918242011
166,0.03933401020616293,0.6992978368253103,0.6110470631204455,0.7010781599184696,0.7405682296224352,0.6992974028161373,0.9974161061373624,75.29260891134089,33.548755456100814,0.00151493332602761,0.00151493332602761,0.6487436736550246,0.3914398484948007,0.0006973765222869263
167,0.04022588274627924,0.6934171894296933,0.610285832502889,0.679784265408454,0.7337743723516571,0.6934168058533979,0.9971807219765403,74.62611152909018,33.755533987825565,0.001860965381969105,0.001860965381969105,0.6469468627050943,0.4052736840464852,0.0006955026934803739
168,0.03977881415188313,0.6975486696970332,0.6104915316870204,0.7087309801277304,0.7255942607200017,0.6975482446565323,0.9973542473532937,76.11540551619096,35.19103171608665,0.001410419290715998,0.001410419290715998,0.6387672418790813,0.37632490999319335,0.000693628303562358
169,0.0407262205183506,0.6950920556171364,0.6090577502869399,0.6816579109496413,0.7535866365500208,0.6950916338035165,0.9972211230884899,76.74402171915227,41.04127261313525,0.001840959895740856,0.001840959895740856,0.6492729295694682,0.40496523678302765,0.0006917533506790733
170,0.04391914803534746,0.6964794679471682,0.6156689152461104,0.6868584685724143,0.7240054496169165,0.6964790527021658,0.9974255561828613,85.88802657344125,27.091986320235513,0.001604318618774414,0.001604318618774414,0.6481064571820422,0.4046894970603965,0.000689877832964987
171,0.04001463250815868,0.6986382128325221,0.6171146961514768,0.6933807516511774,0.7208589479831968,0.6986377877977755,0.9975020451979204,83.77567873217843,34.08169637484984,0.0014745322140780363,0.0014745322140780363,0.6470032075085328,0.3964411460540511,0.0006880017485427283
172,0.040243700318038464,0.6970448926414411,0.6155757109174638,0.7116552270039922,0.6990746460098568,0.697044487894633,0.9974911429665305,75.16814823584123,34.101079577749424,0.0013410611586137252,0.0013410611586137252,0.644345934496166,0.40249599008397624,0.0006861250955229781
173,0.03816745818406343,0.6914288337328899,0.6071030512438583,0.695752938814752,0.7080263955081464,0.6914284138686667,0.9971955689516935,77.54826153408398,34.08763917467811,0.001577615737915039,0.001577615737915039,0.6357241532757392,0.3852259802886031,0.0006842478720043559
174,0.03935940729826689,0.6970918449453337,0.6155299998953944,0.7048594714263171,0.709071673343344,0.6970914649694128,0.9974403814835981,88.67243129556829,33.4030874913389,0.001473101702603427,0.001473101702603427,0.6483678396363591,0.40444195168939506,0.0006823700760733055
175,0.03826166684925556,0.6982776752488326,0.6176770466195057,0.7063561586906677,0.7088742167017134,0.6982772955249389,0.9974559870633212,82.79001530733976,33.53085527636788,0.0014348897066983309,0.0014348897066983309,0.6509881396963134,0.41289045119827444,0.00068049170580398
176,0.03990221679210663,0.6953899360421374,0.612718382336022,0.6890741142136156,0.7197397468851784,0.6953895196255665,0.9973586689342152,74.16251054677096,39.25022733753378,0.0016331022435968573,0.0016331022435968573,0.6529259280677334,0.4017625173384493,0.000678612759258125
177,0.038989093840122224,0.6894784612832551,0.6052979083581026,0.7041722694524442,0.6948499974800239,0.6894780645698627,0.9972611340609464,90.16108705780722,33.704382262446664,0.0014959465373646128,0.0014959465373646128,0.6373860705003345,0.38570288636467676,0.0006767332344849599
178,0.03880168896913529,0.6972261042618517,0.6132785984705188,0.710202094256564,0.705305883116829,0.6972256914967507,0.9974611889232289,75.07412115010348,35.168982765891336,0.0013316978107799184,0.0013316978107799184,0.6409883074589867,0.39530714228749275,0.0006748531295210577
179,0.037949844621121887,0.6967907982385738,0.611735128363097,0.7054695674242916,0.7051807564838779,0.6967903607610159,0.9974599318070845,74.33093282309446,33.58359629999507,0.0013941851529208097,0.0013941851529208097,0.637322152036342,0.37385010380636563,0.0006729724423902248
180,0.038154277093708514,0.695306499621153,0.612745490719098,0.7118939884385164,0.6961443479899899,0.6953060783642235,0.9974531693892046,82.2749626419761,33.458153713833205,0.0013636675747958097,0.0013636675747958097,0.6407123794838712,0.39686754887754266,0.0006710911711033769
181,0.03862428443878889,0.6931549747801875,0.6104046377299759,0.7073730948264961,0.7012642976707212,0.693154563259626,0.9973302321000532,79.57684476809068,33.462596877054736,0.0014249194752086294,0.0014249194752086294,0.6398623777363768,0.40247301080010156,0.0006692093136584148
182,0.04108973908424377,0.697280088869917,0.6139566828566803,0.6895757737559349,0.73687831561197,0.6972796550359621,0.9972884654998779,77.9247370633212,40.85046300021085,0.0016861828890713778,0.0016861828890713778,0.6437413845507597,0.4082664278420535,0.0006673268680400988
183,0.04129939243197441,0.6910842427604103,0.606692086371969,0.6979024589784144,0.7018074489331915,0.6910838243045717,0.9974680813876066,82.9901799288663,33.489688027988784,0.0013842582702636719,0.0013842582702636719,0.6409026781839202,0.384296318854798,0.0006654438322199202
184,0.03800390907377005,0.6904282862124415,0.6068439076119823,0.6914893620259442,0.7099533513174552,0.6904278666374515,0.9973397688432173,75.26254094730724,34.28322604027662,0.0015589323910799894,0.0015589323910799894,0.6352506594399032,0.382620631293817,0.0006635602041559724
185,0.03801211051642895,0.6951144003287061,0.6123757868093965,0.7057124271632943,0.6997456622527938,0.6951140041718498,0.9974888021295721,93.94840474562211,33.48473930358887,0.0013475851579145951,0.0013475851579145951,0.6453018244524586,0.4001230282539671,0.00066167598179282
186,0.037287094362080095,0.6923562329672303,0.6094432354129199,0.7047799608258427,0.6982825827664129,0.6923557989174042,0.997437758879228,84.2317383180965,35.22880902615461,0.0013690211556174538,0.0013690211556174538,0.6433485826331146,0.3932852159169587,0.0006597911630613657
187,0.038189269088208674,0.6977919775226359,0.613144915520886,0.7097733528067022,0.711972649665015,0.6977915428367893,0.9974382357163862,88.99468233368613,35.16876238042658,0.001307920976118608,0.001307920976118608,0.6416575530076277,0.39260386201468384,0.0006579057458787157
188,0.037509689278900624,0.6946522349183772,0.6115920651353797,0.695169846187501,0.7130876321320109,0.6946518222766035,0.9974262931130149,93.75894808769226,34.18565889380195,0.0014654939824884589,0.0014654939824884589,0.6469866071186939,0.40067388862371445,0.0006560197281480442
189,0.03659619146585465,0.6971662733077527,0.6177660718420722,0.6941153354818277,0.7159694853752309,0.6971658647104643,0.9974845756183971,92.99717868458141,33.73861778324301,0.0014989809556440873,0.0014989809556440873,0.647228534559407,0.4151403253728693,0.0006541331077584547
190,0.03675373519212007,0.7008569515219197,0.6216724194833909,0.7043112919863853,0.7152666517180889,0.7008565259166754,0.9975447437979958,83.98112238537182,34.59246013923125,0.0014277804981578481,0.0014277804981578481,0.650338090031503,0.4244116246700287,0.0006522458825848401
191,0.03593583004176617,0.6981295673700051,0.617567993977738,0.70866388200543,0.7062010451184999,0.6981291454524068,0.9974519122730602,85.49970501119441,35.088807273994796,0.0013828711076216264,0.0013828711076216264,0.6457485120494808,0.4093381325629624,0.000650358050487742
192,0.038005830153822896,0.6986464639104409,0.6170779328004895,0.6939677463620477,0.723576435978752,0.6986460328441473,0.9974670193412087,77.23777830600739,34.93675248189406,0.0015332698822021484,0.0015332698822021484,0.646056823351087,0.4057651766660539,0.0006484696093132058
193,0.03763349249213934,0.693897944124572,0.6073261229436377,0.7085342790043012,0.7019129299290892,0.6938975054602032,0.9973523400046609,76.92229359800166,39.52282057025216,0.0013245235789905894,0.0013245235789905894,0.6421265163351729,0.3894693743098866,0.0006465805568926364
194,0.03816595540940761,0.6880612493652151,0.6024209878651572,0.6895170175042344,0.7076502754677839,0.688060833056583,0.9972654689442028,79.34459079395641,35.121760574254125,0.0015708749944513495,0.0015708749944513495,0.6285178902379068,0.3737209154800935,0.0006446908910426501
195,0.03706120125204325,0.6946119252638522,0.6131989454177093,0.7039485228330711,0.7037595108284725,0.6946115246975788,0.9974611889232289,75.63753099875017,35.082703005183824,0.001408251849087802,0.001408251849087802,0.6422947088407951,0.39813105101612484,0.0006428006095649255
196,0.03819618313014507,0.7007291192950261,0.621863221474441,0.6983374085852063,0.719589454435706,0.7007287240335048,0.9975357489152388,68.6285271319476,32.87369795279069,0.001494342630559748,0.001494342630559748,0.6506205579392951,0.4126864553175189,0.0006409097102460521
197,0.035659632183611394,0.6942280049543632,0.6119148618776494,0.7044885585071998,0.7001756700143074,0.694227595305777,0.997479568828236,75.64850148287687,39.6492487300526,0.0013067505576393821,0.0013067505576393821,0.643810242327163,0.4029139402237805,0.0006390181908573774
198,0.03539047705382109,0.6957623738168649,0.6119683307138012,0.6974923904841597,0.7146692210286592,0.6957619494589999,0.997417688369751,96.65408222241835,34.09691831740466,0.0014977671883322976,0.0014977671883322976,0.6446043746810491,0.4061637617308985,0.0006371260491548504
199,0.03547944734990597,0.691483623253042,0.6067797714654993,0.6943244543738005,0.7071162658199523,0.691483206708493,0.9974015192552046,73.62372664971785,34.018183274702594,0.0014661658893931997,0.0014661658893931997,0.6374646421404164,0.39066311005841603,0.0006352332828788649
200,0.03608060102164745,0.6982514924827875,0.615112832717013,0.7052166522825236,0.7149499064763236,0.6982510702431208,0.9974648518995806,74.76266609538685,28.68573627688668,0.0013720338994806464,0.0013720338994806464,0.6455584626227474,0.4060298548164693,0.0006333398897540993
201,0.035959170006215575,0.6968999888895773,0.6144707624017023,0.7041450205263484,0.7070189111152689,0.6968995817430655,0.997490709478205,95.73402590101415,34.98766919157722,0.0013452659953724253,0.0013452659953724253,0.642558022896992,0.39789351177486504,0.0006314458674893553
202,0.039913112439215186,0.6936907563867826,0.6107057497647438,0.6907534686447211,0.7145511063457068,0.6936903494962112,0.9973874308846213,82.15687814625826,33.57385690103877,0.0015410076488148081,0.0015410076488148081,0.637283536722283,0.38121276687492023,0.0006295512137773931
203,0.03722040811181068,0.6898874458027131,0.6024972891705931,0.6843521214812905,0.7264021054847131,0.6898870447821862,0.9972329573197798,83.46036545796828,33.64989201047204,0.0016769495877352629,0.0016769495877352629,0.6331097326156768,0.37383388981900434,0.0006276559262947659
204,0.036078610077500343,0.6931099566961729,0.6056839444835931,0.6930782619442563,0.7352200396618517,0.6931095719339294,0.9972735318270597,92.14117622375488,33.86280890486457,0.0015360008586536753,0.0015360008586536753,0.6383247399194674,0.3745516122064807,0.00062576000270165
205,0.03577901399880647,0.7005333750708758,0.6113876781795734,0.713372386073452,0.7253604345771812,0.7005329447883754,0.9975140528245405,84.37888519330458,33.69123236699538,0.001276883212002841,0.001276883212002841,0.6439958536582047,0.3736754576252265,0.0006238634406416756
206,0.036816797345876694,0.6891983981586388,0.6056033065334374,0.6928030986923196,0.7021576805130458,0.6891980086963145,0.997361118143255,83.15336102789098,27.243670886213128,0.0015192465348677201,0.0015192465348677201,0.6365113816575501,0.3912115879356861,0.0006219662377417515
207,0.034994685612618925,0.6926641548782662,0.6097543185608536,0.7028949803999315,0.6970007391822126,0.6926637491720915,0.9975081357088956,92.79801374131983,34.93597155267542,0.0013267993927001953,0.0013267993927001953,0.6421926343123645,0.39768231964924117,0.0006200683916118909
208,0.03501304710656405,0.6883792352185154,0.6023735920390446,0.702812717464263,0.6952390738049548,0.6883788340388173,0.9973530335859819,84.48996879837729,34.88563854044134,0.0013939684087579901,0.0013939684087579901,0.6401260717899607,0.3899550055238334,0.0006181698998450326
209,0.035392766714096066,0.6933183531997578,0.6105923802148403,0.7058050756923067,0.7019120476914474,0.6933179299178795,0.9974335106936368,82.693675940687,26.879497186704114,0.001347715204412287,0.001347715204412287,0.6438305060887202,0.40187556347386405,0.0006162707600168605
210,0.03416384648531676,0.6934943268069621,0.6108732556579596,0.7025483632442044,0.7036236320713222,0.6934939146212993,0.9974307146939364,75.75239874016155,33.53655900738456,0.0013690211556174538,0.0013690211556174538,0.6413283657516744,0.3937474306334149,0.0006143709696856199
211,0.03393952052295208,0.6927527860313152,0.6101905272467406,0.6984722018594507,0.7062960091772937,0.6927523567469814,0.9974042935804888,84.50184537063946,33.60744049874219,0.0014502785422585227,0.0014502785422585227,0.6421785379980892,0.4005158308216117,0.0006124705263919325
212,0.034660659752786156,0.6895026208261194,0.6062796089893289,0.6775433229536213,0.7227480625846922,0.6895021934708416,0.9972121065313165,83.9546050158414,33.57282365452159,0.0017947933890602806,0.0017947933890602806,0.6347191114152586,0.39671580493450165,0.000610569427658607
213,0.03486401528865099,0.6901538793282063,0.6065096210041494,0.689350498235895,0.7104433245539122,0.6901534849949198,0.9973423914475874,82.60014372522181,33.475131625478916,0.0015479001131924715,0.0015479001131924715,0.6312008615032855,0.3783581488850442,0.0006086676709904492
214,0.03437431050091982,0.6931792938651108,0.6097864544413913,0.699709977762438,0.7106264215667504,0.693178881679586,0.9973869106986306,82.39953291416168,33.50450215556405,0.0014493682167746804,0.0014493682167746804,0.6371385362444099,0.38574890047311783,0.0006067652538740668
215,0.03366357835382223,0.686911081505728,0.5996951122090478,0.6956134949042846,0.7002027000433876,0.6869106613609399,0.9972709308971058,93.4330965388905,33.588690822774716,0.0015410726720636542,0.0015410726720636542,0.6252496967342516,0.36749672364782204,0.0006048621737776744
216,0.03394745419174433,0.6917346655013918,0.608784909576384,0.6939588051730646,0.7090949663982606,0.6917342608796728,0.9973903352564032,99.87061365084215,33.57511760971763,0.0015351122075861151,0.0015351122075861151,0.6359271587504984,0.39073226042091846,0.000602958428150892
217,0.03326316825300455,0.6908121093778202,0.6071693223529334,0.6865500174733596,0.7148544055753945,0.6908117067070729,0.9973431283777411,96.45101829008622,33.53995677015998,0.0016292875463312323,0.0016292875463312323,0.6370072888489218,0.38393790799785743,0.0006010540144245451
218,0.0349371781796217,0.6903818143350269,0.6042598367106281,0.6996470369714805,0.6997904871893056,0.690381411082202,0.9974025813016024,92.21402661366896,33.3828501701355,0.0014358433810147371,0.0014358433810147371,0.6356680984370707,0.37842832979830826,0.0005991489300104574
219,0.034761385627090934,0.6828119109787111,0.5894651995823867,0.7194549434734253,0.6754911354729134,0.6828114712527049,0.9973583004691384,100.23151526667856,33.57561631636186,0.0010492584922096946,0.0010492584922096946,0.6259649158270225,0.34373623810031195,0.0005972431723012443
220,0.034455616720020774,0.6953132299368882,0.6074666288301537,0.7099003556010522,0.7148784760942369,0.6953128217298007,0.9975126439874823,82.86787501248446,33.51023776964708,0.0012358101931485262,0.0012358101931485262,0.6372158633614411,0.38394971598278393,0.0005953367386701004
221,0.03312819398939609,0.6995336948357577,0.6166991991597536,0.7026181919031368,0.7308137839708672,0.699533291457555,0.9974712241779674,84.21898425709118,33.450461035425015,0.0014281489632346413,0.0014281489632346413,0.6435010653460101,0.39078481715511193,0.0005934296264705859
222,0.03463848818838596,0.6881744141841509,0.6030835290865666,0.7054430037137105,0.6922348370804102,0.6881739893420792,0.9973527518185702,76.97881323640996,33.643458160487086,0.0013816573403098366,0.0013816573403098366,0.6345226725640135,0.379803098060868,0.0005915218330364093
223,0.03335478509962559,0.695965124665037,0.6112103817713926,0.7011435753999489,0.7304362550448701,0.6959646966266649,0.9973723238164728,93.19080896811052,33.63862141154029,0.0014799941669810903,0.0014799941669810903,0.6443476069663038,0.3896272141825069,0.000589613355681206
224,0.03431466981768608,0.6965356191969122,0.6100535101182828,0.6986417581684515,0.7327848776483813,0.6965352011083056,0.9973564798181708,83.28720103610645,33.411306516690686,0.0015084093267267401,0.0015084093267267401,0.6367128606459832,0.39745732583105564,0.0005877041916983153
225,0.03269243546575308,0.6912415009929559,0.6080785515936106,0.6944789172418125,0.707901940840524,0.6912410731681876,0.9973580837249756,92.15439972010526,34.920342938466504,0.0015484636480158026,0.0015484636480158026,0.6346499663314634,0.3930245300924236,0.0005857943383605531
226,0.03304336093366146,0.6942231424121638,0.6088772420274545,0.7078165063494762,0.711446025610621,0.6942227160220246,0.9974712025035511,77.8213057084517,33.71005031195554,0.0013190182772549715,0.0013190182772549715,0.6393611315195978,0.40383839200843463,0.0005838837929199803
227,0.03357752001285553,0.6972671909007948,0.6140029571764113,0.7003535044274355,0.7256889765707463,0.6972667851740895,0.9974244724620472,93.31875267895785,33.669767780737445,0.0014660141684792259,0.0014660141684792259,0.6392110666916282,0.4013919776136225,0.0005819725526076705
228,0.03478283576667309,0.6917843556764235,0.6069589460789602,0.695742005159552,0.7152141270721913,0.6917839241638242,0.9972617626190186,92.63354433666576,33.8364838199182,0.001589666713367809,0.001589666713367809,0.632324544271052,0.3789895325899124,0.0005800606146334708
229,0.0337831836566329,0.6806943670083132,0.5942244420630982,0.7043369915265388,0.6790144427327006,0.6806939374867873,0.9973481568423185,77.66062342036854,34.183850320902735,0.001262122934514826,0.001262122934514826,0.619503528261372,0.3769510022618554,0.000578147976185762
230,0.03234970938414335,0.6930897131440988,0.6094967138567683,0.7010832238584109,0.7120058734972105,0.6930892939722427,0.9974485744129528,95.88570401885293,33.61028590527448,0.0013919310136274858,0.0013919310136274858,0.6328482358615226,0.392958209595897,0.0005762346344312134
231,0.03322652493417263,0.6928570725854836,0.6096776057675323,0.7026542797622527,0.7077467583592886,0.6928566531384793,0.997485572641546,86.60274358229204,33.54693812673742,0.001329682090065696,0.001329682090065696,0.6374266046543859,0.39243780076503754,0.0005743205865145341
232,0.03232807100564242,0.6960456427341757,0.6112874913057403,0.6999050757857069,0.7125732826012854,0.6960452174853436,0.9974598667838357,82.05355263840069,33.47192500938069,0.0013926462693647904,0.0013926462693647904,0.6405799740671434,0.39116454937241296,0.0005724058295582214
233,0.03284309242665768,0.6915688506348736,0.6018225878889841,0.7036953981521286,0.7114670759236271,0.6915684169772166,0.9973889480937611,83.83895294232802,33.49793966249986,0.0013643611561168325,0.0013643611561168325,0.6339075880079524,0.37378657947887073,0.0005704903606623043
234,0.03195446366816759,0.7014445184247393,0.6156730721603058,0.7064352111843052,0.7316070593879718,0.7014440839941476,0.9974451715295966,77.78041969646107,33.68711323087866,0.0014367103576660156,0.0014367103576660156,0.6433141488722124,0.3982624208385294,0.0005685741769040841
235,0.03172181282192468,0.6914882722680734,0.6044779421284987,0.6857415227009566,0.7256605208075595,0.6914878602732973,0.9972664442929354,77.38724624026905,33.727486702528864,0.001667044379494407,0.001667044379494407,0.632300128557042,0.38497484678571875,0.0005666572753378695
236,0.0318252168148756,0.6942589710676864,0.6034623788668342,0.7149900876719009,0.7130996153422113,0.6942585396835118,0.9973558729345148,77.10193587433209,33.795941087332636,0.001281131397594105,0.001281131397594105,0.6317496325910642,0.3774183609268882,0.0005647396529947098
237,0.0318051368445158,0.6992908457646767,0.6125371199602035,0.6912509491351561,0.7471957425065074,0.6992904183836361,0.9973021637309681,87.91445638916709,33.687896544283085,0.0016698620536110618,0.0016698620536110618,0.6449000891456804,0.3974530740895055,0.000562821306882122
238,0.032262804836034775,0.6981585921654069,0.6098794895962996,0.6998726726750436,0.723474683611204,0.6981581695463077,0.9973636323755438,79.77873819524592,34.65343179486015,0.0015154101631858132,0.0015154101631858132,0.6334612773009046,0.38432828218422155,0.0005609022339838143
239,0.03153505916893482,0.6957364332833993,0.6089145684904068,0.6997016172921651,0.7203217475703568,0.6957360117866112,0.9974108609286222,95.5915342244235,33.65040671825409,0.001415881243619052,0.001415881243619052,0.6340292016697773,0.38086715137416666,0.0005589824312594061
240,0.030841392062604427,0.6978508591412435,0.6072208906030404,0.709069054245947,0.720187715075545,0.6978504229337534,0.9974071112546053,78.5941829031164,33.45642942732031,0.0013551278547807174,0.0013551278547807174,0.6319012292369734,0.3689466985789212,0.0005570618956441422
241,0.031348294973373415,0.6894213047860959,0.600411697395426,0.6915844316293623,0.7143141622979946,0.6894208809615381,0.9971785978837446,91.45900216969576,33.71860650994561,0.0016709674488414419,0.0016709674488414419,0.629973715036282,0.3770042618905956,0.0005551406240486037
242,0.030323820754885673,0.6917787913196386,0.6015979333659384,0.7007167096907373,0.7097843091582446,0.6917783614587468,0.9973083626140248,76.31893010572954,33.520432423461564,0.0014708692377263849,0.0014708692377263849,0.6310381550548217,0.36439543014222925,0.0005532186133584137
243,0.03155313665419817,0.6820248350345461,0.5910976340923305,0.7066421018791692,0.6825792202204202,0.6820244049146532,0.9973486336794767,86.39136054299094,33.754744773561306,0.0012820417230779474,0.0012820417230779474,0.6154560379059562,0.3482144915244796,0.0005512958604339385
244,0.031850158907473086,0.6999438962236446,0.6070325537260682,0.7061467440907362,0.7296816497858011,0.6999434835532052,0.9972348213195801,86.21961246837269,33.32308126579631,0.0016010891307484019,0.0016010891307484019,0.6357043467631395,0.37422550401904364,0.0005493723621099843
245,0.032115738451480864,0.7026552252409067,0.6176247639815512,0.6915739133055756,0.7490606635541137,0.7026548019441619,0.9973760734904896,86.12604314630681,34.43830304796045,0.0016591548919677734,0.0016591548919677734,0.6392171367426106,0.3898388604548844,0.0005474481151954883
246,0.030943265244364738,0.6910900380151119,0.6019274393864765,0.6923755330834814,0.7241958842133331,0.6910896224224391,0.9972775199196555,77.77542658285661,33.77387349172072,0.0015826658769087358,0.0015826658769087358,0.6291102615968239,0.3647808906706897,0.0005455231164732059
247,0.03148165570944548,0.6958796880780511,0.606870737259213,0.7120613990607233,0.7175843697154461,0.695879268079068,0.99740346995267,98.42212436415933,33.6830216050148,0.0012880021875554864,0.0012880021875554864,0.6333075734999677,0.3678134070201354,0.0005435973626993919
248,0.030611832037568093,0.6831880139972788,0.5937990736091959,0.6899197568538012,0.7029266950829876,0.6831875975583025,0.9971845583482222,88.194941889156,34.830702965909786,0.0015158003026788886,0.0015158003026788886,0.6204596096402549,0.3509767109697515,0.0005416708506034778
249,0.03072801410406828,0.6978066578475673,0.6061783117554362,0.7052935237721116,0.7317189989950169,0.6978062117652205,0.9973745996301825,86.7721178856763,33.688715024427935,0.0013685659928755326,0.0013685659928755326,0.6337988018088005,0.3714715581048619,0.000539743576887742
250,0.031141999624669552,0.6917703064603054,0.6030365581603043,0.6974130530143157,0.7222510152919726,0.6917698673946275,0.9973678155378862,95.0426982532848,33.53676277399063,0.001420086080377752,0.001420086080377752,0.628096340382895,0.3588153049349785,0.0005378155382269764
251,0.030332520693540574,0.6933129645838123,0.6046483285467539,0.7002563390764777,0.7292441234994754,0.6933125181293655,0.9973446239124645,86.06228272481398,33.71441408179023,0.0014393979852849786,0.0014393979852849786,0.6350601639463672,0.37403393333608453,0.0005358867312681466
252,0.03130870343744755,0.6865191166024611,0.5990673252328509,0.689520485308859,0.7037576761590899,0.6865187044131219,0.997351733121005,84.84607159007679,33.76386717774651,0.0014868649569424715,0.0014868649569424715,0.6305968271547251,0.3609542001716115,0.0005339571526300471
253,0.03189372593909502,0.6972243364386767,0.6067514161700719,0.7056158769812113,0.7358680776306588,0.6972239085220102,0.9973649111661044,80.24646749279715,33.445601506666705,0.0013932748274369674,0.0013932748274369674,0.6322715045396101,0.3675756964155219,0.0005320267989029498
254,0.02980997559428215,0.6979716835202264,0.6121503400402097,0.7008133147275607,0.7266922815689045,0.6979712450200506,0.9974788318980824,73.00711859356274,33.42613344842737,0.0014030933380126953,0.0014030933380126953,0.6413447870185006,0.38871047578074713,0.0005300956666482484
255,0.030439239613711835,0.6952250654603656,0.6098659496718217,0.6937281878349641,0.7309561409804367,0.6952246393882171,0.9974001754413951,84.83419538627972,38.222821446982294,0.0015209804881702769,0.0015209804881702769,0.6400900702825641,0.3851484422656623,0.000528163752398095
256,0.030257461592555046,0.7020086047192001,0.6125166373110443,0.7131616537679708,0.7247080222859037,0.7020081661811628,0.9974747354334051,82.90193998813629,33.47967947613109,0.0012808279557661576,0.0012808279557661576,0.6379717227087398,0.38370150192217395,0.0005262310526550319
257,0.02975883936136961,0.6964004611380354,0.6048007196530656,0.6964376164229129,0.723967186207772,0.69640003009283,0.9972933639179576,84.65607584606518,39.10292132876136,0.0014894442124800248,0.0014894442124800248,0.6349879434670914,0.3712772936983542,0.0005242975638916167
258,0.0307475643530488,0.6947769682410638,0.608976515638714,0.6962465044620237,0.7250395256673484,0.6947765192864493,0.9974330555308949,80.21894745393233,39.539739803834394,0.0014174851504239168,0.0014174851504239168,0.639743984938832,0.4026713330637325,0.0005223632825500419
259,0.029826304867863654,0.7015465767321164,0.6138835145189584,0.6960317599289727,0.7500255591222245,0.7015461365862297,0.9973225810311057,86.5974145152352,39.32368911396373,0.0015928528525612571,0.0015928528525612571,0.647460804707159,0.3910297610881654,0.0005204282050417462
260,0.02992642045766115,0.6898449186585924,0.6075248461291782,0.6855673659486082,0.7117172321629531,0.6898444890764828,0.9972652522000399,87.97581048445268,40.25236827135086,0.0016596317291259766,0.0016596317291259766,0.6410861118178715,0.3888292976401069,0.000518492327747022
261,0.03002470298856497,0.6937871286122497,0.6105784105926273,0.7022592037912972,0.7056830127371042,0.6937866968696049,0.9973172057758678,87.30488987402482,40.08130097389221,0.0015418746254660866,0.0015418746254660866,0.6397895327757975,0.3903007632629438,0.000516555647014613
262,0.029757837511599064,0.7081435622588134,0.6233641736912112,0.7044436570209088,0.7402518678104072,0.7081431360831263,0.9974535812031139,100.07444563778964,33.50797554037788,0.0015022971413352273,0.0015022971413352273,0.6544538985921959,0.40403175658800383,0.0005146181591613082
263,0.028837750352919102,0.7047481608728724,0.6201685574332522,0.7086677112610169,0.7245563626698885,0.7047477277758389,0.9975248900326815,95.1137855052948,33.40352871743116,0.0014091838489879262,0.0014091838489879262,0.6468053441150748,0.40180247446352785,0.0005126798604715261
264,0.029192283503711225,0.703880575327574,0.6170058073166408,0.7021011510481924,0.7394994479420923,0.7038801534271346,0.9974566806446422,92.37167442928661,33.474076514894314,0.0014903762123801491,0.0014903762123801491,0.6467361062122191,0.3951457698236812,0.000510740747196894
265,0.028821438521146773,0.6947707390855223,0.6070290889102191,0.7015623202746075,0.7172081181257699,0.6947703152810895,0.9973484602841464,95.59396639737216,33.693659939549185,0.0014504519375887785,0.0014504519375887785,0.6344920366397921,0.37759941613132303,0.000508800815555818
266,0.029466222748160364,0.6938915959331936,0.6026338005168669,0.7004418270785311,0.718082257494304,0.6938911701807199,0.997341351075606,86.0398650819605,33.48370679400184,0.0014682683077725496,0.0014682683077725496,0.6311755725023844,0.36785899102687836,0.0005068600617330473
267,0.02863343944773078,0.6938088111559195,0.6063725275877453,0.6972482588090309,0.7156217404839065,0.6938083791386263,0.9973558295856823,82.48330736160278,33.409787286411635,0.0014903545379638672,0.0014903545379638672,0.6371048591648684,0.3781273297288201,0.0005049184818792296
268,0.028531352110207082,0.7052109244343433,0.6162864512827787,0.7000713867929461,0.751937311661996,0.7052105078474288,0.9974549250169233,87.48218087716536,33.49963324720209,0.0014666860753839667,0.0014666860753839667,0.6461757873122141,0.4002001065422188,0.0005029760721104597
269,0.029871592231094837,0.698044111075622,0.6088679616294435,0.7037812124399452,0.7221726099862029,0.6980436764742878,0.9974845322695646,94.57844651829113,38.36814095215364,0.0013851685957475142,0.0013851685957475142,0.6377189760731364,0.38837625221772626,0.0005010328285078191
270,0.030009671799838544,0.7020549658703173,0.6177649308648278,0.6968284773074637,0.7308400394296517,0.7020545420660788,0.9974844889207319,87.22102955254641,33.513386065309696,0.0014990893277254972,0.0014990893277254972,0.6472936697060835,0.4043901687995954,0.0004990887471169086
271,0.028419801265001297,0.7059392741213312,0.616873693598351,0.7014580350048077,0.7597197005426755,0.7059388402849961,0.9973800615830855,97.40316665172577,33.4634364084764,0.0015091896057128906,0.0015091896057128906,0.6479402933023679,0.39536858282305976,0.0004971438239473716
272,0.028125701665878296,0.707525502857507,0.6221399217176932,0.7069274352712717,0.7461372027075162,0.7075250814669366,0.9974834485487505,76.41758513450623,33.30335076288743,0.0014368187297474253,0.0014368187297474253,0.6484909434511792,0.40351989458907733,0.0004951980549724098
273,0.028974477134644985,0.7028491555559241,0.6138663470464212,0.7028869206872602,0.7420240534709671,0.7028487340378375,0.9973444938659668,86.7783513285897,33.384197148409754,0.0014944293282248757,0.0014944293282248757,0.6411928692435719,0.38643427955156023,0.0004932514361282894
274,0.02888414528593421,0.7038781758583091,0.6141711289206037,0.707234819684685,0.7501383575258344,0.7038777443919557,0.9973929578607733,87.45423396067186,33.35548815943978,0.0014525543559681285,0.0014525543559681285,0.6412498375297715,0.3854313794184815,0.0004913039633138389
275,0.02780040618404746,0.7012664187942925,0.6118081610512198,0.7002895262475555,0.7439972109867165,0.7012660097839466,0.997353120283647,83.27678359638561,33.37124358523976,0.0015053749084472656,0.0015053749084472656,0.6424392513214446,0.383671172471209,0.0004893556323899376
276,0.029084529288113118,0.7033305189427833,0.6147778345466167,0.7000805831381159,0.7494374875050113,0.703330102673032,0.9973819039084695,92.98142738775773,33.32507840069857,0.0015279813246293502,0.0015279813246293502,0.6430811831179942,0.3898395723239942,0.00048740643917899543
277,0.028283561892807483,0.7012284923759583,0.6130356650113591,0.7014710170941232,0.7437111337316721,0.7012280683372508,0.9973625269803134,86.39868290857835,33.38038903474808,0.0015469681132923472,0.0015469681132923472,0.6394943484731563,0.39707579277455807,0.00048545637946442196
278,0.028489639341831206,0.7039521263868936,0.6134194346397742,0.6998591912543467,0.7486801806484847,0.7039516871287789,0.9974003054878928,99.84002669291063,33.63521085544066,0.0014791922135786576,0.0014791922135786576,0.641452769206477,0.3729673231189901,0.0004835054489900874
279,0.028143684297800065,0.6990241187902139,0.6150527792688769,0.6934692806006124,0.740503524695412,0.6990236820103366,0.9974053773013029,76.34258350459012,33.64882737940008,0.0015453858809037642,0.0015453858809037642,0.6412100967245351,0.40234732831066305,0.0004815536434597723
280,0.02818002863228321,0.7024294596111453,0.6146367060728593,0.6994557533202478,0.7466227177601382,0.7024290363558972,0.9973848949779164,79.01610550013456,33.466387152671814,0.0015486153689297762,0.0015486153689297762,0.6397841982530239,0.3875721943649379,0.0004796009585366077
281,0.02710193395614624,0.7002183855193973,0.6112506294051745,0.7035705484566473,0.7348265074602995,0.7002179532058459,0.997338511727073,75.78233013369821,33.569281746040694,0.0014340010556307707,0.0014340010556307707,0.6385489414850863,0.37738169594244525,0.0004776473898425048
282,0.027462099850177765,0.6988727154575316,0.611596503644778,0.6942361287302746,0.741958960415261,0.6988722812808327,0.9973012100566517,72.82080999287692,33.50708685679869,0.0016460201957009056,0.0016460201957009056,0.639157928150036,0.38704822822050616,0.00047569293295757415
283,0.027332085900008678,0.6946476182016671,0.605654653927724,0.701817932299243,0.7181516420731152,0.6946471780035857,0.997323296286843,86.8237857276743,33.446531230753116,0.001413713801990856,0.001413713801990856,0.6314239385005542,0.3671455229209228,0.0004737375834195338
284,0.02757526930421591,0.6959642315891975,0.60880005847483,0.6988793862246934,0.719809555438744,0.6959638088857474,0.9973642826080322,84.06930088996887,38.43630616231398,0.0014613975178111684,0.0014613975178111684,0.6377451483620628,0.3866606205701828,0.0004717813367231056
285,0.026902732621878384,0.6977989170804565,0.609491561422898,0.6989588161875548,0.7311594901846626,0.6977984809571279,0.9973031607541171,77.49991916526447,33.55227406458421,0.0015306039289994674,0.0015306039289994674,0.6356630516556007,0.3872355878014456,0.00046982418831940226
286,0.027137696381658315,0.690600916668899,0.602570457923437,0.6999785204276768,0.7070929241183542,0.6906004821543569,0.9973198717290704,81.71398897604509,39.24006340720437,0.0014303164048628373,0.0014303164048628373,0.6319281923417954,0.37485007670792664,0.0004678661336153
287,0.02759569935128093,0.6986587559263729,0.6112165441513485,0.6965514279327332,0.7391383846149601,0.6986583319535499,0.9972987174987793,91.27131556380878,34.630839705467224,0.0016024979678067293,0.0016024979678067293,0.6334547519324009,0.3849631906910376,0.00046590716797280114
288,0.027001976042985917,0.6983053349493695,0.6092198139634099,0.7098696054379445,0.7118970906602123,0.6983049178327309,0.9974319284612482,88.75767409801483,33.49368090521205,0.0013511397621848366,0.0013511397621848366,0.6338108355571008,0.3781639462844892,0.00046394728670838385
289,0.02680118164420128,0.7027337396289141,0.6137996812630786,0.6936773360744095,0.7512245702204793,0.7027333212001029,0.9973670352589,92.54552850940011,33.452161913568325,0.0015871308066628196,0.0015871308066628196,0.6403320099793333,0.3860296585004438,0.0004619864850923394
290,0.026618299502879382,0.7014698878523301,0.613534380597147,0.6961405245185067,0.7419699492271651,0.7014694590206173,0.9973290616815741,89.40389513969421,33.48367137800563,0.0015708966688676314,0.0015708966688676314,0.6380777348670315,0.3887046098031781,0.0004600247583480966
291,0.026666990999132396,0.7014179339050519,0.6138229719881934,0.6988531778755125,0.7429750678877675,0.7014175080271464,0.9973121122880415,75.59481622956015,33.46116289767352,0.0015810402956875887,0.0015810402956875887,0.638188443871596,0.39020817049525003,0.00045806210165153324
292,0.0261939792111516,0.6981756437071834,0.6102800365759041,0.7062369828765704,0.7189422827962183,0.6981752222743076,0.997318527915261,71.02931555834684,33.52099551395936,0.0014303814281116831,0.0014303814281116831,0.6318901073867561,0.3748909299346534,0.0004560985101302735
293,0.027121559403836728,0.6979843306624322,0.610945797810491,0.7017660314664981,0.7187494366669932,0.6979839011011358,0.9974034049294211,74.29126928069375,33.49679644541307,0.0014312917535955255,0.0014312917535955255,0.6370300938049861,0.38434607637199486,0.00045413397886297295
294,0.025784484520554544,0.7009604724891982,0.6127841785979363,0.6939532384374565,0.7452325985922468,0.7009600507180627,0.9972959648479115,94.43216945908286,33.49350105090575,0.0016352913596413352,0.0016352913596413352,0.6403871446421942,0.3896188009530306,0.0004521685028785876
295,0.026503976095467806,0.6990353728495577,0.6081057736035476,0.7054001142132232,0.7273159490122449,0.6990349404937757,0.9973203268918124,81.21146354892038,33.555454600941054,0.0014339793812144887,0.0014339793812144887,0.6344824827743154,0.3770687503909523,0.0004502020771556299
296,0.026415322497487067,0.7021392108130731,0.6131672888506412,0.7047404746047493,0.7360972012718029,0.702138767831764,0.9973889480937611,93.00240736657923,33.43173344026912,0.0013925595716996627,0.0013925595716996627,0.63713601380666,0.3798916764896024,0.0004482346966214095
297,0.026176638502627612,0.6989273377785244,0.6123296449856279,0.691565900712241,0.7424472918296815,0.6989269012331792,0.9972802725705233,82.46212656931444,39.532001652500846,0.0015925494107333097,0.0015925494107333097,0.6381089006569131,0.39594260399991815,0.0004462663561512584
298,0.025781160343438386,0.6965268394924335,0.6065889807855854,0.7013641565469186,0.7240973259647198,0.696526407179563,0.9973221475427801,70.96210277080536,33.574403150515124,0.0014105276627974076,0.0014105276627974076,0.6313555033835159,0.370594658465548,0.0004442970505677413
299,0.025687812749296428,0.6996518844865601,0.6104122153165835,0.6997507643483748,0.7332267274826088,0.6996514545118605,0.9972960732199929,78.85394362969832,40.70043383403258,0.0015489621595902877,0.0015489621595902877,0.6347805449159668,0.3785701986740936,0.00044232677463984944
300,0.025922947484999896,0.6925787937660942,0.5988966268151477,0.6993678476417379,0.7201343702731221,0.6925783650950084,0.9972163547169078,96.21517718922009,39.43577339974317,0.0014494765888560903,0.0014494765888560903,0.625518620130606,0.3596970032561909,0.0004403555230821779
301,0.02654407401382923,0.6969218366575934,0.6086210221653041,0.687615966603765,0.7378104036279097,0.6969213913491683,0.9972039569507946,86.63901778784665,33.72815589471297,0.001785256645896218,0.001785256645896218,0.6372323084843546,0.3809739735654809,0.00043838329055408696
302,0.026744670674204826,0.6958708470277027,0.6035361657948196,0.7054579927777336,0.7216929077834304,0.6958704224195541,0.9972742254083807,85.68072500012137,38.91117180477489,0.0014398531480268998,0.0014398531480268998,0.6316663616453297,0.36623702401464636,0.00043641007165884534
303,0.025897605430334807,0.7014988848866774,0.6136848731486345,0.6907960495762784,0.7454858566959209,0.7014984606173091,0.9973049814050848,94.07529561086135,38.36934144930406,0.0016525658694180574,0.0016525658694180574,0.6381383343607674,0.39396924762563273,0.0004344358609427563
304,0.025675125017762184,0.7028291759774923,0.6145531927251837,0.7077092023846319,0.7320054358788926,0.7028287481517168,0.9974379972978071,86.70803826505488,33.48769730871374,0.0014048923145640981,0.0014048923145640981,0.6405981172098439,0.3838918703523549,0.0004324606528942658
305,0.025065186005085706,0.7019778690823283,0.6126066112820581,0.701478275819921,0.7415325982736328,0.701977441849412,0.9973797364668413,89.60518015514721,33.57073117386211,0.0014733184467662465,0.0014733184467662465,0.6402053580042609,0.3835255635732954,0.0004304844419430511
306,0.025887848787009716,0.7008518139002959,0.613827202648698,0.6946215280867399,0.7379334341128178,0.7008513875136899,0.9973111802881415,85.1048788807609,33.4218395894224,0.0016221566633744674,0.0016221566633744674,0.6417221798050874,0.3934159688651562,0.00042850722245909174
307,0.025141078364104032,0.6984367134060968,0.6101484912416731,0.6963502097217574,0.7276404184106134,0.698436290787756,0.9973125891251997,78.04407490383495,33.5144237279892,0.0015570683912797408,0.0015570683912797408,0.6351952684185975,0.37374759397723456,0.00042652898875171984
308,0.025347623836249115,0.7005204136846792,0.6122304562334684,0.7031747781876946,0.7242154054753218,0.7005199756981917,0.9974212863228538,75.56662224639545,33.486904588612646,0.0014098557558926668,0.0014098557558926668,0.6353045472854071,0.3853418043052608,0.00042454973506865094
309,0.024974417455494405,0.6988322079255753,0.6084978662256617,0.7046304151246493,0.7278297037648206,0.6988317656108517,0.9973826625130393,88.39113438129425,33.65252521905032,0.001395138827237216,0.001395138827237216,0.6341833508669713,0.36994622800160537,0.00042256945559499383
310,0.024863041628152133,0.6976010267707434,0.6112657450192439,0.6978983991483058,0.7194072877226229,0.6976005951821042,0.9974045753479004,98.51606219465083,33.500229206952184,0.0014928904446688566,0.0014928904446688566,0.6371759392575934,0.3896021124991504,0.0004205881444522394
311,0.025062600225210188,0.7000715224679772,0.6099889577804516,0.7057305787883315,0.7272440691549406,0.7000710832971623,0.9973803433504972,85.52095279910348,33.39792625470595,0.0014113512906161222,0.0014113512906161222,0.6344569177415864,0.3872478577223691,0.0004186057956972281
312,0.0249804667532444,0.6959929550593366,0.6045051834607144,0.699062463246118,0.7228850521556769,0.6959925353612317,0.997348590330644,94.29592857577585,33.42491819099946,0.0014531829140403054,0.0014531829140403054,0.634928691683771,0.37362123805690894,0.0004166224033210947
313,0.02517827532812953,0.7003598650169311,0.610159305738489,0.6990643356272358,0.7395719989866432,0.7003594429063402,0.9973676638169722,96.47403646599163,33.452901937744834,0.0015321428125554864,0.0015321428125554864,0.6350407942253778,0.3773872930217873,0.0004146379612481899
314,0.025107800863683225,0.7020402966829186,0.6118619684341617,0.703510086517781,0.7428187437948178,0.7020398609509523,0.9974011291157115,87.83433166417208,33.46673611077395,0.0014785419810901988,0.0014785419810901988,0.6347143228234596,0.3782731626521457,0.00041265246333497955
315,0.024996884346008302,0.7006147322033278,0.6103184138615192,0.7021916158264503,0.7412022604099051,0.7006142863326452,0.9973621801896528,86.59429164366288,33.35899531841278,0.0015007799321954901,0.0015007799321954901,0.6344087773613865,0.37026419592174614,0.00041066590336891814
316,0.024926946856081485,0.6977365776600147,0.607783801488536,0.6992427173959599,0.7341268965551122,0.6977361346256327,0.9973107684742321,99.5388385924426,33.46518017487092,0.0015374530445445669,0.0015374530445445669,0.6350939815850903,0.3746438908644698,0.0004086782750672989
317,0.0245111165009439,0.7025226005988027,0.6135158343822695,0.700392577172765,0.749870221934874,0.7025221650361676,0.9973330064253374,75.59743558276783,33.41981342163953,0.0015545975078235972,0.0015545975078235972,0.6398063140133506,0.38712379133159464,0.0004066895720760775
318,0.02432685387507081,0.698518058210214,0.6100565309268259,0.7016595243159504,0.7261774210499504,0.698517629495792,0.9973917657678778,90.26236152648926,33.398063984784216,0.0014645403081720526,0.0014645403081720526,0.6355841474565254,0.3811189198697155,0.00040469978796866976
319,0.02448600372299552,0.698221834556369,0.608331426861696,0.7043946762833829,0.7243359666741029,0.6982214020205323,0.9973806034434926,77.03611049868844,33.52925948121331,0.0014195442199707031,0.0014195442199707031,0.6302402127115453,0.36513737606054003,0.0004027089162447227
320,0.024251256041228773,0.6988166231365706,0.608504664724354,0.7024874578928575,0.7293991969305683,0.6988161913627251,0.9974045319990679,76.39089745824987,33.39491844719107,0.0014002106406471946,0.0014002106406471946,0.6320563692762252,0.3723365491764112,0.00040071695032885756
321,0.02391843819618225,0.695380303595977,0.6035318925701589,0.7129124178212475,0.7097627732648768,0.6953798616939987,0.9974377372048118,76.7743448452516,33.506228338588365,0.0012646588412198153,0.0012646588412198153,0.6234187111514818,0.36533308317038143,0.0003987238835693844
322,0.024370953634381295,0.6982117575296963,0.606121778048956,0.7031701195307754,0.7328555796041407,0.6982113217977299,0.9973691160028632,92.02951408516277,33.46531045436859,0.001422340219671076,0.001422340219671076,0.6293275163841993,0.355272971262986,0.00039672970923698735
323,0.023698749992996454,0.6991455082104288,0.6089540366718377,0.7091020505071025,0.7255207822996784,0.699145074468106,0.9973634806546298,80.06275114146146,38.7519547180696,0.0013631257143887606,0.0013631257143887606,0.6299241785405187,0.3748471381312067,0.0003947344205233804
324,0.023955135870724918,0.6978960690215569,0.6065907019126991,0.7075072005391121,0.7257138560102745,0.6978956320936877,0.9973690726540305,85.10573017597198,33.52269959449768,0.0013724240389737215,0.0013724240389737215,0.6294439027715271,0.37111994573338464,0.00039273801053993075
325,0.024163723286241293,0.6949623320463367,0.602985106810758,0.6885479673827913,0.7390119773759083,0.6949618907052685,0.9971681074662642,92.24302271279421,33.62389560179277,0.001693183725530451,0.001693183725530451,0.6305768488825627,0.37241580862213264,0.000390740472316252
326,0.024154848828911783,0.7044735260477121,0.6136807656254281,0.7037441154349257,0.7506027385084466,0.7044730810025199,0.9973692893981934,88.869490721009,33.66005207191814,0.001475182446566495,0.001475182446566495,0.6380281156307319,0.3759419531984763,0.0003887417987987635
327,0.023347313180565835,0.7010208418042484,0.6102927450344644,0.6999394876501438,0.7449812553399666,0.7010203969918869,0.9973685307936235,87.22189713608135,33.507141156630084,0.0014880570498379793,0.0014880570498379793,0.6337955981844888,0.3756575538692149,0.00038674198284921577
328,0.02388818808272481,0.704043810933151,0.6122295571999117,0.7049449560740455,0.7520590673031454,0.704043373465538,0.9973868240009655,81.28315531123768,33.37197356874292,0.0014569542624733665,0.0014569542624733665,0.6346093843656656,0.3579137365926396,0.0003847410172431821
329,0.0232352263815701,0.6994480665307492,0.6082123967988248,0.6992398176172917,0.7404200740751218,0.6994476299732924,0.997355352748524,76.86635252562436,33.43694971366362,0.0014684200286865234,0.0014684200286865234,0.6328947574868586,0.36880416406149213,0.00038273889466851373
330,0.02375428453460336,0.7012869505296376,0.6074955858163197,0.7140507567673922,0.7300859487784858,0.7012865116650407,0.9974455616690896,88.83096315644003,35.16177720915187,0.0012824318625710227,0.0012824318625710227,0.6299586173355981,0.3700876073403792,0.00038073560772375803
331,0.023687247321009637,0.6994612539525736,0.607188581510193,0.6978148310021921,0.7507269133136354,0.6994608236815442,0.9972612857818604,82.02054072510113,33.49026741222902,0.0015727389942515981,0.0015727389942515981,0.6329427212516417,0.35669830204410985,0.0003787311489165393
332,0.02310141550004482,0.7033266468312253,0.6126709540205245,0.7008380553769794,0.7479107824831523,0.7033261957324364,0.9973973144184459,81.31891015442935,38.31382220441645,0.0014958381652832031,0.0014958381652832031,0.6367965076338309,0.36955725570971315,0.0003767255106619003
333,0.02307760350033641,0.7022864957848056,0.6105106518476863,0.7128942294088616,0.7303220353258605,0.7022860434583642,0.9974775531075217,78.84743576700038,33.44253813136708,0.0012605407021262429,0.0012605407021262429,0.6309819317089436,0.3739368873225017,0.0003747186852806031
334,0.023019855245947837,0.7010962939821184,0.6105245138751343,0.6969901707594875,0.7481205647557296,0.7010958637110889,0.9973267641934481,71.63272247531198,33.50421563603661,0.0015369545329700816,0.0015369545329700816,0.6369426788614047,0.3769978007132357,0.00037271066499738924
335,0.02361711599305272,0.7045746717432683,0.613832220858471,0.6962262604131617,0.7625273921188306,0.7045742261477492,0.99735426902771,85.52057557756251,33.52910091118379,0.0015718720176003196,0.0015718720176003196,0.6391436471603811,0.38099310987375,0.00037070144193919653
336,0.023068385545164348,0.7019582000714515,0.6122072068359227,0.7041807926322111,0.7369648342401806,0.701957755084467,0.9974243857643821,87.654108914462,33.38910412788391,0.001371622085571289,0.001371622085571289,0.6369318980132448,0.3859771376645023,0.00036869100813333194
337,0.023636921260505914,0.700607918605039,0.6098852629074827,0.6975615964779123,0.7438583564944565,0.7006074627438053,0.9973169023340399,96.2921649867838,33.354044979268856,0.0015008883042768998,0.0015008883042768998,0.6336560439164962,0.38497064262628555,0.00036667935550559937
338,0.02324597364664078,0.6998988117345355,0.6079087770670991,0.7085575912655755,0.7365083387544886,0.6998983595350926,0.9973868023265492,95.43091757731004,33.5226196159016,0.0013120607896284623,0.0013120607896284623,0.6336260785081488,0.3738048891113563,0.00036466647587838003
339,0.02290272977948189,0.6991585842545398,0.6082949639742516,0.7085012655218386,0.7256856169551611,0.6991581328805875,0.9974042719060724,78.84190068461679,33.39634398438714,0.0013172409751198509,0.0013172409751198509,0.6300868497802928,0.3680835874243216,0.0003626523609686652
340,0.022164381228387355,0.7023317901184782,0.6111798162296922,0.696896454679187,0.7511905826712874,0.7023313551696695,0.9973194815895774,84.36172622984105,33.47965464808724,0.0015655214136297052,0.0015655214136297052,0.6357594189394976,0.3769801997325637,0.00036063700238603866
341,0.022711107987910508,0.697882280304012,0.6062652139543471,0.7061408760385927,0.7257645821664482,0.6978818611241877,0.9973925026980314,70.49893519011411,33.409679011865094,0.0013663768768310547,0.0013663768768310547,0.6301284783160306,0.3639752698892897,0.0003586203916306077
342,0.022140147015452385,0.6991346216421913,0.6090227054453201,0.7091958857808177,0.7182501298798756,0.6991341858890585,0.997419769113714,85.64568544517864,33.33423078602011,0.0013169592077081854,0.0013169592077081854,0.6327149370604688,0.37586838684298773,0.0003566025200908819
343,0.02302271209284663,0.7006864903219552,0.6103911537475969,0.7066531885753978,0.7302625181407414,0.7006860525262627,0.9973989833484996,79.75729672475295,33.3689284324646,0.0013816356658935547,0.0013816356658935547,0.6341247987253485,0.3767501361329447,0.0003545833790415959
344,0.022521179597824813,0.7003070631022141,0.6110174141623165,0.699418143094094,0.7431395828131248,0.7003066401547667,0.9972813129425049,89.00537023761056,33.355209014632486,0.0016025196422230113,0.0016025196422230113,0.6364762392663992,0.38209373876452446,0.0003525629596414768
345,0.022231037188321354,0.7008539447560906,0.608405245997181,0.7068672856442969,0.7375403955494139,0.7008535130034116,0.997385480187156,81.21464591676539,33.331443732435055,0.0013840198516845703,0.0013840198516845703,0.6332008004339348,0.36169582402164285,0.0003505412529309526
346,0.022317440636456014,0.6995439750068798,0.6080968510243596,0.7016718443587368,0.7322853643518016,0.6995435360480975,0.9973441687497225,81.06686609441584,33.291485417972915,0.0014730583537708628,0.0014730583537708628,0.6337944671161234,0.3689140457321297,0.0003485182498298004
347,0.021948612153530122,0.7029640952717852,0.6115713463037867,0.7007757079025562,0.7488919230262664,0.702963646670634,0.9973540306091309,106.28004140203649,33.31435535712676,0.0014879920265891335,0.0014879920265891335,0.6353547744616993,0.36991781047122047,0.0003464939411347329
348,0.02185406120494008,0.6999517627145079,0.6082889431643046,0.7025684775488282,0.7383826044388115,0.6999513266650452,0.9973591674457897,106.08537605675784,33.377519862218335,0.0014595768668434837,0.0014595768668434837,0.6316141187059905,0.3609620204026049,0.0003444683175169201
349,0.022398986253887414,0.7033129753121599,0.6115748912879181,0.7083037654678761,0.745164100504057,0.7033125425011597,0.9973900101401589,84.5126748085022,33.66631105271253,0.001397848129272461,0.001397848129272461,0.6365600477196991,0.36617272279479285,0.00034244136951944463
350,0.022120903234928848,0.7019864408807321,0.6108620228161189,0.7020803342615678,0.7400409196164798,0.7019860020161353,0.9974057891152122,80.06354918263175,34.98401111906225,0.0014427575198086824,0.0014427575198086824,0.6339490131186639,0.371325416659767,0.0003404130875546888
351,0.02195868906378746,0.7021133483556862,0.6117281944448636,0.6996777071194216,0.7447074146687307,0.7021128983152184,0.9973948001861572,95.43689824234356,33.31317883729935,0.0014582113786177201,0.0014582113786177201,0.6333736092611534,0.37177113138816575,0.0003383834619016499
352,0.021980910774320364,0.7049703221260146,0.6140916891480711,0.6963301645591855,0.7639944866214964,0.7049698692915792,0.9973725188862194,73.15316795219074,33.484891111200504,0.0015834028070623224,0.0015834028070623224,0.6372716315084042,0.3882733539424159,0.00033635248270318287
353,0.021947562340646983,0.7007254225371237,0.6100342383777554,0.6951917881484736,0.7485701649195768,0.7007249915464357,0.99729999628934,82.47578540715304,33.236451560800724,0.0016001137820157137,0.0016001137820157137,0.6331935180642176,0.37382697043093766,0.0003343201399631669
354,0.021789383228868246,0.6985326382670213,0.6071225729220632,0.7000040749765255,0.7336228511465545,0.6985321947458115,0.9973069537769664,81.63804769515991,33.31000596284866,0.0015003464438698509,0.0015003464438698509,0.629105458345624,0.36324607411568816,0.0003322864235435932
355,0.021767951611429453,0.7032308621406131,0.6143243001583456,0.6970045336373997,0.7485771167346023,0.70323042223357,0.9973688342354514,81.03598363832994,33.26193335923281,0.0015778758309104226,0.0015778758309104226,0.6350179008442699,0.38483205810189247,0.00033025132316157177
356,0.022639701060950757,0.7041320732202042,0.6133540147777901,0.7040856388418681,0.7478777605786242,0.704131639255634,0.997390400279652,81.98059662905607,33.34295918182893,0.001450733705000444,0.001450733705000444,0.6375486819501517,0.38002379170872946,0.00032821482838625376
357,0.02171658705547452,0.7025661077773706,0.6117485473249954,0.7020329048603096,0.7466991416347976,0.7025656673887913,0.9973645643754439,80.03106480295008,33.32667910510843,0.00146053054115989,0.00146053054115989,0.6349463263372441,0.382378307425163,0.0003261769286356675
358,0.02131823170930147,0.7048456121066754,0.6137621269180354,0.706720751255158,0.744939134286886,0.704845167400146,0.9974342692982067,85.0018721927296,33.342331832105465,0.0013877261768687856,0.0013877261768687856,0.6342014776015606,0.36932868883013725,0.0003241376131734635
359,0.02131586307659745,0.7058064771223475,0.6171503577444871,0.704731518720192,0.746520206543871,0.7058060529895804,0.9974286122755571,78.04038874669509,33.22201449220831,0.0014844807711514559,0.0014844807711514559,0.6386602073851629,0.3942312188446522,0.00032209687110556687
360,0.021997983288019895,0.7060638251714408,0.6153072591405362,0.7006403603591025,0.761491921603341,0.7060633988373659,0.9973811669783159,86.23730387470938,33.40226072072983,0.0015332048589533026,0.0015332048589533026,0.6377115663814369,0.370568542487242,0.00032005469137673224
361,0.021431030936539173,0.7019321273429305,0.613719543832556,0.6991496906633689,0.7401925266875875,0.7019316935488974,0.9973791946064342,81.39302530071951,33.23354536836798,0.0015338767658580434,0.0015338767658580434,0.6360429605073766,0.38340678269212897,0.0003180110627669995
362,0.021104557387530802,0.6981495397522394,0.6050488074751765,0.7072758062601555,0.7309481632712626,0.6981491101906283,0.9973476800051603,81.98391215367751,33.30630240115252,0.0013916275717995384,0.0013916275717995384,0.6268668919603276,0.35503402098336,0.00031596597388804456
363,0.02124873360618949,0.7001122313747394,0.6100321673624091,0.6906400170595258,0.7537991345479068,0.7001117855754935,0.9972812912680886,96.22835783524947,33.28267669135874,0.0016686049374667082,0.0016686049374667082,0.6336714765381078,0.37056555124846374,0.0003139194131794234
364,0.021057134181261063,0.7000071616758677,0.6090986742108891,0.7053783815248277,0.7377486880022016,0.7000067342411388,0.9973401373082941,78.41511411016637,33.40100713751533,0.0014583847739479759,0.0014583847739479759,0.6311469196205673,0.36326588927344844,0.00031187136890470395
365,0.020493120513856412,0.7010053162759339,0.6099565144554204,0.702047222780741,0.7414488476193086,0.7010048724583943,0.9973898367448286,87.51434390111403,33.445639209313825,0.001443602822043679,0.001443602822043679,0.6316444071909989,0.36125691048800945,0.00030982182914748223
366,0.020302612096071242,0.7012426950663445,0.612878516624541,0.6965292000596954,0.7337147114615284,0.7012422533537174,0.9973623102361505,89.19728757034649,33.76899604363875,0.0015425248579545455,0.0015425248579545455,0.6350488141046795,0.37910145859826694,0.0003077707818072785
367,0.021168902963399888,0.6986560559916225,0.6053545388012108,0.707037549529394,0.734741691923277,0.6986556148410521,0.9973666667938232,87.72326290607452,33.29230372472243,0.0014000589197332208,0.0014000589197332208,0.6263064254612387,0.35387592000717466,0.0003057182145953083
368,0.021196727272123097,0.7016598840498112,0.609763767210428,0.6993523804174567,0.7489175255918368,0.7016594442962245,0.997369874607433,87.75525968725032,33.2946451252157,0.0015110536055131392,0.0015110536055131392,0.6317262196283661,0.36655488779599016,0.00030366411503012506
369,0.020742043752223254,0.6985143707768823,0.6064516654534434,0.6976248336828906,0.7424589728259228,0.6985139317852869,0.9973134344274347,85.73487816073678,33.41466931863265,0.0015404224395751953,0.0015404224395751953,0.6286765019322047,0.3687812906097282,0.00030160847043312673
370,0.020626645270735024,0.6997216967442497,0.6078083046965979,0.7024924601851539,0.7431516990658235,0.6997212578373199,0.9973552227020264,88.20868769558993,33.320651997219436,0.0015043562108820136,0.0015043562108820136,0.6286610702743267,0.36658440191637387,0.00029955126792392453
371,0.02073086939752102,0.7001728458668698,0.6083989348050884,0.7017018921165303,0.7461804962209002,0.7001724070446058,0.9973285414955833,106.88863545114344,33.285695151849225,0.0015076940709894354,0.0015076940709894354,0.6303175782417053,0.36854138801043684,0.00029749249441556524
372,0.02040964785963297,0.7017719666473567,0.6101411408321424,0.6999763923019848,0.7522878146899695,0.7017715202898465,0.9973463578657671,90.17453101548281,33.18223564191298,0.0015156052329323509,0.0015156052329323509,0.6317289810527158,0.37832985852252354,0.00029543213660960366
373,0.02015851018950343,0.7012346520681273,0.6090213402005081,0.7033922536383298,0.7450298847715285,0.7012342190031301,0.9973931095816873,90.98434107953852,33.29590374773199,0.0014271085912531073,0.0014271085912531073,0.6296005720465804,0.3604506208476695,0.00029337018099101795
374,0.02035446520522237,0.6974036208226938,0.6060234836133366,0.706168738543056,0.725687403020195,0.6974031961819326,0.9973936947909269,81.41019619594921,33.25471621209925,0.0013908472928133879,0.0013908472928133879,0.6261133789230371,0.36289860934696416,0.00029130661382296226
375,0.020106340304017065,0.7007164995778691,0.6095188186419281,0.7049424345181747,0.7401699052530933,0.7007160808637061,0.9974095604636453,89.53274104811929,33.314429510723464,0.001404848965731534,0.001404848965731534,0.6294743592562472,0.36473521319302643,0.0002892414211413496
376,0.020237640246748925,0.6993558672045104,0.6074853646780618,0.7018499431538988,0.7361515998755667,0.6993554389231246,0.9973974227905273,83.14289434389634,33.32353557239879,0.00141464580189098,0.00141464580189098,0.6269901888683141,0.3592559358274395,0.0002871745887492587
377,0.020051352713257073,0.7037643664939837,0.6146775114942681,0.6975291168571196,0.7536247612654485,0.703763938466595,0.997403318231756,105.35652297193354,33.3647184046832,0.0015729990872469816,0.0015729990872469816,0.6354995564113117,0.3843018548055129,0.0002851061022111573
378,0.020489948634058237,0.7006278520619328,0.6090431001714685,0.7023381625556133,0.7411525941623206,0.7006274108690295,0.9973905736749823,96.48009132255207,33.39709075472572,0.0014234672893177378,0.0014234672893177378,0.6289438294916181,0.3677594116465612,0.00028303594684693387
379,0.02017218019813299,0.6986557623710145,0.6050209446005862,0.7059941829012876,0.7382288972677832,0.6986553273587064,0.997397552837025,83.99909695712003,33.31012494455684,0.0013636459003795278,0.0013636459003795278,0.6226475085892492,0.345502714372494,0.00028096410772573076
380,0.02001392374560237,0.6974963985637508,0.6052080504384569,0.7033576049672609,0.7319321322085505,0.6974959509362552,0.9973869323730469,100.51198008927432,33.29891778122295,0.0013908689672296698,0.0013908689672296698,0.6236335781603967,0.35809736800464714,0.0002788905696595702
381,0.019980929017066957,0.6998585855418985,0.6078135355968367,0.7084630373442038,0.7329635548574681,0.6998581617689607,0.9974239089272239,86.02420595559207,33.26405559886586,0.001353198831731623,0.001353198831731623,0.6262654719896752,0.36277964287860825,0.0002768153171967635
382,0.02066467109695077,0.6999083823651414,0.6104096567512236,0.6980276320933957,0.740301183975217,0.6999079480301589,0.9973817088387229,85.33637117255817,33.35603594779968,0.001509579745205966,0.001509579745205966,0.6298434464823169,0.37782472067258577,0.0002747383346150956
383,0.020162664964795112,0.7017278791913255,0.61203803232109,0.6981259243435819,0.7434418881735341,0.7017274471846494,0.9974230636249889,95.80022549629211,33.38228558410298,0.0014950145374644887,0.0014950145374644887,0.6297537478980799,0.3714812977070158,0.00027265960591477443
384,0.020001701854169367,0.6994237002323974,0.6073341624366797,0.7059583862269805,0.7326494133184579,0.6994232632516121,0.997393933209506,76.42421365867962,33.48688932982358,0.0013909773393110795,0.0013909773393110795,0.62450585137677,0.35015699944712897,0.0002705791148111353
385,0.019415061708539724,0.6993727237409488,0.607856277312914,0.703650051431561,0.7337289470755919,0.6993722836486995,0.9973771355368874,78.06727921962738,33.42501014471054,0.0014094872908158736,0.0014094872908158736,0.6249783566454425,0.3548974787647074,0.000268496844727089
386,0.019529980450868605,0.6997362596448511,0.6086806132013656,0.700426149848764,0.7382703810845587,0.6997358161871406,0.9973736893046986,78.66331643407995,33.39442711526697,0.0014862147244540129,0.0014862147244540129,0.6270078078384607,0.35533076084472914,0.0002664127787853039
387,0.019813770841807125,0.7000334596377797,0.6098496422796003,0.7027708134079479,0.7333339928988029,0.7000330097348937,0.9974112944169478,77.15221824429251,33.27142325314608,0.0014117631045254793,0.0014117631045254793,0.6270943739146705,0.36342739821834996,0.000264326899800108
388,0.019390104800462722,0.7011273541826416,0.6099070254078304,0.7010652598162944,0.7451319160278548,0.7011269371194596,0.9973743178627708,79.25869980725375,33.408431519161574,0.0014769380742853339,0.0014769380742853339,0.6280081722017546,0.36293546990914777,0.00026223919026910044
389,0.02000431542098522,0.7004793421365321,0.609204626917331,0.6988951514517381,0.7457518727433953,0.7004788942550394,0.9973241632634943,87.55752938443965,33.37255535884337,0.001542199741710316,0.001542199741710316,0.6288278675042833,0.36404933340170165,0.0002601496323644581
390,0.01980014018341899,0.6990591618232429,0.6083377801008861,0.703825287097557,0.7321552635085854,0.6990587334148586,0.9973937598141757,88.2503214749423,33.27126185460524,0.0014267834750088778,0.0014267834750088778,0.6257463007509201,0.35966628248041327,0.0002580582079239239
391,0.019319658111780883,0.7020114692859352,0.6105908324349333,0.6998462168161165,0.750733954789625,0.7020110321146521,0.9973817738619718,94.8642241304571,33.452289976856925,0.0015004114671186967,0.0015004114671186967,0.6283644154464127,0.3635629872706803,0.00025596489844146203
392,0.01924217817559838,0.7006098684346811,0.6087627537675541,0.7038167178292166,0.7432809798470275,0.7006094283847646,0.9973426732149991,93.62903984026475,33.38869134946303,0.0014775883067737925,0.0014775883067737925,0.6262807448259661,0.35870718431066384,0.0002538696850575648
393,0.019283067684620618,0.6999297213147987,0.6086122874720868,0.7049000662836161,0.735901903107085,0.6999292910014364,0.9973716085607355,84.30084060538898,33.51425031640313,0.001446398821744052,0.001446398821744052,0.6262003439094935,0.3626218309456652,0.00025177254854919455
394,0.019177716083824636,0.6997641400349411,0.607154821109196,0.7015803103250536,0.7418723628771576,0.6997637016360055,0.9973468347029253,91.16362180493094,33.25618974729018,0.0014723864468661222,0.0014723864468661222,0.6258866031315516,0.36156112395904283,0.00024967346931934365
395,0.019266619924455882,0.7000117036090656,0.6080428732940081,0.7053102645811371,0.7358091941780665,0.7000112645328045,0.9973650195381858,88.01761483062397,33.484996037049726,0.0014281923120672052,0.0014281923120672052,0.6262887665017677,0.36204651912504976,0.00024757242738619403
396,0.019143302127718927,0.699661430098455,0.6070582193999805,0.7048888610337268,0.7373195159333673,0.6996609820476309,0.99737210707231,77.41316177628256,33.35552506555211,0.0014187422665682707,0.0014187422665682707,0.625410576390674,0.3573285483501174,0.00024546940237185757
397,0.019203129965811968,0.6995304554954849,0.6066219199194827,0.7047899496233598,0.7377367365935986,0.6995300193825229,0.9973604028875177,80.34704858606511,33.644936762072824,0.0014182220805775035,0.0014182220805775035,0.625101391081857,0.3610708068378947,0.0002433643734906761
398,0.019382357874885202,0.7013622780161147,0.6069402399642224,0.708256936547431,0.7436819341541692,0.7013618416068229,0.9973723671653054,86.95263055237857,33.233426874334164,0.0014081001281738281,0.0014081001281738281,0.6250717686132041,0.353318014266816,0.00024125731953706037
399,0.018970674108713864,0.7010701511647891,0.6094734473153949,0.7026066016405821,0.7413783964954994,0.7010697029023008,0.9973762902346525,87.45090975544669,34.11346791007302,0.001448457891290838,0.001448457891290838,0.6265500924452102,0.35934387773952703,0.00023914821887284436
400,0.01932927054166794,0.6994074554267254,0.608490610410544,0.70622369824824,0.7302286554635926,0.6994070283306594,0.9973867806521329,85.21114751425657,33.44528683207252,0.0014030499891801314,0.0014030499891801314,0.6263658642498988,0.3628485808995637,0.00023703704941413096
401,0.018861391983926296,0.6999253256839107,0.6082490651698952,0.7027673974463885,0.7382540626197376,0.6999248865653168,0.9973662333054976,92.57131884314798,33.401467182419516,0.0014655590057373047,0.0014655590057373047,0.6262251841465265,0.3619796714999459,0.00023492378861760376
402,0.018817144252359867,0.7007959741591052,0.6084901324515655,0.7058935940096324,0.738508717326278,0.7007955438457429,0.9973869323730469,96.32018121806058,33.26695355502042,0.0014102025465531783,0.0014102025465531783,0.6270186850054994,0.3622600923884999,0.00023280841346627672
403,0.01879396801814437,0.7005929865620353,0.6081564712592147,0.7046388203108852,0.7392970713871446,0.7005925528197126,0.9973770054903898,103.97645379196514,33.25551559708335,0.0014286258003928444,0.0014286258003928444,0.6266234400814441,0.3621873350983316,0.0002306909004546538
404,0.01864617935195565,0.7015169593928889,0.6097029440358959,0.7025552807291123,0.7453625934537161,0.7015165284022011,0.9973814487457275,100.28732041879134,33.29137085242705,0.0014608339829878373,0.0014608339829878373,0.6290102460162333,0.3635932071642442,0.00022857122557326718
405,0.01829926735907793,0.701263836119324,0.609096493339166,0.7069782391190529,0.7390673147853125,0.7012633870525117,0.9974034266038374,88.10619616508484,33.241743104024366,0.0013975013386119497,0.0013975013386119497,0.6273423989544178,0.3584617137570273,0.00022644936429256138
406,0.018090468868613242,0.7013109842823311,0.608904931736602,0.7048436929048463,0.7421369699083946,0.7013105448674072,0.997360576282848,86.48939923806624,33.26685587384484,0.0014625245874578302,0.0014625245874578302,0.6275614859676518,0.36241338232701475,0.0002243252915460891
407,0.018343403827399015,0.7031105204316025,0.6089281173930927,0.7099324757741257,0.7503972691060468,0.7031100808896802,0.9973817305131392,91.20747596567327,33.27043322541497,0.0013837597586891868,0.0013837597586891868,0.6277244038170796,0.34973354993218725,0.00022219898171298088
408,0.01813269499130547,0.7022980748337101,0.6101578985002231,0.7054616252214394,0.7446989560161125,0.7022976328788156,0.9973736242814497,87.12321151386608,33.31144797260111,0.0014483711936257102,0.0014483711936257102,0.6291036267820428,0.36322924731807277,0.00022007040859965013
409,0.01892835009843111,0.7011267116970636,0.6100275722670961,0.7020725106439468,0.7402461978437548,0.701126265868714,0.9973639141429554,92.65679129687223,33.33048236911947,0.0014826817946000533,0.0014826817946000533,0.6299262277647028,0.36330562169578945,0.0002179395454206905
410,0.01900354185514152,0.702576413877647,0.6108984719665552,0.7040799672884698,0.7442331599410285,0.7025759683667936,0.9973742745139382,87.4718731099909,33.345644891262054,0.0014764395627108488,0.0014764395627108488,0.6310120096829699,0.3606874490664764,0.00021580636477892232
411,0.018757889127358793,0.6986274993131784,0.6064429726155306,0.7021136332345619,0.7350156538781117,0.6986270571889525,0.9973358457738702,86.09283846074885,33.364951529286124,0.0014708909121426668,0.0014708909121426668,0.625509868000253,0.3516220858489925,0.0002136708386445385
412,0.018615755915641786,0.6996866962449118,0.6087959015699611,0.7015301048416983,0.7382299650714479,0.6996862630952488,0.9973462711681019,83.12365195967935,33.23783610625701,0.0014932372353293679,0.0014932372353293679,0.6300618625563484,0.36862145245752553,0.00021153293833330034
413,0.01843306036479771,0.7000090910375796,0.6085068311605771,0.7045270153744654,0.7364145769229666,0.700008651686155,0.9973691593516957,100.76752318035473,33.39821797609329,0.0014378157528963957,0.0014378157528963957,0.6286557238265893,0.3633641465143724,0.0002093926344837281
414,0.01778385453671217,0.7018624028529633,0.6095275297887962,0.7057212623344227,0.74280618685721,0.7018619655970145,0.997389164837924,81.9524649923498,33.31959928707643,0.0014224485917524858,0.0014224485917524858,0.6279199455814457,0.35904069735922595,0.0002072498970332279
415,0.018078159660100936,0.7010009647982026,0.6098485489333556,0.7063129336509685,0.7366174772297117,0.7010005337863483,0.9973834427920255,78.8660503950986,33.498895119537,0.0014345212416215377,0.0014345212416215377,0.6274396273031677,0.35546613061292603,0.00020510469519309334
416,0.018317394845187664,0.7019806442866948,0.6102411425037478,0.7021937280131335,0.7454971509816294,0.7019802090627226,0.9973677938634699,91.4307568506761,33.40464887293902,0.0014721480282870207,0.0014721480282870207,0.6295613047682722,0.36300594004040415,0.00020295699742231397
417,0.017854733223095536,0.7010961871551857,0.6088325506266714,0.7066170767542314,0.7370420166883956,0.7010957576461475,0.9973854585127397,81.10550399260087,33.31273754618385,0.0014044588262384589,0.0014044588262384589,0.6272083229163069,0.3586532971398397,0.0002008067714001198
418,0.017831736413761973,0.6983120439346583,0.6069377514253244,0.7006791528970511,0.7336729164446958,0.6983115991619839,0.9973308606581255,86.68456107919866,33.333425505594775,0.0014876018870960581,0.0014876018870960581,0.626027317829622,0.3584496509283781,0.0001986539839971847
419,0.01804408576339483,0.7003773175264624,0.6087643211199478,0.7038474958919158,0.7370473696342246,0.7003768839534711,0.9973732558163729,83.45903827927329,33.3351116342978,0.0014438412406227806,0.0014438412406227806,0.6275757321239904,0.3590955617414279,0.00019649860124540636
420,0.017683095451444388,0.6994345703582936,0.6086608130023127,0.7024517789580965,0.732100436866114,0.6994341329316905,0.9973665367473256,87.01823657209223,33.35347314856269,0.0014571276578036222,0.0014571276578036222,0.6271459948780334,0.36258047819137573,0.00019434058830617405
421,0.018100149421021342,0.6998843533113938,0.6093975185543637,0.7012216588376429,0.7362584994513203,0.6998839049219069,0.9973446889357134,93.31704219904813,33.27004193717783,0.0015130910006436434,0.0015130910006436434,0.6288560878363735,0.36306955106556416,0.00019217990943702903
422,0.01738013894110918,0.7015544209121303,0.6100626207083802,0.7054462080122903,0.7373355058953166,0.7015539819840342,0.9973907470703125,85.97454625909978,33.2977722232992,0.0014126951044256036,0.0014126951044256036,0.6282308682917077,0.3590035961771553,0.00019001652795661513
423,0.0176290486138314,0.7008127283770591,0.6096452004276216,0.7037393508838828,0.7375497975048017,0.7008122953967276,0.9973682923750444,80.14779509197582,33.30403017455881,0.0014483711936257102,0.0014483711936257102,0.6282634217158457,0.35924832184206357,0.0001878504062078088
424,0.0179041615948081,0.7008624586107378,0.6088121743788096,0.7028673724271357,0.7438254808075726,0.7008620237254284,0.9973510178652677,84.2415434663946,33.36590730602091,0.0014884255149147727,0.0014884255149147727,0.6264923979443583,0.3620967771857977,0.00018568150551890957
425,0.01799580742791295,0.6998444759202275,0.6069746387021785,0.7072676614942875,0.7339862796308642,0.6998440396379341,0.9973951253024015,82.26163580200888,33.17656450921839,0.0013944452459161932,0.0013944452459161932,0.6245676417880035,0.35758655196563766,0.00018350978616276273
426,0.01742615043744445,0.6990449560636823,0.6074732519601557,0.7031910387714478,0.7341866999102588,0.699044512457807,0.9973744262348522,85.58899825269526,33.2312021038749,0.0014384876598011363,0.0014384876598011363,0.6245725770396265,0.35450113090601837,0.00018133520731367455
427,0.01791244186833501,0.6991856878369369,0.6074515796393495,0.7037817482963543,0.7336573019115762,0.6991852428552441,0.9973536621440541,83.63216924667358,33.36164349317551,0.0014513405886563387,0.0014513405886563387,0.6258935003649888,0.3582095107571645,0.00017915772700197077
428,0.017481578743085265,0.6965116387952797,0.6047237082490359,0.7027898361715912,0.7261219885708257,0.6965112017721615,0.9973248785192316,87.56257165562023,33.27036979523572,0.0014631314711137252,0.0014631314711137252,0.6222244191647571,0.3532088715583086,0.000176977302066035
429,0.01726888992637396,0.697470924880525,0.6051977924547497,0.702581314089581,0.7299001090313223,0.6974704911487855,0.9973513213070956,86.56721992926164,33.250401041724466,0.0014634132385253906,0.0014634132385253906,0.623332034672289,0.35386908223683183,0.00017479388810165137
430,0.017703010350465776,0.6979822061998262,0.6062311103609814,0.7039436067518016,0.7308495167896829,0.6979817583183334,0.9973346320065585,72.3139207796617,33.23382371664047,0.0014492815191095526,0.0014492815191095526,0.6233033288160434,0.35419240898706694,0.00017260743940845976
431,0.01781828662753105,0.6974138143387708,0.6056680750017139,0.7017586431889371,0.7283764477734539,0.6974133743735199,0.9973407008431174,86.64111050692472,33.21775207194415,0.0014402649619362571,0.0014402649619362571,0.6230121059025723,0.3539605877277526,0.00017041790893331673
432,0.017449638014659284,0.6983221587619152,0.6066794248498891,0.7037100909933955,0.7304027508944273,0.6983217093458568,0.9973680973052979,71.04946702176875,33.34370304779573,0.0014183738014914773,0.0014183738014914773,0.6242546606230132,0.36545943282544613,0.00016822524821033595
433,0.017705790407955647,0.697384859519926,0.6054184115068479,0.7063396528405561,0.725144571413032,0.697384430624714,0.9973768104206432,84.08957934379578,33.2613722356883,0.0013801618055863814,0.0013801618055863814,0.6219580052569323,0.35687900165265257,0.00016602940729736244
434,0.017351413581520318,0.6964608410119333,0.6037451977397061,0.7020359432049603,0.7288233814761043,0.6964604108467359,0.9973271543329413,77.45096718181263,33.445399874990635,0.0014473308216441762,0.0014473308216441762,0.6203814708840748,0.3522252222015099,0.00016383033470861356
435,0.017227804383262994,0.6971242093925618,0.6070410166337917,0.6954910730128177,0.7321329559199512,0.6971237629398026,0.9973141063343395,86.80479344454679,33.382027718153864,0.0015360875563188033,0.0015360875563188033,0.6239678225498541,0.36015810106288304,0.0001616279773431937
436,0.017146962551400066,0.6991548039315437,0.6068274487254464,0.7028117482232946,0.736305163749917,0.6991543569813736,0.9973662549799139,85.40733044797724,33.37681291320107,0.0014341527765447443,0.0014341527765447443,0.6247727941580788,0.3619601609693332,0.00015942228040916463
437,0.017543464517220855,0.6992400480243801,0.6070336644188501,0.7049500858569941,0.7342016610994258,0.699239604439671,0.9973512346094305,81.53703435984525,33.491956347768955,0.001428864218971946,0.001428864218971946,0.6233397313856337,0.3575887034901164,0.00015721318734282117
438,0.017129562662914394,0.6970393115188926,0.603761655088006,0.7020531550197947,0.734031027902595,0.6970388708974827,0.9973075173117898,83.10945248603821,33.4086389541626,0.0014805360273881392,0.0014805360273881392,0.6216209420199448,0.3561033540489999,0.0001550006397227912
439,0.017210727846249937,0.6966626711655408,0.6025670818899843,0.7058142215881328,0.7304600722325797,0.6966622319622812,0.9973017952658914,85.1915594664487,33.40898874131116,0.0014274987307461824,0.0014274987307461824,0.6204677858807951,0.3550804814493114,0.0001527845771785392
440,0.0170777941159904,0.6980167765551332,0.6058665774021805,0.7010463107991117,0.7347010558217086,0.6980163339017467,0.997309229590676,84.94616343758322,33.45059409466657,0.0014905496077104049,0.0014905496077104049,0.622929273992089,0.3532915787602013,0.00015056493729281325
441,0.016913985904306175,0.6962686278433963,0.603980991978791,0.6984287134519863,0.7348375010134821,0.6962681903334503,0.9972807494076815,85.75301892107183,33.32956902005456,0.0015256838365034623,0.0015256838365034623,0.6217743121735773,0.36385707320137456,0.00014834165549752873
442,0.016842253435403107,0.6982577233998613,0.6056119599273767,0.7041258262682029,0.732588603542271,0.698257302611389,0.9973577152598988,86.68114061789079,33.3320311145349,0.0014334158463911576,0.0014334158463911576,0.6221179733349179,0.35668462701141834,0.0001461146649625295
443,0.017177393596619368,0.6973237355282023,0.6048925335053355,0.6996490517842837,0.7351451212624934,0.6973233227194711,0.9973055666143243,88.65324289148504,33.419844248078086,0.0015074990012428977,0.0015074990012428977,0.6219349198945565,0.3566739831797101,0.00014388389647661083
444,0.017142062731087208,0.698515698610043,0.605954163718376,0.7052166713613339,0.7326513199897652,0.6985152605286037,0.9973518414930864,86.12361066991633,34.19009444388476,0.0014261332425204191,0.0014261332425204191,0.622386068034261,0.35650337453592906,0.0001416492783201228
445,0.016539018360897897,0.6970909253948114,0.6054608164968985,0.6996181270382791,0.7311377939768136,0.6970904828260907,0.9973202401941473,80.82815419543873,34.144481425935574,0.0014972253279252486,0.0014972253279252486,0.6216707330594627,0.35688809694891627,0.00013941073612839947
446,0.016604072581976652,0.6980368355289102,0.606020913279446,0.7014109555060383,0.734258967494084,0.6980363868642598,0.9973460110751066,81.57430284673518,34.099963767962024,0.0014705874703147194,0.0014705874703147194,0.6217527537833534,0.35666753605685453,0.0001371681927451782
447,0.016623944222927095,0.6978546049530533,0.6056896721023474,0.7040365040672689,0.7297172033735975,0.697854175941426,0.9973488287492231,81.57311365821145,33.58535601334138,0.0014328739859841087,0.0014328739859841087,0.6212546808178145,0.35622045109895145,0.0001349215680650786
448,0.016913200035691262,0.6984013638628478,0.6068821991476315,0.7034222626190801,0.7312990584072064,0.6984009216751226,0.9973552010276101,81.65289506045255,33.38958064534447,0.0014488913796164773,0.0014488913796164773,0.6226058976972126,0.35695133747702296,0.0001326707788641081
449,0.017053186733275653,0.6979702514469285,0.6066006316316568,0.7024788711807394,0.7302754049358721,0.6979698114816777,0.9973463145169345,92.79359930211848,34.155747240239926,0.0014619393782182174,0.0014619393782182174,0.6226001459294408,0.36375753462991933,0.00013041573861703878
450,0.016552997464314104,0.6987502804576334,0.6073870753488418,0.7029359722827476,0.731601838445799,0.6987498389049009,0.9973486987027255,86.32933714173056,34.367351613261484,0.0014516223560680044,0.0014516223560680044,0.6235975040558102,0.35774953510950913,0.00012815635730036785
451,0.016507077097892762,0.6982467504937879,0.6065498268316415,0.7054378912064501,0.7298149217174135,0.6982463101052087,0.9973583004691384,89.11583271893588,34.09204941987991,0.0014212998476895418,0.0014212998476895418,0.6225696239720988,0.3569046143781055,0.00012589254117941672
452,0.016609772622585298,0.6988545987882059,0.6076053260846741,0.7026761922540821,0.7326770407486368,0.6988541571931406,0.9973548325625333,90.6630257693204,34.26625680381601,0.0014578645879572089,0.0014578645879572089,0.6233606085992175,0.3612762950360775,0.0001236241925779498
453,0.016775349812582135,0.6984196467198093,0.6070592144652355,0.7020099702693353,0.7319976363585077,0.6984192082997073,0.9973545941439542,92.6265665401112,33.32483931563117,0.0014589049599387429,0.0014589049599387429,0.6233538730258178,0.35375121066516096,0.00012135120962849047
454,0.01677966843917966,0.6969912314194847,0.605065437912179,0.7015773332889446,0.7304382142610848,0.6969907936343754,0.9973221692171964,84.05323436043479,33.492567869749934,0.001477349888194691,0.001477349888194691,0.6217917092170947,0.3603155892342329,0.00011907348600128
455,0.016260568995028733,0.6984735239000822,0.6072878194496628,0.7010331127411601,0.7342699436386201,0.6984730950260366,0.9973288015885786,86.72804988514294,34.351532302119516,0.0014957731420343573,0.0014957731420343573,0.6230333979808413,0.3612944321198897,0.00011679091060955954
456,0.016504361571744085,0.6971085875464434,0.6054790388284759,0.6979514779099687,0.7348060629499907,0.6971081639851697,0.9972899827090177,90.03654885292053,33.622772536494516,0.0015446056019176137,0.0015446056019176137,0.6215120952044593,0.3604347499256784,0.00011450336728854525
457,0.016699588544666768,0.6987238165668466,0.6077713143419136,0.7005642728710716,0.7354249311611056,0.6987233885817907,0.9973218441009521,88.62006497383118,34.27764043482867,0.0015143697912042792,0.0015143697912042792,0.6235994207573557,0.3616555175659331,0.00011221073444511076
458,0.016218218483030795,0.696973932695321,0.6038262826305899,0.7050146411215379,0.7280004940165038,0.6969734943810512,0.9973260272632946,86.50206323103471,34.12767160480673,0.001402183012528853,0.001402183012528853,0.6210167155751894,0.3561066258698702,0.00010991288467477625
459,0.016134584655985235,0.6999114188788966,0.6097036426759918,0.6974971221590583,0.7438125100240789,0.6999109745956957,0.9973216707056219,107.72495933012529,33.959886664694004,0.001565174622969194,0.001565174622969194,0.6268299562434549,0.36363005909052765,0.00010760968434212009
460,0.01669516509771347,0.6979718889025125,0.6062774588565596,0.7014465820552274,0.735136354638433,0.6979714634997601,0.9973057833584872,85.85456282442266,34.29240796240893,0.001505743373524059,0.001505743373524059,0.6228233068064913,0.3607565000314604,0.00010530099312016371
461,0.01593485764786601,0.6972226718101989,0.605612500496632,0.7033884891054847,0.7263199823739176,0.6972222310194577,0.9973416111686013,89.09916273030368,34.2494289170612,0.0014488697052001953,0.0014488697052001953,0.6220148199334455,0.35310863026163797,0.00010298666348361787
462,0.01605215400643647,0.6979503296738998,0.6062179331625388,0.7024979365523905,0.7315943824889307,0.6979498823427341,0.9973296252163973,95.7318523797122,34.458364286205985,0.0014731450514359908,0.0014731450514359908,0.6223160815941149,0.3569936554201625,0.00010066654015009615
463,0.015988477351143955,0.6980154481293126,0.6060996948085218,0.7025478662690148,0.7324705079451881,0.698015010534701,0.9973343285647306,89.41729584607211,34.17258968678388,0.0014622211456298828,0.0014622211456298828,0.6217978722911952,0.3603368645364588,9.834045946247941e-05
464,0.01597023241966963,0.6979912751862272,0.6069876431508667,0.7004810634534806,0.731905610173602,0.6979908536145971,0.997320066798817,85.49612348729914,34.31771615960381,0.0015060034665194426,0.0015060034665194426,0.6224737873278421,0.3611230482770638,9.600824870451702e-05
465,0.015972832912579178,0.69736155025153,0.6063069513448599,0.6999933691801165,0.7330993449061431,0.6973611105402763,0.9972858862443403,85.91060321981257,34.586216780272395,0.0015339634635231712,0.0015339634635231712,0.6216573543560199,0.36082985709336673,9.366972534044407e-05
466,0.016185806311666967,0.6972897281150587,0.6064418251202865,0.6989807690578428,0.7317437869496644,0.6972892858215015,0.997313759543679,88.8396541855552,34.61900878494436,0.0015192248604514382,0.0015192248604514382,0.6218649918955634,0.3574736963280223,9.132469616782773e-05
467,0.0163856918271631,0.6958315550688315,0.6039388559293002,0.6987298274709081,0.7313093530776148,0.6958311137912626,0.997276631268588,93.14111401818015,34.442029199816965,0.0015267025340687144,0.0015267025340687144,0.6193580109036041,0.35616501420736313,8.897295637097126e-05
468,0.015763217352330685,0.6976339771327648,0.6057783250104297,0.7014793821779842,0.7321528957902708,0.6976335320452397,0.9973257888447155,92.99168890172785,34.43339929255572,0.0014787153764204545,0.0014787153764204545,0.6209019472371438,0.35986061953008175,8.661428845992607e-05
469,0.015583656245842577,0.6981150632597167,0.6058333417485383,0.7033583375053819,0.7340737469071015,0.6981146290305663,0.9973150816830721,92.11701395294882,34.47207708250392,0.0014699805866588247,0.0014699805866588247,0.6210095809993535,0.3595262411981821,8.424846107739114e-05
470,0.015505019444972276,0.6985895670527085,0.6062360156581483,0.7029756109060888,0.7361837667413056,0.6985891377553344,0.997316989031705,88.13376519896768,34.29986257444728,0.0014719963073730469,0.0014719963073730469,0.6212733741009618,0.3597177576951005,8.18752276523933e-05
471,0.016216172784566878,0.6979080427607353,0.6063721806064926,0.7010942077137191,0.7342636146244,0.6979076127860356,0.9973084926605225,85.44510954076594,34.34898547150872,0.0014955130490389738,0.0014955130490389738,0.6212391155687246,0.3566029766066508,7.949432487547622e-05
472,0.01586014092154801,0.6978138893504034,0.6060586848126893,0.7010070755654438,0.7341870446689427,0.6978134388866072,0.9973219307986173,90.05474725636569,34.0916858532212,0.0014894875613125887,0.0014894875613125887,0.6207609167335746,0.3563810107721524,7.710547096497543e-05
473,0.015457654722034931,0.6972028740512376,0.6052043280479583,0.7008501524528996,0.7320717086761512,0.6972024363296275,0.9973139979622581,90.04955135692249,34.29484451358969,0.001485065980391069,0.001485065980391069,0.6204522111458407,0.3596964600411328,7.470836368753417e-05
474,0.015872311383485795,0.6980312381109054,0.6063232623379339,0.7004087289837613,0.7351761908609081,0.6980307997543026,0.9973155151713978,89.90836529298262,34.2009662010453,0.001500801606611772,0.001500801606611772,0.6209313291752054,0.3563779103146358,7.23026780879678e-05
475,0.01578485324792564,0.6982864514416591,0.606535267942077,0.7020699259168892,0.733899288175797,0.6982860306955196,0.9973278045654297,85.92410932887684,34.34995944391597,0.0014836137945001776,0.0014836137945001776,0.6213995667018356,0.35657956366511906,6.988806387340599e-05
476,0.01580180369131267,0.6986664297397841,0.606479057661173,0.7027545994655653,0.7362689929167655,0.6986659876578911,0.9973213455893777,85.86531231620096,34.024554485624485,0.0014834837480024858,0.0014834837480024858,0.6208789165109259,0.3627231087196957,6.746414238367822e-05
477,0.015569031545892358,0.6992995093830607,0.6075786959633909,0.7007743966003711,0.7397441665472632,0.6992990842343054,0.9973234696821733,88.789686831561,33.47533624280583,0.0015008883042768998,0.0015008883042768998,0.6218477679669211,0.3604851139878685,6.503050306324746e-05
478,0.015799051210284232,0.6988232504915107,0.6065591907721352,0.702867858090692,0.7357095169665461,0.698822823818773,0.9973333532159979,85.42107624357396,34.11103052984584,0.0014721046794544566,0.0014721046794544566,0.6212077606872878,0.3526291058144786,6.258669932838723e-05
479,0.016014798637479545,0.6978439556180753,0.6054168554784899,0.7022616171532057,0.7334782363931563,0.6978435270403597,0.9973191781477495,92.34094127741727,33.96443069523031,0.0014766996557062323,0.0014766996557062323,0.6200413559880954,0.3586483782326633,6.01322436949885e-05
480,0.01528964080195874,0.6978102415715429,0.6057165538765151,0.7013562452471391,0.7340418728153136,0.6978098113428463,0.9973130442879417,80.21496761928906,33.518401541493155,0.0014916333285245028,0.0014916333285245028,0.6205941411793571,0.3597661183977669,5.7666601994895854e-05
481,0.015532758163288236,0.6974937159314074,0.6053476671222597,0.7006057517772372,0.7335476239889183,0.697493276939812,0.9973131093111905,92.69173169136047,34.17207089879296,0.0014999129555442116,0.0014999129555442116,0.6200058853110849,0.3590905593538826,5.518918645844863e-05
482,0.015446106523275376,0.6969368321482431,0.6051359135996212,0.7010496396105736,0.730077204506167,0.6969363969666037,0.9973165772177957,88.86434383825822,33.56360519474203,0.0014834620735862038,0.0014834620735862038,0.6200320785058218,0.35633744045414706,5.2699347372755836e-05
483,0.015586637631058694,0.6971467619084499,0.6049126152753491,0.7009750350844115,0.7320498080331493,0.6971463093703444,0.9973140846599232,89.95596194267273,34.16807628219778,0.001482269980690696,0.001482269980690696,0.6197568499747749,0.359062715687535,5.019636293147572e-05
484,0.015537758490070702,0.6974768791009079,0.6051448431204666,0.7034492434256456,0.7303890370425176,0.6974764467132363,0.9973301670768044,91.11661080880599,33.59572843529961,0.0014514923095703125,0.0014514923095703125,0.6199463280790951,0.35884232209487393,4.767942676090328e-05
485,0.015475692570209504,0.6976294931532308,0.6059302843218162,0.7043768666388298,0.7276098302734847,0.6976290509443391,0.9973441904241388,92.60803666981784,33.45622459866784,0.0014370571483265269,0.0014370571483265269,0.6204611926024716,0.3562974472614852,4.5147632421134877e-05
486,0.015427618784829974,0.6973440630192106,0.6054050904296507,0.7028984397713264,0.7291273144073784,0.6973436255515977,0.997331207448786,92.6726573380557,33.49353473294865,0.0014519691467285156,0.0014519691467285156,0.6202685212523317,0.3525231043723496,4.259995391188707e-05
487,0.015423702582716942,0.6979270503136583,0.606213445933959,0.7029135460669006,0.7310756292109463,0.6979266192171384,0.9973286281932484,92.13418459892273,33.54989968104796,0.0014644102616743608,0.0014644102616743608,0.621102228093977,0.3562706349925561,4.003522081490459e-05
488,0.015398796679452062,0.6977524145252325,0.6052911648399789,0.7030616290020671,0.7318470459008082,0.6977519748986445,0.997324835170399,92.6957287571647,33.52330218120055,0.0014634132385253906,0.0014634132385253906,0.6203532269183515,0.3522810973227024,3.745208610377897e-05
489,0.015478731751441956,0.6974310431714085,0.6052257248454473,0.702134031357921,0.7306868672286245,0.6974305999041959,0.9973224293101918,91.66294897686352,33.58568662405014,0.0014730366793545809,0.0014730366793545809,0.6202266656261848,0.3525091347030618,3.484898371928687e-05
490,0.015473035167902709,0.6975314919836819,0.6054096910361708,0.7024323545946655,0.7302582944235341,0.6975310537752442,0.9973241632634943,90.99342755837874,33.53426148132844,0.0014661008661443536,0.0014661008661443536,0.6203608641570265,0.35246114669875667,3.2224071517527e-05
491,0.01528506513312459,0.6973242488774386,0.6052268222609366,0.7027743391438641,0.7297885534353554,0.6973238105208359,0.9973263307051226,91.98648858070374,33.46900149908933,0.0014605955644087358,0.0014605955644087358,0.6200509508522704,0.35243505679748277,2.9575152732566297e-05
492,0.015162325439043342,0.6973803243176504,0.6051556782542982,0.7023129989393055,0.7311346742155199,0.6973798921416429,0.9973238164728339,92.86627381498164,33.4627479152246,0.0014671412381258879,0.0014671412381258879,0.6200959533664652,0.3524151427501982,2.6899564852898082e-05
493,0.015505985453724861,0.6974499309858815,0.6052211102267558,0.7024152584119954,0.7309805359268053,0.6974494984288785,0.9973275227980181,93.23202018304305,33.526285821741276,0.001459901983087713,0.001459901983087713,0.6200338518445444,0.35585393248633906,2.419401716265777e-05
494,0.015381427358835936,0.6972700119949877,0.6049858349883421,0.7030466817827388,0.7298576304773715,0.6972695917145095,0.9973250952633944,91.58941908316179,33.496027139100164,0.0014553937045010653,0.0014553937045010653,0.6198282675422061,0.3522728554565798,2.1454343618097682e-05
495,0.015516577465459704,0.6972207071852278,0.6050442250191488,0.7021768244025721,0.7305957418866456,0.697220266923647,0.9973192865198309,92.84085102514787,34.00812215696681,0.0014692219820889559,0.0014692219820889559,0.6199551978702815,0.35233569551597943,1.86751079733455e-05
496,0.015365568357519805,0.6972706259905614,0.6053544083102183,0.7021281321702356,0.7298847851343453,0.6972701850516553,0.9973209554498846,92.66380151835355,33.53250914812088,0.001471324400468306,0.001471324400468306,0.62003114526041,0.35243433188985696,1.5848931924611145e-05
497,0.015329881373792887,0.6973108763129197,0.6051412967499346,0.7025299623439257,0.7303357762284577,0.6973104312677275,0.9973235130310059,91.55387984622608,33.56281104412946,0.0014655373313210227,0.0014655373313210227,0.619977291013294,0.3559023859826001,1.2965252773542109e-05
498,0.015086731318384408,0.6975142367776822,0.6051555189346387,0.7025598246307875,0.7321377932940695,0.6975137859328904,0.997320521961559,92.8294989195737,33.55497634952719,0.0014669678427956321,0.0014669678427956321,0.6200078490225926,0.3522577155381441,1.0007742567915822e-05
499,0.015076247571967542,0.6973048531958326,0.6049673219253733,0.7023198955099691,0.7315733847208321,0.6973044081506404,0.9973157535899769,92.81870891831137,33.580929122187875,0.0014720179817893288,0.0014720179817893288,0.6198885878673702,0.35230955718593165,6.947906928878752e-06
500,0.01538184327352792,0.697315136436373,0.6050091804301535,0.7023487759500064,0.7312488821335137,0.6973147079856559,0.9973174225200306,92.81870891831137,33.52535280314359,0.0014710426330566406,0.0014710426330566406,0.620006130605444,0.35591281493279064,3.7232911332721414e-06
